Order_ID,Order_Date,Customer_ID,Customer_Name,Gender,Age,City,State,Region,Product_ID,Product_Name,Category,Sub_Category,Quantity,Unit_Price,Discount,Sales_Amount,Payment_Method,Order_Status,Customer_Type
O100001,2025-12-25,C1289,Customer 1289,Male,42,Vadodara,Gujarat,West,P2070,Men Product 2070,Fashion,Men,1,49797.81,0.15,42328.14,UPI,Completed,Returning
O100002,2025-11-30,C1001,Customer 1001,Male,40,Hyderabad,Telangana,South,P2079,Laptops Product 2079,Electronics,Laptops,1,12821.16,0.05,12180.1,Net Banking,Returned,Returning
O100003,2025-06-18,C1147,Customer 1147,Male,42,Salem,Tamil Nadu,South,P2057,Skincare Product 2057,Beauty,Skincare,1,63514.52,0.15,53987.34,Debit Card,Completed,Returning
O100004,2025-12-05,C1287,Customer 1287,Male,22,Jodhpur,Rajasthan,North,P2020,Footwear Product 2020,Fashion,Footwear,3,47078.66,0.15,120050.58,Net Banking,Completed,Returning
O100005,2025-09-18,C1464,Customer 1464,Male,34,Mysuru,Karnataka,South,P2009,Skincare Product 2009,Beauty,Skincare,1,22588.57,0.1,20329.71,Net Banking,Completed,Returning
O100006,2025-07-18,C1142,Customer 1142,Male,32,Coimbatore,Tamil Nadu,South,P2032,Mobiles Product 2032,Electronics,Mobiles,4,7978.59,0.1,28722.92,Debit Card,Cancelled,Returning
O100007,2025-07-30,C1053,Customer 1053,Male,27,Lucknow,Uttar Pradesh,North,P2004,Kitchen Product 2004,Home & Kitchen,Kitchen,2,1952.63,0.1,3514.73,Cash on Delivery,Completed,Returning
O100008,2025-10-14,C1304,Customer 1304,Female,27,Kanpur,Uttar Pradesh,North,P2050,Fitness Product 2050,Sports,Fitness,3,13904.21,0.2,33370.1,Debit Card,Completed,Returning
O100009,2026-04-17,C1069,Customer 1069,Female,45,Salem,Tamil Nadu,South,P2082,Makeup Product 2082,Beauty,Makeup,1,65159.86,0.15,55385.88,Debit Card,Completed,Returning
O100010,2026-04-27,C1361,Customer 1361,Female,33,Nagpur,Maharashtra,West,P2005,Appliances Product 2005,Home & Kitchen,Appliances,1,61463.29,0.2,49170.63,Credit Card,Completed,Returning
O100011,2025-01-23,C1090,Customer 1090,Female,35,Mysuru,Karnataka,South,P2020,Footwear Product 2020,Fashion,Footwear,4,47078.66,0.05,178898.91,Cash on Delivery,Completed,New
O100012,2026-07-14,C1446,Customer 1446,Male,24,Ahmedabad,Gujarat,West,P2087,Kitchen Product 2087,Home & Kitchen,Kitchen,1,43974.9,0.05,41776.16,Net Banking,Completed,Returning
O100013,2025-04-19,C1220,Customer 1220,Male,30,New Delhi,Delhi,North,P2075,Laptops Product 2075,Electronics,Laptops,1,5790.21,0,5790.21,UPI,Completed,Returning
O100014,2025-10-23,C1450,Customer 1450,Female,53,Kanpur,Uttar Pradesh,North,P2037,Haircare Product 2037,Beauty,Haircare,1,29950.17,0.1,26955.15,Debit Card,Cancelled,Returning
O100015,2025-01-06,C1498,Customer 1498,Female,22,New Delhi,Delhi,North,P2022,Outdoor Product 2022,Sports,Outdoor,4,34818.67,0.2,111419.74,Cash on Delivery,Completed,New
O100016,2026-07-04,C1192,Customer 1192,Male,55,Hyderabad,Telangana,South,P2058,Women Product 2058,Fashion,Women,2,74077.42,0.05,140747.1,Net Banking,Completed,Returning
O100017,2025-07-22,C1454,Customer 1454,Female,28,Jaipur,Rajasthan,North,P2068,Furniture Product 2068,Home & Kitchen,Furniture,2,37073.16,0,74146.32,Cash on Delivery,Completed,Returning
O100018,2025-11-21,,Customer 1063,Male,32,Ahmedabad,Gujarat,West,P2093,Furniture Product 2093,Home & Kitchen,Furniture,2,15378.45,0,30756.9,UPI,Completed,Returning
O100019,2025-09-01,C1073,Customer 1073,Male,28,Ahmedabad,Gujarat,West,P2044,Makeup Product 2044,Beauty,Makeup,1,61167.44,0.1,55050.7,Credit Card,Completed,Returning
O100020,2025-11-23,C1161,Customer 1161,Male,55,New Delhi,Delhi,North,P2034,Men Product 2034,Fashion,Men,2,42105.76,0,84211.52,Credit Card,Completed,Returning
O100021,2025-02-16,C1169,Customer 1169,Male,54,Ahmedabad,Gujarat,West,P2077,Men Product 2077,Fashion,Men,1,32487.3,0.05,30862.94,UPI,Completed,Returning
O100022,2026-08-14,C1089,Customer 1089,Female,45,New Delhi,Delhi,North,P2042,Sportswear Product 2042,Sports,Sportswear,3,46086.93,0.15,117521.67,Credit Card,Completed,Returning
O100023,2025-01-13,C1176,Customer 1176,Female,42,Warangal,Telangana,South,P2009,Skincare Product 2009,Beauty,Skincare,1,22588.57,0.05,21459.14,Credit Card,Completed,New
O100024,2026-01-15,C1269,Customer 1269,Male,57,Kolkata,West Bengal,East,P2095,Skincare Product 2095,Beauty,Skincare,1,33448.14,0.1,30103.33,UPI,Completed,Returning
O100025,2025-12-31,C1073,Customer 1073,Male,28,Ahmedabad,Gujarat,West,P2007,Mobiles Product 2007,Electronics,Mobiles,2,70839.48,0.1,127511.06,UPI,Completed,Returning
O100026,2026-08-25,C1245,Customer 1245,Male,55,Mumbai,Maharashtra,West,P2068,Furniture Product 2068,Home & Kitchen,Furniture,1,37073.16,0.15,31512.19,UPI,Completed,Returning
O100027,2025-12-08,C1077,Customer 1077,Female,53,Cuttack,Odisha,East,P2019,Accessories Product 2019,Electronics,Accessories,2,34190.91,0,68381.82,Debit Card,Completed,Returning
O100028,2025-08-09,C1159,Customer 1159,Male,30,Udaipur,Rajasthan,North,P2094,Women Product 2094,Fashion,Women,1,14369.68,0.2,11495.74,Credit Card,Returned,Returning
O100029,2025-03-14,C1489,Customer 1489,Male,41,Warangal,Telangana,South,P2031,Makeup Product 2031,Beauty,Makeup,1,36193.87,0.1,32574.48,UPI,Completed,Returning
O100030,2025-02-15,C1459,Customer 1459,Male,45,Cuttack,Odisha,East,P2035,Mobiles Product 2035,Electronics,Mobiles,1,38973.06,0.05,37024.41,Credit Card,Completed,Returning
O100031,2026-05-19,C1324,Customer 1324,Female,21,Kozhikode,Kerala,South,P2057,Skincare Product 2057,Beauty,Skincare,2,63514.52,0,127029.04,UPI,Completed,Returning
O100032,2025-10-01,C1098,Customer 1098,Female,24,New Delhi,Delhi,North,P2085,Fitness Product 2085,Sports,Fitness,1,48108.22,0,48108.22,Cash on Delivery,Completed,Returning
O100033,2026-07-09,C1381,Customer 1381,Female,49,Jaipur,Rajasthan,North,P2061,Women Product 2061,Fashion,Women,2,44949.95,0.15,76414.91,UPI,Completed,Returning
O100034,2025-07-27,C1102,Customer 1102,Female,45,Coimbatore,Tamil Nadu,South,P2031,Makeup Product 2031,Beauty,Makeup,1,36193.87,0.1,32574.48,Cash on Delivery,Completed,Returning
O100035,2025-05-04,C1494,Customer 1494,Female,39,Kochi,Kerala,South,P2083,Mobiles Product 2083,Electronics,Mobiles,1,2853.83,0.05,2711.14,Credit Card,Completed,Returning
O100036,2025-01-10,C1132,Customer 1132,Male,52,Noida,Uttar Pradesh,North,P2095,Skincare Product 2095,Beauty,Skincare,1,33448.14,0.05,31775.73,Net Banking,Completed,New
O100037,2025-11-25,C1102,Customer 1102,Female,45,Coimbatore,Tamil Nadu,South,P2053,Mobiles Product 2053,Electronics,Mobiles,4,37147.78,0.2,118872.9,UPI,Returned,Returning
O100038,2025-07-06,C1019,Customer 1019,Female,36,Vadodara,Gujarat,West,P2032,Mobiles Product 2032,Electronics,Mobiles,2,7978.59,0.2,12765.74,UPI,Completed,Returning
O100039,2026-06-27,C1454,Customer 1454,Female,28,Jaipur,Rajasthan,North,P2066,Furniture Product 2066,Home & Kitchen,Furniture,1,13722.33,0.1,12350.1,Net Banking,Completed,Returning
O100040,2025-03-01,C1482,Customer 1482,Female,44,Hyderabad,Telangana,South,P2059,Mobiles Product 2059,Electronics,Mobiles,2,38695.49,0.1,69651.88,UPI,Completed,Returning
O100041,2026-03-18,C1082,Customer 1082,Female,35,New Delhi,Delhi,North,P2010,Sportswear Product 2010,Sports,Sportswear,3,51133.3,0.15,130389.92,Debit Card,Completed,Returning
O100042,2025-08-05,C1397,Customer 1397,Female,34,Kochi,Kerala,South,P2002,Sportswear Product 2002,Sports,Sportswear,1,72675.18,0.15,61773.9,Credit Card,Completed,Returning
O100043,2025-01-02,C1489,Customer 1489,Male,41,Warangal,Telangana,South,P2066,Furniture Product 2066,Home & Kitchen,Furniture,3,13722.33,0.05,39108.64,Debit Card,Completed,New
O100044,2026-06-20,C1279,Customer 1279,Male,38,Bhubaneswar,Odisha,East,P2060,Women Product 2060,Fashion,Women,0,54476.75,0,54476.75,Cash on Delivery,Completed,Returning
O100045,2025-12-22,C1339,Customer 1339,Female,52,Kolkata,West Bengal,East,P2088,Men Product 2088,Fashion,Men,3,36148.31,0.15,92178.19,Cash on Delivery,Completed,Returning
O100046,2025-06-14,C1365,Customer 1365,Male,23,Patna,Bihar,East,P2017,Appliances Product 2017,Home & Kitchen,Appliances,2,35523.47,0,71046.94,Credit Card,Completed,New
O100047,2025-04-01,C1331,Customer 1331,Male,51,Vadodara,Gujarat,West,P2096,Outdoor Product 2096,Sports,Outdoor,1,19371.4,0,19371.4,Credit Card,Completed,Returning
O100048,2025-06-16,C1129,Customer 1129,Female,43,Cuttack,Odisha,East,P2016,Mobiles Product 2016,Electronics,Mobiles,1,48979.51,0.15,41632.58,Cash on Delivery,Completed,Returning
O100049,2025-07-26,C1344,Customer 1344,Female,40,Salem,Tamil Nadu,South,P2016,Mobiles Product 2016,Electronics,Mobiles,5,48979.51,0.1,220407.8,Net Banking,Completed,Returning
O100050,2025-10-09,C1310,Customer 1310,Female,46,New Delhi,Delhi,North,P2046,Appliances Product 2046,Home & Kitchen,Appliances,3,3344.33,0.2,8026.39,UPI,Completed,Returning
O100051,2025-03-06,C1455,Customer 1455,Male,45,Mumbai,Maharashtra,West,P2039,Footwear Product 2039,Fashion,Footwear,2,15251.22,0.1,27452.2,Debit Card,Completed,New
O100052,2026-05-31,C1089,Customer 1089,Female,45,New Delhi,Delhi,North,P2031,Makeup Product 2031,Beauty,Makeup,1,36193.87,0.2,28955.1,UPI,Returned,Returning
O100053,2025-06-06,C1213,Customer 1213,Male,58,Cuttack,Odisha,East,P2088,Men Product 2088,Fashion,Men,1,36148.31,0.05,34340.89,Cash on Delivery,Completed,Returning
O100054,2025-11-02,C1143,Customer 1143,Female,31,Udaipur,Rajasthan,North,P2001,Accessories Product 2001,Electronics,Accessories,1,63975.38,0.15,54379.07,UPI,Completed,Returning
O100055,2026-01-30,C1065,Customer 1065,Male,38,Thrissur,Kerala,South,P2011,Footwear Product 2011,Fashion,Footwear,1,65143.66,0.05,61886.48,Credit Card,Completed,Returning
O100056,2025-03-15,C1076,Customer 1076,Female,20,Hyderabad,Telangana,South,P2085,Fitness Product 2085,Sports,Fitness,2,48108.22,0,96216.44,Debit Card,Completed,Returning
O100057,2025-07-06,C1199,Customer 1199,Male,47,Hyderabad,Telangana,South,P2004,Kitchen Product 2004,Home & Kitchen,Kitchen,3,1952.63,0.05,5565,Cash on Delivery,Completed,Returning
O100058,2026-07-28,C1143,Customer 1143,Female,31,Udaipur,Rajasthan,North,P2071,Mobiles Product 2071,Electronics,Mobiles,2,29513.79,0.15,50173.44,Net Banking,Completed,Returning
O100059,2025-12-03,C1405,Customer 1405,Female,36,Noida,Uttar Pradesh,North,P2026,Furniture Product 2026,Home & Kitchen,Furniture,1,59877.66,0,59877.66,UPI,Completed,Returning
O100060,2026-07-22,C1403,Customer 1403,Male,34,Mumbai,Maharashtra,West,P2050,Fitness Product 2050,Sports,Fitness,2,13904.21,0.1,25027.58,Debit Card,Completed,Returning
O100061,2025-08-28,C1316,Customer 1316,Female,47,Cuttack,Odisha,East,P2012,Fitness Product 2012,Sports,Fitness,4,70788.11,0,283152.44,Cash on Delivery,Completed,Returning
O100062,2026-06-17,C1093,Customer 1093,Female,48,Pune,Maharashtra,West,P2095,Skincare Product 2095,Beauty,Skincare,2,33448.14,0,66896.28,Debit Card,Returned,Returning
O100063,2025-05-21,C1473,Customer 1473,Male,45,Patna,Bihar,East,P2081,Men Product 2081,Fashion,Men,2,63359.53,0.1,114047.15,Debit Card,Completed,New
O100064,2025-09-22,C1417,Customer 1417,Male,25,New Delhi,Delhi,North,P2097,Footwear Product 2097,Fashion,Footwear,4,70862.68,0.25,212588.04,Net Banking,Completed,Returning
O100065,2025-05-19,C1305,Customer 1305,Female,47,Madurai,Tamil Nadu,South,P2075,Laptops Product 2075,Electronics,Laptops,3,5790.21,0.05,16502.1,UPI,Completed,Returning
O100066,2026-04-04,C1224,Customer 1224,Female,29,Patna,Bihar,East,P2092,Footwear Product 2092,Fashion,Footwear,1,2539.03,0.1,2285.13,Debit Card,Cancelled,Returning
O100067,2025-03-11,C1497,Customer 1497,Male,29,Jodhpur,Rajasthan,North,P2096,Outdoor Product 2096,Sports,Outdoor,1,19371.4,0.25,14528.55,UPI,Completed,Returning
O100068,2026-01-20,C1291,Customer 1291,Male,31,New Delhi,Delhi,North,P2065,Makeup Product 2065,Beauty,Makeup,4,58267.22,0.1,209761.99,Credit Card,Cancelled,Returning
O100069,2025-07-17,C1428,Customer 1428,Female,59,Jaipur,Rajasthan,North,P2047,Laptops Product 2047,Electronics,Laptops,2,6397.76,0.15,10876.19,Cash on Delivery,Completed,Returning
O100070,2025-07-24,C1102,Customer 1102,Female,45,Coimbatore,Tamil Nadu,South,P2092,Footwear Product 2092,Fashion,Footwear,1,2539.03,0,2539.03,UPI,Completed,Returning
O100071,2026-07-22,C1474,Customer 1474,Female,33,Kolkata,West Bengal,East,P2053,Mobiles Product 2053,Electronics,Mobiles,1,37147.78,0.1,33433,Credit Card,Completed,Returning
O100072,2026-03-07,C1267,Customer 1267,Female,44,Warangal,Telangana,South,P2071,Mobiles Product 2071,Electronics,Mobiles,2,29513.79,0.05,56076.2,UPI,Completed,Returning
O100073,2025-11-21,C1355,Customer 1355,Female,56,New Delhi,Delhi,North,P2002,Sportswear Product 2002,Sports,Sportswear,5,72675.18,0.1,327038.31,UPI,Completed,Returning
O100074,2026-03-18,C1456,Customer 1456,Male,41,Kolkata,West Bengal,East,P2024,Men Product 2024,Fashion,Men,1,15279.2,0.15,12987.32,Net Banking,Completed,Returning
O100075,2025-10-15,C1110,Customer 1110,Male,29,Kanpur,Uttar Pradesh,North,P2004,Kitchen Product 2004,Home & Kitchen,Kitchen,2,1952.63,0.1,3514.73,Debit Card,Completed,Returning
O100076,2025-08-14,C1462,Customer 1462,Male,27,Cuttack,Odisha,East,P2019,Accessories Product 2019,Electronics,Accessories,3,34190.91,0,102572.73,UPI,Completed,Returning
O100077,2025-03-05,C1330,Customer 1330,Female,37,Bengaluru,Karnataka,South,P2026,Furniture Product 2026,Home & Kitchen,Furniture,1,59877.66,0.2,47902.13,Credit Card,Completed,Returning
O100078,2026-07-14,C1450,Customer 1450,Female,53,Kanpur,Uttar Pradesh,North,P2075,Laptops Product 2075,Electronics,Laptops,1,5790.21,0.1,5211.19,Credit Card,Completed,Returning
O100079,2026-05-13,C1430,Customer 1430,Female,44,Vadodara,Gujarat,West,P2040,Mobiles Product 2040,Electronics,Mobiles,4,71380.78,0.2,228418.5,UPI,Completed,Returning
O100080,2025-03-01,C1265,Customer 1265,Male,32,Noida,Uttar Pradesh,North,P2050,Fitness Product 2050,Sports,Fitness,2,13904.21,0.1,25027.58,Net Banking,Completed,Returning
O100081,2026-02-01,C1003,Customer 1003,Male,42,Mysuru,Karnataka,South,P2043,Furniture Product 2043,Home & Kitchen,Furniture,2,47010.26,0,94020.52,Credit Card,Returned,Returning
O100082,2025-09-14,C1085,Customer 1085,Male,41,Udaipur,Rajasthan,North,P2075,Laptops Product 2075,Electronics,Laptops,2,5790.21,0.1,10422.38,Net Banking,Completed,Returning
O100083,2026-07-31,C1282,Customer 1282,Female,60,Cuttack,Odisha,East,P2067,Laptops Product 2067,Electronics,Laptops,1,38592.36,0.1,34733.12,UPI,Completed,Returning
O100084,2025-08-27,C1328,Customer 1328,Male,52,Patna,Bihar,East,P2012,Fitness Product 2012,Sports,Fitness,4,70788.11,0,283152.44,UPI,Completed,Returning
O100085,2025-02-07,C1304,Customer 1304,Female,27,Kanpur,Uttar Pradesh,North,P2067,Laptops Product 2067,Electronics,Laptops,1,38592.36,0.1,34733.12,UPI,Completed,New
O100086,2025-01-25,C1450,Customer 1450,Female,53,Kanpur,Uttar Pradesh,North,P2027,Kitchen Product 2027,Home & Kitchen,Kitchen,1,11473.67,0.1,10326.3,UPI,Completed,New
O100087,2026-02-14,C1454,Customer 1454,Female,28,Jaipur,Rajasthan,North,P2054,Accessories Product 2054,Electronics,Accessories,1,51113.05,0.1,46001.74,Cash on Delivery,Completed,Returning
O100088,2026-04-06,C1412,Customer 1412,Female,36,Ahmedabad,Gujarat,West,P2066,Furniture Product 2066,Home & Kitchen,Furniture,1,13722.33,0.05,13036.21,UPI,Completed,Returning
O100089,2026-07-25,C1117,Customer 1117,Male,51,Vadodara,Gujarat,West,P2049,Appliances Product 2049,Home & Kitchen,Appliances,3,16675.28,0.1,-1250,UPI,Completed,Returning
O100090,2026-02-21,C1221,Customer 1221,Male,37,Patna,Bihar,East,P2016,Mobiles Product 2016,Electronics,Mobiles,3,48979.51,0.05,139591.6,Cash on Delivery,Completed,Returning
O100091,2025-12-23,C1154,Customer 1154,Male,45,Udaipur,Rajasthan,North,P2002,Sportswear Product 2002,Sports,Sportswear,4,72675.18,0.1,261630.65,Debit Card,Completed,Returning
O100092,2026-01-18,C1153,Customer 1153,Male,29,Kochi,Kerala,South,P2060,Women Product 2060,Fashion,Women,1,54476.75,0,54476.75,UPI,Completed,Returning
O100093,2025-06-07,C1012,Customer 1012,Male,51,Vadodara,Gujarat,West,P2054,Accessories Product 2054,Electronics,Accessories,2,51113.05,0,102226.1,Cash on Delivery,Completed,Returning
O100094,2026-07-23,C1133,Customer 1133,Male,52,Kolkata,West Bengal,East,P2030,Men Product 2030,Fashion,Men,2,64551.14,0.05,122647.17,UPI,Completed,Returning
O100095,2026-03-09,C1482,Customer 1482,Female,44,Hyderabad,Telangana,South,P2084,Fitness Product 2084,Sports,Fitness,3,39978.36,0.05,113938.33,Net Banking,Completed,Returning
O100096,2025-02-17,C1304,Customer 1304,Female,27,Kanpur,Uttar Pradesh,North,P2038,Accessories Product 2038,Electronics,Accessories,2,15304.17,0.05,29077.92,UPI,Completed,Returning
O100097,2025-11-24,C1293,Customer 1293,Male,51,Coimbatore,Tamil Nadu,South,P2028,Furniture Product 2028,Home & Kitchen,Furniture,1,29619.27,0.25,22214.45,Debit Card,Completed,Returning
O100098,2026-03-09,C1463,Customer 1463,Female,54,New Delhi,Delhi,North,P2025,Footwear Product 2025,Fashion,Footwear,1,48968.5,0.1,44071.65,Credit Card,Completed,Returning
O100099,2026-03-07,C1300,Customer 1300,Female,27,Salem,Tamil Nadu,South,P2096,Outdoor Product 2096,Sports,Outdoor,1,19371.4,0.1,17434.26,UPI,Completed,Returning
O100100,2025-02-25,C1228,Customer 1228,Female,32,New Delhi,Delhi,North,P2010,Sportswear Product 2010,Sports,Sportswear,2,51133.3,0.2,81813.28,Debit Card,Completed,Returning
O100101,2026-07-31,C1271,Customer 1271,Female,51,Ahmedabad,Gujarat,West,P2060,Women Product 2060,Fashion,Women,4,54476.75,0.2,174325.6,Debit Card,Completed,Returning
O100102,2025-09-25,C1043,Customer 1043,Female,51,Warangal,Telangana,South,P2042,Sportswear Product 2042,Sports,Sportswear,1,46086.93,0.2,36869.54,Net Banking,Completed,Returning
O100103,2025-03-10,C1432,Customer 1432,Female,51,Cuttack,Odisha,East,P2040,Mobiles Product 2040,Electronics,Mobiles,1,71380.78,0,71380.78,Cash on Delivery,Completed,Returning
O100104,2026-08-24,C1343,Customer 1343,Male,20,Patna,Bihar,East,P2097,Footwear Product 2097,Fashion,Footwear,1,70862.68,0.1,63776.41,Credit Card,Completed,Returning
O100105,2026-03-25,C1326,Customer 1326,Female,49,Mysuru,Karnataka,South,P2077,Men Product 2077,Fashion,Men,3,32487.3,0.15,82842.61,Credit Card,Returned,Returning
O100106,2025-09-14,C1302,Customer 1302,Male,55,Chennai,Tamil Nadu,South,P2042,Sportswear Product 2042,Sports,Sportswear,1,46086.93,0.15,39173.89,Debit Card,Completed,Returning
O100107,2026-05-05,C1498,Customer 1498,Female,22,New Delhi,Delhi,North,P2047,Laptops Product 2047,Electronics,Laptops,1,6397.76,0.1,5757.98,Debit Card,Completed,Returning
O100108,2025-02-18,C1364,Customer 1364,Female,32,Salem,Tamil Nadu,South,P2037,Haircare Product 2037,Beauty,Haircare,1,29950.17,0,29950.17,Credit Card,Cancelled,Returning
O100109,2025-11-12,C1379,Customer 1379,Female,24,Jaipur,Rajasthan,North,P2080,Mobiles Product 2080,Electronics,Mobiles,2,26947.88,0.25,40421.82,Credit Card,Completed,Returning
O100110,2026-02-17,C1427,Customer 1427,Male,23,Kanpur,Uttar Pradesh,North,P2022,Outdoor Product 2022,Sports,Outdoor,2,34818.67,0.1,62673.61,Debit Card,Completed,Returning
O100111,2026-03-10,C1493,Customer 1493,Male,32,New Delhi,Delhi,North,P2057,Skincare Product 2057,Beauty,Skincare,2,63514.52,0.05,120677.59,Cash on Delivery,Completed,Returning
O100112,2025-01-02,C1021,Customer 1021,Female,52,Lucknow,Uttar Pradesh,North,P2084,Fitness Product 2084,Sports,Fitness,1,39978.36,0.05,37979.44,Debit Card,Completed,New
O100113,2025-05-25,C1407,Customer 1407,Female,48,Mumbai,Maharashtra,West,P2027,Kitchen Product 2027,Home & Kitchen,Kitchen,1,11473.67,0.1,10326.3,UPI,Completed,Returning
O100114,2026-01-01,C1107,Customer 1107,Female,49,Pune,Maharashtra,West,P2041,Accessories Product 2041,Electronics,Accessories,1,2659.49,0.05,2526.52,Debit Card,Completed,Returning
O100115,2026-02-24,C1336,Customer 1336,Female,41,Jodhpur,Rajasthan,North,P2080,Mobiles Product 2080,Electronics,Mobiles,1,26947.88,0.05,25600.49,Net Banking,Completed,Returning
O100116,2026-07-27,C1303,Customer 1303,Male,45,Hyderabad,Telangana,South,P2034,Men Product 2034,Fashion,Men,1,42105.76,0.25,31579.32,Net Banking,Completed,Returning
O100117,2026-07-15,C1117,Customer 1117,Male,51,Vadodara,Gujarat,West,P2032,Mobiles Product 2032,Electronics,Mobiles,1,7978.59,0.05,7579.66,Net Banking,Completed,Returning
O100118,2026-03-20,C1124,Customer 1124,Male,21,Kozhikode,Kerala,South,P2090,Men Product 2090,Fashion,Men,2,43634.38,0.1,78541.88,Cash on Delivery,Completed,Returning
O100119,2026-03-10,C1399,Customer 1399,Female,53,Jodhpur,Rajasthan,North,P2089,Women Product 2089,Fashion,Women,1,71400.34,0.15,60690.29,UPI,Completed,Returning
O100120,2026-07-09,C1281,Customer 1281,Female,37,Patna,Bihar,East,P2066,Furniture Product 2066,Home & Kitchen,Furniture,1,13722.33,0.1,12350.1,Credit Card,Completed,Returning
O100121,2025-02-26,C1292,Customer 1292,Male,29,Chennai,Tamil Nadu,South,P2012,Fitness Product 2012,Sports,Fitness,3,70788.11,0.05,201746.11,Net Banking,Completed,Returning
O100122,2026-07-16,C1203,Customer 1203,Male,35,Mumbai,Maharashtra,West,P2040,Mobiles Product 2040,Electronics,Mobiles,2,71380.78,0.1,128485.4,UPI,Completed,Returning
O100123,2025-06-27,C1051,Customer 1051,Male,56,Vadodara,Gujarat,West,P2073,Mobiles Product 2073,Electronics,Mobiles,2,58078.44,0,116156.88,Credit Card,Completed,Returning
O100124,2025-10-20,C1271,Customer 1271,Female,51,Ahmedabad,Gujarat,West,P2076,Laptops Product 2076,Electronics,Laptops,3,33823.68,0,101471.04,Net Banking,Completed,Returning
O100125,2025-02-15,C1324,Customer 1324,Female,21,Kozhikode,Kerala,South,P2090,Men Product 2090,Fashion,Men,1,43634.38,0.15,37089.22,Net Banking,Returned,New
O100126,2025-06-19,C1277,Customer 1277,Male,55,Cuttack,Odisha,East,P2073,Mobiles Product 2073,Electronics,Mobiles,3,58078.44,0.2,139388.26,Cash on Delivery,Completed,Returning
O100127,2025-09-28,C1141,Customer 1141,Female,48,Ahmedabad,Gujarat,West,P2010,Sportswear Product 2010,,Sportswear,2,51133.3,0.15,86926.61,Cash on Delivery,Completed,Returning
O100128,2026-02-21,C1470,Customer 1470,Female,33,Coimbatore,Tamil Nadu,South,P2096,Outdoor Product 2096,Sports,Outdoor,1,19371.4,0,19371.4,UPI,Completed,Returning
O100129,2025-05-19,C1275,Customer 1275,Male,30,Cuttack,Odisha,East,P2098,Women Product 2098,Fashion,Women,1,18537.8,0.05,17610.91,Cash on Delivery,Completed,Returning
O100130,2025-09-04,C1290,Customer 1290,Female,30,Pune,Maharashtra,West,P2048,Accessories Product 2048,Electronics,Accessories,2,48876.98,0,97753.96,UPI,Completed,Returning
O100131,2025-05-28,C1334,Customer 1334,Male,45,Salem,Tamil Nadu,South,P2020,Footwear Product 2020,Fashion,Footwear,1,47078.66,0.1,42370.79,Debit Card,Cancelled,New
O100132,2025-08-18,C1381,Customer 1381,Female,49,Jaipur,Rajasthan,North,P2039,Footwear Product 2039,Fashion,Footwear,1,15251.22,0,15251.22,UPI,Completed,Returning
O100133,2026-01-09,C1452,Customer 1452,Female,45,Kolkata,West Bengal,East,P2060,Women Product 2060,Fashion,Women,1,54476.75,0.2,43581.4,UPI,Completed,Returning
O100134,2025-03-21,C1496,Customer 1496,Male,23,Bengaluru,Karnataka,South,P2066,Furniture Product 2066,Home & Kitchen,Furniture,1,13722.33,0,13722.33,Cash on Delivery,Completed,New
O100135,2026-08-29,C1373,Customer 1373,Female,58,Hyderabad,Telangana,South,P2065,Makeup Product 2065,Beauty,Makeup,1,58267.22,0,58267.22,UPI,Completed,Returning
O100136,2025-03-06,C1052,Customer 1052,Female,52,Kozhikode,Kerala,South,P2051,Makeup Product 2051,Beauty,Makeup,1,3561.53,0.1,3205.38,Debit Card,Completed,New
O100137,2025-03-29,C1494,Customer 1494,Female,39,Kochi,Kerala,South,P2036,Mobiles Product 2036,Electronics,Mobiles,1,6463.39,0,6463.39,UPI,Completed,Returning
O100138,2025-03-29,C1027,Customer 1027,Female,44,Ahmedabad,Gujarat,West,P2024,Men Product 2024,Fashion,Men,1,15279.2,0.15,12987.32,UPI,Completed,New
O100139,2025-07-23,C1157,Customer 1157,Male,26,Vadodara,Gujarat,West,P2027,Kitchen Product 2027,Home & Kitchen,Kitchen,2,11473.67,0.2,18357.87,UPI,Completed,Returning
O100140,2026-01-17,C1239,Customer 1239,Male,20,Kanpur,Uttar Pradesh,North,P2002,Sportswear Product 2002,Sports,Sportswear,1,72675.18,0,72675.18,Debit Card,Completed,Returning
O100141,2026-08-24,C1156,Customer 1156,Female,60,Vadodara,Gujarat,West,P2031,Makeup Product 2031,Beauty,Makeup,3,36193.87,0.05,103152.53,UPI,Completed,Returning
O100142,2026-04-21,C1291,Customer 1291,Male,31,New Delhi,Delhi,North,P2057,Skincare Product 2057,Beauty,Skincare,3,63514.52,0.25,142907.67,UPI,Completed,Returning
O100143,2026-07-27,C1136,Customer 1136,Male,22,New Delhi,Delhi,North,P2078,Accessories Product 2078,Electronics,Accessories,2,71159.18,0.15,120970.61,Debit Card,Completed,Returning
O100144,2026-08-29,C1144,Customer 1144,Female,50,Salem,Tamil Nadu,South,P2066,Furniture Product 2066,Home & Kitchen,Furniture,2,13722.33,0.25,20583.5,UPI,Completed,Returning
O100145,2026-06-23,C1106,Customer 1106,Female,52,Mysuru,Karnataka,South,P2029,Appliances Product 2029,Home & Kitchen,Appliances,1,54225.01,0,54225.01,Credit Card,Cancelled,Returning
O100146,2025-08-02,C1420,Customer 1420,Female,30,Madurai,Tamil Nadu,South,P2015,Furniture Product 2015,Home & Kitchen,Furniture,1,17477.61,0.05,16603.73,Cash on Delivery,Cancelled,Returning
O100147,2025-03-15,C1158,Customer 1158,Female,23,Kozhikode,Kerala,South,P2012,Fitness Product 2012,Sports,Fitness,4,70788.11,0,283152.44,Credit Card,Completed,Returning
O100148,2025-03-02,C1146,Customer 1146,Male,54,Salem,Tamil Nadu,South,P2028,Furniture Product 2028,Home & Kitchen,Furniture,1,29619.27,0.05,28138.31,Credit Card,Completed,New
O100149,2026-06-27,C1002,Customer 1002,Female,51,Ahmedabad,Gujarat,West,P2084,Fitness Product 2084,Sports,Fitness,4,39978.36,0.15,135926.42,Debit Card,Completed,Returning
O100150,2025-08-07,C1433,Customer 1433,Male,22,Warangal,Telangana,South,P2024,Men Product 2024,Fashion,Men,2,15279.2,0,30558.4,Net Banking,Completed,Returning
O100151,2025-01-12,C1077,Customer 1077,Female,53,Cuttack,Odisha,East,P2021,Mobiles Product 2021,Electronics,Mobiles,1,68414.15,0.1,61572.73,Net Banking,Completed,Returning
O100152,2026-02-19,C1132,Customer 1132,Male,52,Noida,Uttar Pradesh,North,P2010,Sportswear Product 2010,Sports,Sportswear,2,51133.3,0.05,97153.27,Cash on Delivery,Completed,Returning
O100153,2025-02-01,C1090,Customer 1090,Female,35,Mysuru,Karnataka,South,P2078,Accessories Product 2078,Electronics,Accessories,2,71159.18,0.15,120970.61,UPI,Completed,Returning
O100154,2025-06-09,C1345,Customer 1345,Male,25,Udaipur,Rajasthan,North,P2018,Women Product 2018,Fashion,Women,1,15516.48,0,15516.48,Cash on Delivery,Completed,Returning
O100155,2025-08-25,C1350,Customer 1350,Male,24,New Delhi,Delhi,North,P2088,Men Product 2088,Fashion,Men,1,36148.31,0.05,34340.89,Cash on Delivery,Completed,Returning
O100156,2025-06-30,,Customer 1459,Male,45,Cuttack,Odisha,East,P2014,Skincare Product 2014,Beauty,Skincare,2,73803.13,0.1,132845.63,Net Banking,Completed,Returning
O100157,2026-07-12,C1263,Customer 1263,Male,20,Nagpur,Maharashtra,West,P2034,Men Product 2034,Fashion,Men,2,42105.76,0,84211.52,Credit Card,Completed,Returning
O100158,2025-12-07,C1351,Customer 1351,Female,57,Madurai,Tamil Nadu,South,P2058,Women Product 2058,Fashion,Women,1,74077.42,0.1,66669.68,Cash on Delivery,Completed,Returning
O100159,2026-04-03,C1108,Customer 1108,Female,56,New Delhi,Delhi,North,P2076,Laptops Product 2076,Electronics,Laptops,1,33823.68,0.1,30441.31,UPI,Completed,Returning
O100160,2025-03-21,C1074,Customer 1074,Female,31,Mumbai,Maharashtra,West,P2022,Outdoor Product 2022,Sports,Outdoor,3,34818.67,0.2,83564.81,Net Banking,Completed,Returning
O100161,2026-04-18,C1039,Customer 1039,Male,34,Warangal,Telangana,South,P2070,Men Product 2070,Fashion,Men,2,49797.81,0.1,89636.06,UPI,Completed,Returning
O100162,2025-04-22,C1397,Customer 1397,Female,34,Kochi,Kerala,South,P2036,Mobiles Product 2036,Electronics,Mobiles,2,6463.39,0.1,11634.1,Net Banking,Completed,Returning
O100163,2025-10-19,C1159,Customer 1159,Male,30,Udaipur,Rajasthan,North,P2045,Laptops Product 2045,Electronics,Laptops,4,61352.14,0.25,184056.42,Debit Card,Completed,Returning
O100164,2026-01-18,C1071,Customer 1071,Female,45,Madurai,Tamil Nadu,South,P2036,Mobiles Product 2036,Electronics,Mobiles,1,6463.39,0.25,4847.54,UPI,Completed,Returning
O100165,2025-01-17,C1447,Customer 1447,Male,60,Mangaluru,Karnataka,South,P2022,Outdoor Product 2022,Sports,Outdoor,1,34818.67,0.1,31336.8,Cash on Delivery,Completed,New
O100166,2026-05-08,C1312,Customer 1312,Male,28,Jodhpur,Rajasthan,North,P2078,Accessories Product 2078,Electronics,Accessories,3,71159.18,0.1,192129.79,Debit Card,Completed,Returning
O100167,2025-11-27,C1241,Customer 1241,Female,36,Cuttack,Odisha,East,P2080,Mobiles Product 2080,Electronics,Mobiles,2,26947.88,0.1,48506.18,Debit Card,Completed,Returning
O100168,2026-05-01,C1426,Customer 1426,Male,27,Bengaluru,Karnataka,South,P2061,Women Product 2061,Fashion,Women,1,44949.95,0.05,42702.45,UPI,Completed,Returning
O100169,2026-02-10,C1445,Customer 1445,Female,20,Lucknow,Uttar Pradesh,North,P2100,Mobiles Product 2100,Electronics,Mobiles,1,51807.65,0.25,38855.74,Cash on Delivery,Completed,Returning
O100170,2025-04-27,C1298,Customer 1298,Male,43,Mysuru,Karnataka,South,P2056,Fitness Product 2056,Sports,Fitness,2,65159.96,0.15,110771.93,Credit Card,Completed,Returning
O100171,2026-07-09,C1440,Customer 1440,Male,37,Vadodara,Gujarat,West,P2089,Women Product 2089,Fashion,Women,1,71400.34,0.05,67830.32,Credit Card,Completed,Returning
O100172,2025-04-25,C1036,Customer 1036,Male,33,Kozhikode,Kerala,South,P2096,Outdoor Product 2096,Sports,Outdoor,4,19371.4,0,77485.6,Credit Card,Completed,New
O100173,2026-07-03,C1084,Customer 1084,Female,24,Mumbai,Maharashtra,West,P2033,Footwear Product 2033,Fashion,Footwear,1,37566.95,0,37566.95,Debit Card,Completed,Returning
O100174,2026-07-01,C1452,Customer 1452,Female,45,Kolkata,West Bengal,East,P2045,Laptops Product 2045,Electronics,Laptops,1,61352.14,0,61352.14,Debit Card,Completed,Returning
O100175,2025-12-02,C1374,Customer 1374,Female,45,Pune,Maharashtra,West,P2036,Mobiles Product 2036,Electronics,Mobiles,1,6463.39,0.05,6140.22,Credit Card,Completed,Returning
O100176,2025-12-02,C1263,Customer 1263,Male,20,Nagpur,Maharashtra,West,P2020,Footwear Product 2020,Fashion,Footwear,2,47078.66,0.05,89449.45,Credit Card,Completed,Returning
O100177,2025-05-27,C1310,Customer 1310,Female,46,New Delhi,Delhi,North,P2018,Women Product 2018,Fashion,Women,3,15516.48,0,46549.44,Credit Card,Completed,Returning
O100178,2025-05-02,C1385,Customer 1385,Male,56,Thrissur,Kerala,South,P2038,Accessories Product 2038,Electronics,Accessories,2,15304.17,0.1,27547.51,Cash on Delivery,Completed,New
O100179,2025-03-22,C1172,Customer 1172,Male,37,Pune,Maharashtra,West,P2067,Laptops Product 2067,Electronics,Laptops,4,38592.36,0,154369.44,Debit Card,Completed,Returning
O100180,2026-01-10,C1376,Customer 1376,Female,22,Pune,Maharashtra,West,P2023,Accessories Product 2023,Electronics,Accessories,1,9651.38,0,9651.38,Credit Card,Completed,Returning
O100181,2026-07-24,C1173,Customer 1173,Male,58,Cuttack,Odisha,East,P2096,Outdoor Product 2096,Sports,Outdoor,1,19371.4,0.1,17434.26,UPI,Completed,Returning
O100182,2025-03-04,C1362,Customer 1362,Male,28,Kozhikode,Kerala,South,P2016,Mobiles Product 2016,Electronics,Mobiles,3,48979.51,0.2,117550.82,Credit Card,Completed,Returning
O100183,2026-05-19,C1047,Customer 1047,Female,41,Vadodara,Gujarat,West,P2059,Mobiles Product 2059,Electronics,Mobiles,3,38695.49,0.1,104477.82,Net Banking,Completed,Returning
O100184,2026-03-25,C1379,Customer 1379,Female,24,Jaipur,Rajasthan,North,P2069,Mobiles Product 2069,Electronics,Mobiles,3,33564.3,0.05,95658.26,UPI,Completed,Returning
O100185,2026-03-04,C1141,Customer 1141,Female,48,Ahmedabad,Gujarat,West,P2068,Furniture Product 2068,Home & Kitchen,Furniture,3,37073.16,0.1,100097.53,Debit Card,Completed,Returning
O100186,2026-03-03,C1375,Customer 1375,Male,53,Surat,Gujarat,West,P2021,Mobiles Product 2021,Electronics,Mobiles,1,68414.15,0.05,64993.44,UPI,Completed,Returning
O100187,2026-02-25,C1406,Customer 1406,Female,24,Bengaluru,Karnataka,South,P2078,Accessories Product 2078,Electronics,Accessories,1,71159.18,0.05,67601.22,UPI,Completed,Returning
O100188,2025-11-18,C1118,Customer 1118,Female,20,Patna,Bihar,East,P2095,Skincare Product 2095,Beauty,Skincare,4,33448.14,0,133792.56,UPI,Completed,Returning
O100189,2025-06-15,C1277,Customer 1277,Male,55,Cuttack,Odisha,East,P2078,Accessories Product 2078,Electronics,Accessories,1,71159.18,0.1,64043.26,Cash on Delivery,Returned,Returning
O100190,2026-08-20,C1214,Customer 1214,Male,33,Patna,Bihar,East,P2070,Men Product 2070,Fashion,Men,1,49797.81,0.15,42328.14,Cash on Delivery,Completed,Returning
O100191,2026-04-06,C1220,Customer 1220,Male,30,New Delhi,Delhi,North,P2012,Fitness Product 2012,Sports,Fitness,2,70788.11,0.15,120339.79,UPI,Completed,Returning
O100192,2026-04-04,C1393,Customer 1393,Female,57,Warangal,Telangana,South,P2016,Mobiles Product 2016,Electronics,Mobiles,1,48979.51,0.05,46530.53,Credit Card,Completed,Returning
O100193,2025-07-08,C1026,Customer 1026,Female,54,Ahmedabad,Gujarat,West,P2081,Men Product 2081,Fashion,Men,3,63359.53,0.15,161566.8,UPI,Completed,Returning
O100194,2026-04-09,C1009,Customer 1009,Male,22,Kolkata,West Bengal,East,P2087,Kitchen Product 2087,Home & Kitchen,Kitchen,1,43974.9,0.05,41776.16,Net Banking,Completed,Returning
O100195,2026-01-14,C1271,Customer 1271,Female,51,Ahmedabad,Gujarat,West,P2014,Skincare Product 2014,Beauty,Skincare,3,73803.13,0,221409.39,Debit Card,Completed,Returning
O100196,2025-01-02,C1010,Customer 1010,Female,59,Noida,Uttar Pradesh,North,P2061,Women Product 2061,Fashion,Women,2,44949.95,0.05,85404.9,UPI,Completed,New
O100197,2025-12-30,C1472,Customer 1472,Female,21,Mumbai,Maharashtra,West,P2071,Mobiles Product 2071,Electronics,Mobiles,2,29513.79,0.1,53124.82,UPI,Completed,Returning
O100198,2025-03-13,C1378,Customer 1378,Male,20,Bengaluru,Karnataka,South,P2046,Appliances Product 2046,Home & Kitchen,Appliances,1,3344.33,0,3344.33,Net Banking,Completed,Returning
O100199,2026-03-03,C1121,Customer 1121,Female,35,Kanpur,Uttar Pradesh,North,P2032,Mobiles Product 2032,Electronics,Mobiles,1,7978.59,0.1,7180.73,Debit Card,Completed,Returning
O100200,2025-06-19,C1125,Customer 1125,Male,47,Mumbai,Maharashtra,West,P2015,Furniture Product 2015,Home & Kitchen,Furniture,1,17477.61,0.2,13982.09,UPI,Completed,Returning
O100201,2025-07-24,C1170,Customer 1170,Female,54,Lucknow,Uttar Pradesh,North,P2044,Makeup Product 2044,Beauty,Makeup,1,61167.44,0.05,58109.07,Debit Card,Completed,New
O100202,2025-12-03,C1072,Customer 1072,Female,42,Kolkata,West Bengal,East,P2017,Appliances Product 2017,Home & Kitchen,Appliances,2,35523.47,0.1,63942.25,Net Banking,Completed,Returning
O100203,2026-04-17,C1152,Customer 1152,Male,45,New Delhi,Delhi,North,P2041,Accessories Product 2041,Electronics,Accessories,1,2659.49,0.05,2526.52,Debit Card,Completed,Returning
O100204,2025-07-14,C1208,Customer 1208,Female,40,Vadodara,Gujarat,West,P2054,Accessories Product 2054,Electronics,Accessories,1,51113.05,0.05,48557.4,Credit Card,Completed,Returning
O100205,2025-10-02,C1049,Customer 1049,Female,25,Salem,Tamil Nadu,South,P2044,Makeup Product 2044,Beauty,Makeup,1,61167.44,0,61167.44,Debit Card,Cancelled,Returning
O100206,2025-01-07,C1154,Customer 1154,Male,45,Udaipur,Rajasthan,North,P2098,Women Product 2098,Fashion,Women,2,18537.8,0.25,27806.7,Debit Card,Completed,Returning
O100207,2026-07-20,C1347,Customer 1347,Male,36,Patna,Bihar,East,P2005,Appliances Product 2005,Home & Kitchen,Appliances,1,61463.29,0.05,58390.13,Debit Card,Completed,Returning
O100208,2026-07-27,C1293,Customer 1293,Male,51,Coimbatore,Tamil Nadu,South,P2027,Kitchen Product 2027,Home & Kitchen,Kitchen,3,11473.67,0.15,29257.86,Cash on Delivery,Completed,Returning
O100209,2026-08-22,C1068,Customer 1068,Male,47,Hyderabad,Telangana,South,P2087,Kitchen Product 2087,Home & Kitchen,Kitchen,2,43974.9,0,87949.8,UPI,Completed,Returning
O100210,2025-06-27,C1050,Customer 1050,Female,34,New Delhi,Delhi,North,P2078,Accessories Product 2078,Electronics,Accessories,3,71159.18,0.15,181455.91,Debit Card,Completed,Returning
O100211,2025-08-30,C1152,Customer 1152,Male,45,New Delhi,Delhi,North,P2079,Laptops Product 2079,Electronics,Laptops,-2,12821.16,0.2,30770.78,UPI,Completed,Returning
O100212,2025-07-22,C1019,Customer 1019,Female,36,Vadodara,Gujarat,West,P2043,Furniture Product 2043,Home & Kitchen,Furniture,1,47010.26,0.15,39958.72,UPI,Completed,Returning
O100213,2026-06-27,C1100,Customer 1100,Male,35,Jaipur,Rajasthan,North,P2097,Footwear Product 2097,Fashion,Footwear,3,70862.68,0.2,170070.43,Debit Card,Completed,Returning
O100214,2026-04-07,C1060,Customer 1060,Male,54,Mumbai,Maharashtra,West,P2031,Makeup Product 2031,Beauty,Makeup,2,36193.87,0,72387.74,Cash on Delivery,Completed,Returning
O100215,2025-03-21,C1167,Customer 1167,Female,28,Bhubaneswar,Odisha,East,P2099,Sportswear Product 2099,Sports,Sportswear,3,42924.55,0.1,115896.28,UPI,Completed,Returning
O100216,2026-06-07,C1202,Customer 1202,Female,38,Bhubaneswar,Odisha,East,P2017,Appliances Product 2017,Home & Kitchen,Appliances,3,35523.47,0.1,95913.37,Cash on Delivery,Returned,Returning
O100217,2026-02-21,C1345,Customer 1345,Male,25,Udaipur,Rajasthan,North,P2092,Footwear Product 2092,Fashion,Footwear,1,2539.03,0.1,2285.13,UPI,Completed,Returning
O100218,2026-01-19,C1146,Customer 1146,Male,54,Salem,Tamil Nadu,South,P2083,Mobiles Product 2083,Electronics,Mobiles,1,2853.83,0.2,2283.06,Credit Card,Completed,Returning
O100219,2026-01-26,C1403,Customer 1403,Male,34,Mumbai,Maharashtra,West,P2054,Accessories Product 2054,Electronics,Accessories,2,51113.05,0,102226.1,UPI,Completed,Returning
O100220,2025-05-06,C1164,Customer 1164,Female,55,Chennai,Tamil Nadu,South,P2062,Makeup Product 2062,Beauty,Makeup,2,20979.04,0,41958.08,Debit Card,Completed,Returning
O100221,2026-05-09,C1458,Customer 1458,Female,36,Nagpur,Maharashtra,West,P2087,Kitchen Product 2087,Home & Kitchen,Kitchen,1,43974.9,0.05,41776.16,Debit Card,Returned,Returning
O100222,2025-02-16,C1481,Customer 1481,Female,34,Pune,Maharashtra,West,P2032,Mobiles Product 2032,Electronics,Mobiles,1,7978.59,0.2,6382.87,Credit Card,Completed,Returning
O100223,2026-04-21,C1439,Customer 1439,Male,24,Bhubaneswar,Odisha,East,P2040,Mobiles Product 2040,Electronics,Mobiles,1,71380.78,0.2,57104.62,Credit Card,Completed,Returning
O100224,2026-04-09,C1242,Customer 1242,Male,26,Jaipur,Rajasthan,North,P2013,Appliances Product 2013,Home & Kitchen,Appliances,2,72349.68,0.1,130229.42,Debit Card,Completed,Returning
O100225,2025-05-03,C1069,Customer 1069,Female,45,Salem,Tamil Nadu,South,P2084,Fitness Product 2084,Sports,Fitness,4,39978.36,0.1,143922.1,Debit Card,Completed,Returning
O100226,2026-04-19,C1175,Customer 1175,Female,43,Madurai,Tamil Nadu,South,P2035,Mobiles Product 2035,Electronics,Mobiles,3,38973.06,0.1,105227.26,Credit Card,Completed,Returning
O100227,2025-05-14,C1049,Customer 1049,Female,25,Salem,Tamil Nadu,South,P2005,Appliances Product 2005,Home & Kitchen,Appliances,1,61463.29,0.1,55316.96,Cash on Delivery,Completed,Returning
O100228,2026-07-16,C1483,Customer 1483,Male,56,Kochi,Kerala,South,P2073,Mobiles Product 2073,Electronics,Mobiles,1,58078.44,0,58078.44,Debit Card,Completed,Returning
O100229,2026-08-30,C1108,Customer 1108,Female,56,New Delhi,Delhi,North,P2029,Appliances Product 2029,Home & Kitchen,Appliances,1,54225.01,0.15,46091.26,UPI,Completed,Returning
O100230,2025-01-23,C1226,Customer 1226,Female,57,Hyderabad,Telangana,South,P2070,Men Product 2070,Fashion,Men,1,49797.81,0.1,44818.03,UPI,Completed,New
O100231,2026-07-20,C1161,Customer 1161,Male,55,New Delhi,Delhi,North,P2025,Footwear Product 2025,Fashion,Footwear,3,48968.5,0.1,132214.95,Net Banking,Completed,Returning
O100232,2025-08-23,C1119,Customer 1119,Female,24,New Delhi,Delhi,North,P2095,Skincare Product 2095,Beauty,Skincare,1,33448.14,0,33448.14,UPI,Completed,Returning
O100233,2025-02-28,C1149,Customer 1149,Male,45,Mysuru,Karnataka,South,P2022,Outdoor Product 2022,Sports,Outdoor,2,34818.67,0.15,59191.74,Net Banking,Completed,Returning
O100234,2025-06-13,C1465,Customer 1465,Female,41,Patna,Bihar,East,P2066,Furniture Product 2066,Home & Kitchen,Furniture,3,13722.33,0.15,34991.94,Credit Card,Completed,Returning
O100235,2025-08-04,C1150,Customer 1150,Female,27,Nagpur,Maharashtra,West,P2045,Laptops Product 2045,Electronics,Laptops,4,61352.14,0.1,220867.7,Credit Card,Completed,Returning
O100236,2025-07-02,C1432,Customer 1432,Female,51,Cuttack,Odisha,East,P2069,Mobiles Product 2069,Electronics,Mobiles,1,33564.3,0.15,28529.66,UPI,Completed,Returning
O100237,2026-07-23,C1293,Customer 1293,Male,51,Coimbatore,Tamil Nadu,South,P2091,Accessories Product 2091,Electronics,Accessories,1,36816.84,0.1,33135.16,Cash on Delivery,Completed,Returning
O100238,2025-03-31,C1143,Customer 1143,Female,31,Udaipur,Rajasthan,North,P2089,Women Product 2089,Fashion,Women,1,71400.34,0.1,64260.31,Cash on Delivery,Returned,Returning
O100239,2025-11-07,C1419,Customer 1419,Female,32,Udaipur,Rajasthan,North,P2072,Outdoor Product 2072,Sports,Outdoor,2,64391.57,0.05,122343.98,Cash on Delivery,Completed,Returning
O100240,2026-07-11,C1476,Customer 1476,Female,22,Patna,Bihar,East,P2001,Accessories Product 2001,Electronics,Accessories,4,63975.38,0.15,217516.29,UPI,Completed,Returning
O100241,2025-09-14,C1455,Customer 1455,Male,45,Mumbai,Maharashtra,West,P2084,Fitness Product 2084,Sports,Fitness,1,39978.36,0.1,35980.52,Net Banking,Completed,Returning
O100242,2026-06-17,C1160,Customer 1160,Female,48,Kochi,Kerala,South,P2044,Makeup Product 2044,Beauty,Makeup,1,61167.44,0.15,51992.32,Credit Card,Completed,Returning
O100243,2026-06-17,C1011,Customer 1011,Male,43,Nagpur,Maharashtra,West,P2087,Kitchen Product 2087,Home & Kitchen,Kitchen,3,43974.9,0.1,118732.23,Debit Card,Completed,Returning
O100244,2025-02-21,C1138,Customer 1138,Male,52,Jodhpur,Rajasthan,North,P2096,Outdoor Product 2096,Sports,Outdoor,2,19371.4,0.15,32931.38,UPI,Returned,New
O100245,2025-12-04,C1457,Customer 1457,Female,49,Ahmedabad,Gujarat,West,P2075,Laptops Product 2075,Electronics,Laptops,5,5790.21,0.15,24608.39,Debit Card,Completed,Returning
O100246,2025-06-20,C1078,Customer 1078,Female,51,Thrissur,Kerala,South,P2039,Footwear Product 2039,Fashion,Footwear,1,15251.22,0.1,13726.1,Cash on Delivery,Completed,Returning
O100247,2025-03-08,C1077,Customer 1077,Female,53,Cuttack,Odisha,East,P2054,Accessories Product 2054,Electronics,Accessories,1,51113.05,0.15,43446.09,UPI,Completed,Returning
O100248,2025-10-27,C1441,Customer 1441,Male,47,Mysuru,Karnataka,South,P2088,Men Product 2088,Fashion,Men,1,36148.31,0.1,32533.48,UPI,Cancelled,Returning
O100249,2025-08-20,C1254,Customer 1254,Male,58,Thrissur,Kerala,South,P2075,Laptops Product 2075,Electronics,Laptops,1,5790.21,0.25,4342.66,UPI,Completed,Returning
O100250,2025-03-09,C1409,Customer 1409,Female,29,Kozhikode,Kerala,South,P2029,Appliances Product 2029,Home & Kitchen,Appliances,2,54225.01,0.15,92182.52,UPI,Completed,Returning
O100251,2026-05-21,C1258,Customer 1258,Female,39,Mumbai,Maharashtra,West,P2054,Accessories Product 2054,Electronics,Accessories,1,51113.05,0,51113.05,Credit Card,Completed,Returning
O100252,2025-01-28,C1320,Customer 1320,Female,25,New Delhi,Delhi,North,P2090,Men Product 2090,Fashion,Men,1,43634.38,0.15,37089.22,Net Banking,Completed,New
O100253,2025-02-20,C1291,Customer 1291,Male,31,New Delhi,Delhi,North,P2016,Mobiles Product 2016,Electronics,Mobiles,3,48979.51,0.1,132244.68,UPI,Completed,New
O100254,2025-09-17,C1263,Customer 1263,Male,20,Nagpur,Maharashtra,West,P2099,Sportswear Product 2099,Sports,Sportswear,1,42924.55,0.25,32193.41,Debit Card,Completed,Returning
O100255,2026-08-14,C1085,Customer 1085,Male,41,Udaipur,Rajasthan,North,P2020,Footwear Product 2020,Fashion,Footwear,2,47078.66,0.15,80033.72,Credit Card,Completed,Returning
O100256,2026-08-09,C1146,Customer 1146,Male,54,Salem,Tamil Nadu,South,P2046,Appliances Product 2046,Home & Kitchen,Appliances,1,3344.33,0,3344.33,UPI,Cancelled,Returning
O100257,2025-07-03,C1323,Customer 1323,Female,44,Chennai,Tamil Nadu,South,P2067,Laptops Product 2067,Electronics,Laptops,3,38592.36,0.05,109988.23,Credit Card,Completed,Returning
O100258,2025-01-23,C1042,Customer 1042,Male,21,Mangaluru,Karnataka,South,P2065,Makeup Product 2065,Beauty,Makeup,1,58267.22,0.1,52440.5,UPI,Completed,New
O100259,2025-05-09,C1374,Customer 1374,Female,45,Pune,Maharashtra,West,P2058,Women Product 2058,Fashion,Women,2,74077.42,0.15,125931.61,Debit Card,Returned,Returning
O100260,2025-10-18,C1125,Customer 1125,Male,47,Mumbai,Maharashtra,West,P2053,Mobiles Product 2053,Electronics,Mobiles,1,37147.78,0.15,31575.61,UPI,Completed,Returning
O100261,2026-05-16,C1167,Customer 1167,Female,28,Bhubaneswar,Odisha,East,P2001,Accessories Product 2001,Electronics,Accessories,1,63975.38,0.05,60776.61,Debit Card,Completed,Returning
O100262,2025-07-05,C1425,Customer 1425,Female,35,New Delhi,Delhi,North,P2081,Men Product 2081,Fashion,Men,2,63359.53,0.1,114047.15,UPI,Completed,Returning
O100263,2026-04-24,C1241,Customer 1241,Female,36,Cuttack,Odisha,East,P2066,Furniture Product 2066,Home & Kitchen,Furniture,1,13722.33,0.1,12350.1,Cash on Delivery,Completed,Returning
O100264,2026-07-25,C1459,Customer 1459,Male,45,Cuttack,Odisha,East,P2029,Appliances Product 2029,Home & Kitchen,Appliances,1,54225.01,0,54225.01,Net Banking,Completed,Returning
O100265,2026-05-07,C1487,Customer 1487,Male,36,New Delhi,Delhi,North,P2084,Fitness Product 2084,Sports,Fitness,3,39978.36,0.05,113938.33,Credit Card,Completed,Returning
O100266,2026-05-28,C1280,Customer 1280,Female,39,Bhubaneswar,Odisha,East,P2070,Men Product 2070,Fashion,Men,3,49797.81,0.05,141923.76,Credit Card,Completed,Returning
O100267,2025-03-08,C1188,Customer 1188,Male,44,Warangal,Telangana,South,P2008,Mobiles Product 2008,Electronics,Mobiles,1,12522.7,0,12522.7,UPI,Completed,Returning
O100268,2026-04-12,C1302,Customer 1302,Male,55,Chennai,Tamil Nadu,South,P2029,Appliances Product 2029,Home & Kitchen,Appliances,1,54225.01,0,54225.01,Net Banking,Completed,Returning
O100269,2025-10-12,C1019,Customer 1019,Female,36,Vadodara,Gujarat,West,P2051,Makeup Product 2051,Beauty,Makeup,1,3561.53,0,3561.53,Credit Card,Completed,Returning
O100270,2026-08-24,C1068,Customer 1068,Male,47,Hyderabad,Telangana,South,P2033,Footwear Product 2033,Fashion,Footwear,1,37566.95,0.2,30053.56,Net Banking,Completed,Returning
O100271,2026-02-21,C1218,Customer 1218,Male,42,Noida,Uttar Pradesh,North,P2003,Makeup Product 2003,Beauty,Makeup,5,44701.37,0.05,212331.51,UPI,Completed,Returning
O100272,2025-04-10,C1102,Customer 1102,Female,45,Coimbatore,Tamil Nadu,South,P2060,Women Product 2060,Fashion,Women,2,54476.75,0.05,103505.82,UPI,Completed,Returning
O100273,2025-07-08,C1042,Customer 1042,Male,21,Mangaluru,Karnataka,South,P2035,Mobiles Product 2035,Electronics,Mobiles,1,38973.06,0,38973.06,Credit Card,Completed,Returning
O100274,2026-01-23,C1288,Customer 1288,Male,35,Warangal,Telangana,South,P2069,Mobiles Product 2069,Electronics,Mobiles,5,33564.3,0.1,151039.35,UPI,Completed,Returning
O100275,2025-08-29,C1167,Customer 1167,Female,28,Bhubaneswar,Odisha,East,P2091,Accessories Product 2091,Electronics,Accessories,2,36816.84,0.1,66270.31,Debit Card,Completed,Returning
O100276,2026-02-21,C1109,Customer 1109,Female,42,Bhubaneswar,Odisha,East,P2076,Laptops Product 2076,Electronics,Laptops,2,33823.68,0,,UPI,Cancelled,Returning
O100277,2025-06-25,C1494,Customer 1494,Female,39,Kochi,Kerala,South,P2084,Fitness Product 2084,Sports,Fitness,1,39978.36,0.1,35980.52,Net Banking,Completed,Returning
O100278,2026-01-22,C1036,Customer 1036,Male,33,Kozhikode,Kerala,South,P2020,Footwear Product 2020,Fashion,Footwear,1,47078.66,0.15,40016.86,Net Banking,Completed,Returning
O100279,2026-04-16,C1232,Customer 1232,Female,21,Madurai,Tamil Nadu,South,P2073,Mobiles Product 2073,Electronics,Mobiles,2,58078.44,0.05,110349.04,UPI,Completed,Returning
O100280,2025-08-21,C1229,Customer 1229,Male,59,Mumbai,Maharashtra,West,P2039,Footwear Product 2039,Fashion,Footwear,1,15251.22,0.1,13726.1,Credit Card,Cancelled,Returning
O100281,2026-03-28,C1353,Customer 1353,Male,42,Jodhpur,Rajasthan,North,P2004,Kitchen Product 2004,Home & Kitchen,Kitchen,1,1952.63,0.1,1757.37,Credit Card,Completed,Returning
O100282,2025-10-04,C1164,Customer 1164,Female,55,Chennai,Tamil Nadu,South,P2019,Accessories Product 2019,Electronics,Accessories,1,34190.91,0,34190.91,Debit Card,Completed,Returning
O100283,2025-08-17,C1387,Customer 1387,Male,33,Hyderabad,Telangana,South,P2091,Accessories Product 2091,Electronics,Accessories,1,36816.84,0.15,31294.31,Credit Card,Completed,Returning
O100284,2025-06-20,C1073,Customer 1073,Male,28,Ahmedabad,Gujarat,West,P2045,Laptops Product 2045,Electronics,Laptops,2,61352.14,0.15,104298.64,UPI,Completed,Returning
O100285,2025-08-01,C1136,Customer 1136,Male,22,New Delhi,Delhi,North,P2043,Furniture Product 2043,Home & Kitchen,Furniture,2,47010.26,0.1,84618.47,UPI,Completed,Returning
O100286,2025-10-09,C1353,Customer 1353,Male,42,Jodhpur,Rajasthan,North,P2013,Appliances Product 2013,Home & Kitchen,Appliances,1,72349.68,0.05,68732.2,Credit Card,Completed,Returning
O100287,2025-02-10,C1379,Customer 1379,Female,24,Jaipur,Rajasthan,North,P2013,Appliances Product 2013,Home & Kitchen,Appliances,1,72349.68,0.2,57879.74,Cash on Delivery,Completed,Returning
O100288,2025-05-02,C1070,Customer 1070,Female,56,Patna,Bihar,East,P2060,Women Product 2060,Fashion,Women,2,54476.75,0.1,98058.15,Cash on Delivery,Completed,Returning
O100289,2025-08-15,C1425,Customer 1425,Female,35,New Delhi,Delhi,North,P2057,Skincare Product 2057,Beauty,Skincare,1,63514.52,0.05,60338.79,UPI,Completed,Returning
O100290,2025-10-21,C1487,Customer 1487,Male,36,New Delhi,Delhi,North,P2086,Mobiles Product 2086,Electronics,Mobiles,2,70060.46,0.05,133114.87,Debit Card,Completed,Returning
O100291,2026-08-23,C1196,Customer 1196,Female,31,Kochi,Kerala,South,P2092,Footwear Product 2092,Fashion,Footwear,3,2539.03,0.15,6474.53,Cash on Delivery,Completed,Returning
O100292,2025-09-24,C1269,Customer 1269,Male,57,Kolkata,West Bengal,East,P2052,Laptops Product 2052,Electronics,Laptops,1,54024.37,0.15,45920.71,UPI,Completed,Returning
O100293,2026-06-25,C1049,Customer 1049,Female,25,Salem,Tamil Nadu,South,P2053,Mobiles Product 2053,Electronics,Mobiles,2,37147.78,0.05,70580.78,Debit Card,Completed,Returning
O100294,2026-03-27,C1316,Customer 1316,Female,47,Cuttack,Odisha,East,P2086,Mobiles Product 2086,Electronics,Mobiles,3,70060.46,0.05,199672.31,Credit Card,Completed,Returning
O100295,2026-03-25,C1130,Customer 1130,Female,31,Kolkata,West Bengal,East,P2043,Furniture Product 2043,Home & Kitchen,Furniture,1,47010.26,0.1,42309.23,Debit Card,Completed,Returning
O100296,2025-03-02,C1444,Customer 1444,Female,25,Warangal,Telangana,South,P2083,Mobiles Product 2083,Electronics,Mobiles,1,2853.83,0.2,2283.06,Debit Card,Completed,Returning
O100297,2026-05-17,C1005,Customer 1005,Male,22,New Delhi,Delhi,North,P2072,Outdoor Product 2072,Sports,Outdoor,5,64391.57,0,321957.85,Cash on Delivery,Completed,Returning
O100298,2025-05-27,C1428,Customer 1428,Female,59,Jaipur,Rajasthan,North,P2072,Outdoor Product 2072,Sports,Outdoor,1,64391.57,0.15,54732.83,UPI,Completed,Returning
O100299,2025-11-30,C1027,Customer 1027,Female,44,Ahmedabad,Gujarat,West,P2042,Sportswear Product 2042,Sports,Sportswear,3,46086.93,0.1,124434.71,Net Banking,Completed,Returning
O100300,2025-05-22,C1160,Customer 1160,Female,48,Kochi,Kerala,South,P2090,Men Product 2090,Fashion,Men,2,43634.38,0.15,74178.45,UPI,Completed,Returning
O100301,2025-02-13,C1149,Customer 1149,Male,45,Mysuru,Karnataka,South,P2026,Furniture Product 2026,Home & Kitchen,Furniture,1,59877.66,0.1,53889.89,Credit Card,Completed,Returning
O100302,2025-05-24,C1264,Customer 1264,Male,22,Kolkata,West Bengal,East,P2023,Accessories Product 2023,Electronics,Accessories,1,9651.38,0.05,9168.81,Cash on Delivery,Cancelled,Returning
O100303,2025-11-29,C1230,Customer 1230,Male,28,New Delhi,Delhi,North,P2043,Furniture Product 2043,Home & Kitchen,Furniture,2,47010.26,0.15,79917.44,Net Banking,Completed,Returning
O100304,2026-05-12,C1200,Customer 1200,Male,33,Kolkata,West Bengal,East,P2077,Men Product 2077,Fashion,Men,1,32487.3,0.2,25989.84,UPI,Completed,Returning
O100305,2026-01-31,C1050,Customer 1050,Female,34,New Delhi,Delhi,North,P2028,Furniture Product 2028,Home & Kitchen,Furniture,2,29619.27,0.05,56276.61,Debit Card,Completed,Returning
O100306,2025-02-24,C1067,Customer 1067,Female,38,Salem,Tamil Nadu,South,P2009,Skincare Product 2009,Beauty,Skincare,4,22588.57,0.1,81318.85,UPI,Completed,New
O100307,2025-11-03,C1300,Customer 1300,Female,27,Salem,Tamil Nadu,South,P2020,Footwear Product 2020,Fashion,Footwear,3,47078.66,0.05,134174.18,UPI,Completed,Returning
O100308,2026-02-27,C1381,Customer 1381,Female,49,Jaipur,Rajasthan,North,P2056,Fitness Product 2056,Sports,Fitness,1,65159.96,0,65159.96,Debit Card,Completed,Returning
O100309,2026-02-21,C1058,Customer 1058,Male,51,Thrissur,Kerala,South,P2083,Mobiles Product 2083,Electronics,Mobiles,3,2853.83,0.15,7277.27,Debit Card,Completed,Returning
O100310,2025-11-21,C1259,Customer 1259,Female,47,Noida,Uttar Pradesh,North,P2039,Footwear Product 2039,Fashion,Footwear,3,15251.22,0,45753.66,Credit Card,Cancelled,Returning
O100311,2025-03-21,C1342,Customer 1342,Female,54,Bengaluru,Karnataka,South,P2051,Makeup Product 2051,Beauty,Makeup,4,3561.53,0.15,12109.2,Debit Card,Completed,Returning
O100312,2025-01-31,C1326,Customer 1326,Female,49,Mysuru,Karnataka,South,P2012,Fitness Product 2012,Sports,Fitness,1,70788.11,0.1,63709.3,Credit Card,Completed,New
O100313,2025-04-22,C1130,Customer 1130,Female,31,Kolkata,West Bengal,East,P2079,Laptops Product 2079,Electronics,Laptops,3,12821.16,0.25,28847.61,UPI,Returned,Returning
O100314,2026-07-12,C1215,Customer 1215,Male,50,Kolkata,West Bengal,East,P2095,Skincare Product 2095,Beauty,Skincare,2,33448.14,0,66896.28,Credit Card,Completed,Returning
O100315,2026-07-18,C1172,Customer 1172,Male,37,Pune,Maharashtra,West,P2055,Accessories Product 2055,Electronics,Accessories,1,15507.3,0,15507.3,Cash on Delivery,Completed,Returning
O100316,2026-04-17,C1258,Customer 1258,Female,39,Mumbai,Maharashtra,West,P2078,Accessories Product 2078,Electronics,Accessories,5,71159.18,0,355795.9,Net Banking,Completed,Returning
O100317,2025-03-15,C1102,Customer 1102,Female,45,Coimbatore,Tamil Nadu,South,P2011,Footwear Product 2011,Fashion,Footwear,1,65143.66,0.15,55372.11,Credit Card,Completed,Returning
O100318,2026-07-07,C1209,Customer 1209,Female,55,Ahmedabad,Gujarat,West,P2026,Furniture Product 2026,Home & Kitchen,Furniture,1,59877.66,0.1,53889.89,UPI,Completed,Returning
O100319,2026-04-24,C1291,Customer 1291,Male,31,New Delhi,Delhi,North,P2042,Sportswear Product 2042,Sports,Sportswear,3,46086.93,0,138260.79,Debit Card,Completed,Returning
O100320,2026-08-12,C1354,Customer 1354,Female,56,Thrissur,Kerala,South,P2027,Kitchen Product 2027,Home & Kitchen,Kitchen,1,11473.67,0.2,9178.94,Debit Card,Completed,Returning
O100321,2026-01-22,C1471,Customer 1471,Male,43,Kolkata,West Bengal,East,P2011,Footwear Product 2011,Fashion,Footwear,3,65143.66,0.2,156344.78,UPI,Completed,Returning
O100322,2026-07-18,C1286,Customer 1286,Male,20,Lucknow,Uttar Pradesh,North,P2038,Accessories Product 2038,Electronics,Accessories,2,15304.17,0.15,26017.09,Credit Card,Completed,Returning
O100323,2026-03-09,C1116,Customer 1116,Female,38,New Delhi,Delhi,North,P2098,Women Product 2098,Fashion,Women,1,18537.8,0.05,17610.91,Cash on Delivery,Returned,Returning
O100324,2026-02-16,C1264,Customer 1264,Male,22,Kolkata,West Bengal,East,P2043,Furniture Product 2043,Home & Kitchen,Furniture,1,47010.26,0.05,44659.75,Debit Card,Completed,Returning
O100325,2026-04-12,C1150,Customer 1150,Female,27,Nagpur,Maharashtra,West,P2019,Accessories Product 2019,Electronics,Accessories,2,34190.91,0.15,58124.55,Credit Card,Completed,Returning
O100326,2026-08-22,C1300,Customer 1300,Female,27,Salem,Tamil Nadu,South,P2064,Furniture Product 2064,Home & Kitchen,Furniture,2,47477.55,0.1,85459.59,Debit Card,Completed,Returning
O100327,2025-09-05,C1442,Customer 1442,Female,41,Pune,Maharashtra,West,P2006,Accessories Product 2006,Electronics,Accessories,4,33608.93,0,134435.72,UPI,Completed,Returning
O100328,2026-08-04,C1036,Customer 1036,Male,33,Kozhikode,Kerala,South,P2046,Appliances Product 2046,Home & Kitchen,Appliances,3,3344.33,0.05,9531.34,UPI,Completed,Returning
O100329,2025-04-30,C1453,Customer 1453,Female,46,Patna,Bihar,East,P2042,Sportswear Product 2042,Sports,Sportswear,1,46086.93,0.25,34565.2,Cash on Delivery,Completed,Returning
O100330,2025-03-08,C1333,Customer 1333,Female,40,Hyderabad,Telangana,South,P2092,Footwear Product 2092,Fashion,Footwear,1,2539.03,0,2539.03,UPI,Completed,Returning
O100331,2026-07-27,C1477,Customer 1477,Male,42,Vadodara,Gujarat,West,P2065,Makeup Product 2065,Beauty,Makeup,4,58267.22,0.15,198108.55,UPI,Completed,Returning
O100332,2025-11-23,C1287,Customer 1287,Male,22,Jodhpur,Rajasthan,North,P2099,Sportswear Product 2099,Sports,Sportswear,2,42924.55,0.1,77264.19,Credit Card,Returned,Returning
O100333,2026-04-15,C1303,Customer 1303,Male,45,Hyderabad,Telangana,South,P2072,Outdoor Product 2072,Sports,Outdoor,1,64391.57,0.15,54732.83,Cash on Delivery,Completed,Returning
O100334,2026-05-08,C1311,Customer 1311,Female,36,Madurai,Tamil Nadu,South,P2059,Mobiles Product 2059,Electronics,Mobiles,3,38695.49,0.1,104477.82,Net Banking,Completed,Returning
O100335,2025-10-13,C1208,Customer 1208,Female,40,Vadodara,Gujarat,West,P2052,Laptops Product 2052,Electronics,Laptops,3,54024.37,0.1,145865.8,UPI,Completed,Returning
O100336,2026-08-31,C1106,Customer 1106,Female,52,Mysuru,Karnataka,South,P2047,Laptops Product 2047,Electronics,Laptops,2,6397.76,0.05,12155.74,Debit Card,Completed,Returning
O100337,2025-11-08,C1446,Customer 1446,Male,24,Ahmedabad,Gujarat,West,P2007,Mobiles Product 2007,Electronics,Mobiles,1,70839.48,0.15,60213.56,Credit Card,Completed,Returning
O100338,2025-11-05,C1158,Customer 1158,Female,23,Kozhikode,Kerala,South,P2011,Footwear Product 2011,Fashion,Footwear,2,65143.66,0.05,123772.95,Credit Card,Completed,Returning
O100339,2025-04-07,C1121,Customer 1121,Female,35,Kanpur,Uttar Pradesh,North,P2061,Women Product 2061,Fashion,Women,2,44949.95,0.15,76414.91,Debit Card,Completed,Returning
O100340,2025-04-23,C1055,Customer 1055,Male,58,Bhubaneswar,Odisha,East,P2068,Furniture Product 2068,Home & Kitchen,Furniture,3,37073.16,0.15,94536.56,UPI,Completed,New
O100341,2026-04-01,C1400,Customer 1400,Male,57,Patna,Bihar,East,P2025,Footwear Product 2025,Fashion,Footwear,4,48968.5,0.1,176286.6,Cash on Delivery,Returned,Returning
O100342,2026-04-08,C1012,Customer 1012,Male,51,Vadodara,Gujarat,West,P2012,Fitness Product 2012,Sports,Fitness,2,70788.11,0.05,134497.41,Debit Card,Completed,Returning
O100343,2025-05-12,C1145,Customer 1145,Female,21,Noida,Uttar Pradesh,North,P2026,Furniture Product 2026,Home & Kitchen,Furniture,3,59877.66,0,179632.98,Credit Card,Returned,Returning
O100344,2025-05-01,C1400,Customer 1400,Male,57,Patna,Bihar,East,P2012,Fitness Product 2012,Sports,Fitness,4,70788.11,0.15,240679.57,Debit Card,Completed,Returning
O100345,2025-07-16,C1396,Customer 1396,Female,49,Bengaluru,Karnataka,South,P2043,Furniture Product 2043,Home & Kitchen,Furniture,1,47010.26,0,47010.26,UPI,Completed,New
O100346,2026-04-27,C1136,Customer 1136,Male,22,New Delhi,Delhi,North,P2051,Makeup Product 2051,Beauty,Makeup,1,3561.53,0.25,2671.15,Debit Card,Completed,Returning
O100347,2025-02-08,C1468,Customer 1468,Male,47,Udaipur,Rajasthan,North,P2037,Haircare Product 2037,Beauty,Haircare,3,29950.17,0.25,67387.88,UPI,Completed,New
O100348,2026-07-20,C1003,Customer 1003,Male,42,Mysuru,Karnataka,South,P2046,Appliances Product 2046,Home & Kitchen,Appliances,1,3344.33,0,3344.33,Credit Card,Completed,Returning
O100349,2026-05-27,C1144,Customer 1144,Female,50,Salem,Tamil Nadu,South,P2053,Mobiles Product 2053,Electronics,Mobiles,1,37147.78,0,37147.78,Debit Card,Completed,Returning
O100350,2026-04-19,C1030,Customer 1030,Female,26,Bhubaneswar,Odisha,East,P2088,Men Product 2088,Fashion,Men,1,36148.31,0.05,34340.89,Net Banking,Completed,Returning
O100351,2025-06-10,C1237,Customer 1237,Female,38,Thrissur,Kerala,South,P2080,Mobiles Product 2080,Electronics,Mobiles,1,26947.88,0.25,20210.91,UPI,Completed,Returning
O100352,2025-10-16,C1279,Customer 1279,Male,38,Bhubaneswar,Odisha,East,P2013,Appliances Product 2013,Home & Kitchen,Appliances,1,72349.68,0.05,68732.2,Credit Card,Completed,Returning
O100353,2025-07-19,C1348,Customer 1348,Female,24,Bengaluru,Karnataka,South,P2089,Women Product 2089,Fashion,Women,1,71400.34,0.05,67830.32,Credit Card,Completed,Returning
O100354,2026-06-12,C1115,Customer 1115,Male,29,Chennai,Tamil Nadu,South,P2054,Accessories Product 2054,Electronics,Accessories,5,51113.05,0.15,217230.46,Credit Card,Completed,Returning
O100355,2026-05-18,C1104,Customer 1104,Female,58,Patna,Bihar,East,P2057,Skincare Product 2057,Beauty,Skincare,2,63514.52,0,127029.04,UPI,Completed,Returning
O100356,2025-09-05,C1118,Customer 1118,Female,20,Patna,Bihar,East,P2004,Kitchen Product 2004,Home & Kitchen,Kitchen,2,1952.63,0.05,3710,Debit Card,Completed,Returning
O100357,2026-01-18,C1005,Customer 1005,Male,22,New Delhi,Delhi,North,P2075,Laptops Product 2075,Electronics,Laptops,1,5790.21,0.05,5500.7,UPI,Completed,Returning
O100358,2025-08-06,C1468,Customer 1468,Male,47,Udaipur,Rajasthan,North,P2096,Outdoor Product 2096,Sports,Outdoor,2,19371.4,0.1,34868.52,Cash on Delivery,Completed,Returning
O100359,2025-03-28,C1360,Customer 1360,Male,40,Lucknow,Uttar Pradesh,North,P2049,Appliances Product 2049,Home & Kitchen,Appliances,2,16675.28,0,33350.56,Credit Card,Completed,Returning
O100360,2025-03-23,C1248,Customer 1248,Male,38,Vadodara,Gujarat,West,P2007,Mobiles Product 2007,Electronics,Mobiles,2,70839.48,0.1,127511.06,Cash on Delivery,Completed,Returning
O100361,2025-03-03,C1364,Customer 1364,Female,32,Salem,Tamil Nadu,South,P2011,Footwear Product 2011,Fashion,Footwear,1,65143.66,0.2,52114.93,UPI,Completed,Returning
O100362,2026-05-15,C1321,Customer 1321,Female,37,Thrissur,Kerala,South,P2092,Footwear Product 2092,Fashion,Footwear,1,2539.03,0.1,2285.13,Net Banking,Completed,Returning
O100363,2025-02-11,C1121,Customer 1121,Female,35,Kanpur,Uttar Pradesh,North,P2054,Accessories Product 2054,Electronics,Accessories,3,51113.05,0.15,130338.28,UPI,Cancelled,New
O100364,2025-01-12,C1286,Customer 1286,Male,20,Lucknow,Uttar Pradesh,North,P2087,Kitchen Product 2087,Home & Kitchen,Kitchen,2,43974.9,0,87949.8,Net Banking,Completed,New
O100365,2025-04-25,C1149,Customer 1149,Male,45,Mysuru,Karnataka,South,P2045,Laptops Product 2045,Electronics,Laptops,2,61352.14,0.1,110433.85,Credit Card,Completed,Returning
O100366,2025-08-06,C1084,Customer 1084,Female,24,Mumbai,Maharashtra,West,P2023,Accessories Product 2023,Electronics,Accessories,2,9651.38,0,19302.76,Credit Card,Completed,Returning
O100367,2025-04-16,C1454,Customer 1454,Female,28,Jaipur,Rajasthan,North,P2028,Furniture Product 2028,Home & Kitchen,Furniture,1,29619.27,0.1,26657.34,UPI,Completed,Returning
O100368,2026-06-12,C1406,Customer 1406,Female,24,Bengaluru,Karnataka,South,P2057,Skincare Product 2057,Beauty,Skincare,2,63514.52,0.05,120677.59,UPI,Completed,Returning
O100369,2026-04-17,C1466,Customer 1466,Male,33,Noida,Uttar Pradesh,North,P2026,Furniture Product 2026,Home & Kitchen,Furniture,1,59877.66,0.05,56883.78,Debit Card,Completed,Returning
O100370,2026-01-22,C1456,Customer 1456,Male,41,Kolkata,West Bengal,East,P2025,Footwear Product 2025,Fashion,Footwear,2,48968.5,0,97937,Debit Card,Completed,Returning
O100371,2025-08-14,C1231,Customer 1231,Female,46,Kolkata,West Bengal,East,P2054,Accessories Product 2054,Electronics,Accessories,5,51113.05,0.05,242786.99,Debit Card,Completed,Returning
O100372,2026-04-26,C1288,Customer 1288,Male,35,Warangal,Telangana,South,P2029,Appliances Product 2029,Home & Kitchen,Appliances,3,54225.01,0.1,146407.53,UPI,Completed,Returning
O100373,2026-02-12,C1161,Customer 1161,Male,55,New Delhi,Delhi,North,P2083,Mobiles Product 2083,Electronics,Mobiles,1,2853.83,0.1,2568.45,UPI,Completed,Returning
O100374,2026-04-02,C1272,Customer 1272,Female,40,Mysuru,Karnataka,South,P2097,Footwear Product 2097,Fashion,Footwear,1,70862.68,0,70862.68,Net Banking,Completed,Returning
O100375,2025-01-21,C1460,Customer 1460,Male,55,Lucknow,Uttar Pradesh,North,P2036,Mobiles Product 2036,Electronics,Mobiles,2,6463.39,0.1,11634.1,Net Banking,Completed,Returning
O100376,2026-08-24,C1038,Customer 1038,Male,42,Nagpur,Maharashtra,West,P2014,Skincare Product 2014,Beauty,Skincare,3,73803.13,0.1,199268.45,UPI,Completed,Returning
O100377,2025-07-22,C1500,Customer 1500,Female,37,Ahmedabad,Gujarat,West,P2078,Accessories Product 2078,Electronics,Accessories,2,71159.18,0.1,128086.52,Debit Card,Completed,Returning
O100378,2026-02-21,C1226,Customer 1226,Female,57,Hyderabad,Telangana,South,P2035,Mobiles Product 2035,Electronics,Mobiles,2,38973.06,0.15,66254.2,Net Banking,Returned,Returning
O100379,2026-02-20,C1142,Customer 1142,Male,32,Coimbatore,Tamil Nadu,South,P2030,Men Product 2030,Fashion,Men,1,64551.14,0.05,61323.58,Cash on Delivery,Completed,Returning
O100380,2026-03-24,C1292,Customer 1292,Male,29,Chennai,Tamil Nadu,South,P2092,Footwear Product 2092,Fashion,Footwear,2,2539.03,0,5078.06,UPI,Completed,Returning
O100381,2026-05-27,C1481,Customer 1481,Female,34,Pune,Maharashtra,West,P2017,Appliances Product 2017,Home & Kitchen,Appliances,2,35523.47,0.1,63942.25,Net Banking,Completed,Returning
O100382,2025-03-26,C1151,Customer 1151,Male,48,New Delhi,Delhi,North,P2067,Laptops Product 2067,Electronics,Laptops,4,38592.36,0.2,123495.55,Credit Card,Completed,Returning
O100383,2025-06-16,C1114,Customer 1114,Female,50,Kozhikode,Kerala,South,P2080,Mobiles Product 2080,Electronics,Mobiles,1,26947.88,0.1,24253.09,Debit Card,Completed,Returning
O100384,2026-01-19,C1237,Customer 1237,Female,38,Thrissur,Kerala,South,P2030,Men Product 2030,Fashion,Men,2,64551.14,0.15,109736.94,Credit Card,Completed,Returning
O100385,2026-04-13,C1066,Customer 1066,Female,36,Warangal,Telangana,South,P2093,Furniture Product 2093,Home & Kitchen,Furniture,1,15378.45,0.15,13071.68,Debit Card,Completed,Returning
O100386,2025-03-13,C1361,Customer 1361,Female,33,Nagpur,Maharashtra,West,P2045,Laptops Product 2045,Electronics,Laptops,2,61352.14,0.1,110433.85,Debit Card,Completed,Returning
O100387,2026-06-05,C1341,Customer 1341,Male,60,Kozhikode,Kerala,South,P2079,Laptops Product 2079,Electronics,Laptops,3,12821.16,0.1,34617.13,Credit Card,Completed,Returning
O100388,2026-04-18,C1258,Customer 1258,Female,39,Mumbai,Maharashtra,West,P2089,Women Product 2089,Fashion,Women,1,71400.34,0.05,67830.32,Credit Card,Completed,Returning
O100389,2025-09-15,C1475,Customer 1475,Male,26,Mysuru,Karnataka,South,P2051,Makeup Product 2051,Beauty,Makeup,1,3561.53,0.1,3205.38,Debit Card,Completed,Returning
O100390,2025-10-02,C1249,Customer 1249,Male,58,Jaipur,Rajasthan,North,P2047,Laptops Product 2047,Electronics,Laptops,3,6397.76,0.1,17273.95,Credit Card,Completed,Returning
O100391,2025-01-20,C1457,Customer 1457,Female,49,Ahmedabad,Gujarat,West,P2053,Mobiles Product 2053,Electronics,Mobiles,2,37147.78,0.15,63151.23,UPI,Completed,Returning
O100392,2026-05-05,C1449,Customer 1449,Male,45,Mumbai,Maharashtra,West,P2064,Furniture Product 2064,Home & Kitchen,Furniture,1,47477.55,0.05,45103.67,UPI,Completed,Returning
O100393,2026-05-05,C1331,Customer 1331,Male,51,Vadodara,Gujarat,West,P2038,Accessories Product 2038,Electronics,Accessories,1,15304.17,0,15304.17,Debit Card,Completed,Returning
O100394,2025-11-22,C1323,Customer 1323,Female,44,Chennai,Tamil Nadu,South,P2064,Furniture Product 2064,Home & Kitchen,Furniture,2,47477.55,0.15,80711.84,Net Banking,Completed,Returning
O100395,2026-06-13,C1180,Customer 1180,Male,32,Nagpur,Maharashtra,West,P2087,Kitchen Product 2087,Home & Kitchen,Kitchen,4,43974.9,0.15,149514.66,Net Banking,Completed,Returning
O100396,2025-03-30,C1190,Customer 1190,Female,32,New Delhi,Delhi,North,P2089,Women Product 2089,Fashion,Women,1,71400.34,0.25,53550.26,UPI,Completed,Returning
O100397,2026-05-01,C1407,Customer 1407,Female,48,Mumbai,Maharashtra,West,P2007,Mobiles Product 2007,Electronics,Mobiles,3,70839.48,0.1,191266.6,Credit Card,Completed,Returning
O100398,2025-12-16,C1154,Customer 1154,Male,45,Udaipur,Rajasthan,North,P2022,Outdoor Product 2022,Sports,Outdoor,1,34818.67,0,34818.67,UPI,Completed,Returning
O100399,2025-03-25,C1196,Customer 1196,Female,31,Kochi,Kerala,South,P2081,Men Product 2081,Fashion,Men,1,63359.53,0,63359.53,Cash on Delivery,Cancelled,Returning
O100400,2026-01-22,C1466,Customer 1466,Male,33,Noida,Uttar Pradesh,North,P2082,Makeup Product 2082,Beauty,Makeup,1,65159.86,0.15,55385.88,UPI,Completed,Returning
O100401,2025-03-28,C1311,Customer 1311,Female,36,Madurai,Tamil Nadu,South,P2041,Accessories Product 2041,Electronics,Accessories,3,2659.49,0,7978.47,Credit Card,Completed,New
O100402,2025-11-03,C1262,Customer 1262,Female,58,Kanpur,Uttar Pradesh,North,P2074,Mobiles Product 2074,Electronics,Mobiles,1,18005.98,0.2,14404.78,Debit Card,Completed,Returning
O100403,2025-06-03,C1419,Customer 1419,Female,32,Udaipur,Rajasthan,North,P2010,Sportswear Product 2010,Sports,Sportswear,3,51133.3,0.05,145729.91,Cash on Delivery,Completed,Returning
O100404,2026-03-16,C1406,Customer 1406,Female,24,Bengaluru,Karnataka,South,P2057,Skincare Product 2057,Beauty,Skincare,1,63514.52,0.2,50811.62,UPI,Completed,Returning
O100405,2025-09-21,C1427,Customer 1427,Male,23,Kanpur,Uttar Pradesh,North,P2007,Mobiles Product 2007,Electronics,Mobiles,5,70839.48,0.15,301067.79,UPI,Cancelled,Returning
O100406,2026-02-25,C1143,Customer 1143,Female,31,Udaipur,Rajasthan,North,P2050,Fitness Product 2050,Sports,Fitness,3,13904.21,0.2,33370.1,Credit Card,Completed,Returning
O100407,2026-05-08,C1342,Customer 1342,Female,54,Bengaluru,Karnataka,South,P2091,Accessories Product 2091,Electronics,Accessories,2,36816.84,0,73633.68,Debit Card,Returned,Returning
O100408,2026-02-15,C1316,Customer 1316,Female,47,Cuttack,Odisha,East,P2052,Laptops Product 2052,Electronics,Laptops,3,54024.37,0.1,145865.8,UPI,Completed,Returning
O100409,2025-06-22,C1101,Customer 1101,Male,45,Kozhikode,Kerala,South,P2033,Footwear Product 2033,Fashion,Footwear,2,37566.95,0,75133.9,Debit Card,Completed,Returning
O100410,2025-01-04,C1244,Customer 1244,Male,23,Mumbai,Maharashtra,West,P2001,Accessories Product 2001,Electronics,Accessories,3,63975.38,0,191926.14,Credit Card,Returned,New
O100411,2026-04-17,C1490,Customer 1490,Male,45,Salem,Tamil Nadu,South,P2053,Mobiles Product 2053,Electronics,Mobiles,1,37147.78,0.05,35290.39,Net Banking,Returned,Returning
O100412,2025-04-20,C1012,Customer 1012,Male,51,Vadodara,Gujarat,West,P2060,Women Product 2060,Fashion,Women,1,54476.75,0.15,46305.24,UPI,Completed,New
O100413,2025-02-06,C1239,Customer 1239,Male,20,Kanpur,Uttar Pradesh,North,P2034,Men Product 2034,Fashion,Men,2,42105.76,0,84211.52,UPI,Cancelled,New
O100414,2026-08-06,C1049,Customer 1049,Female,25,Salem,Tamil Nadu,South,P2004,Kitchen Product 2004,Home & Kitchen,Kitchen,1,1952.63,0.2,1562.1,Net Banking,Completed,Returning
O100415,2025-01-31,C1042,Customer 1042,Male,21,Mangaluru,Karnataka,South,P2017,Appliances Product 2017,Home & Kitchen,Appliances,1,35523.47,0,35523.47,Debit Card,Cancelled,Returning
O100416,2026-01-16,C1166,Customer 1166,Male,56,Jaipur,Rajasthan,North,P2004,Kitchen Product 2004,Home & Kitchen,Kitchen,2,1952.63,0.05,3710,Net Banking,Cancelled,Returning
O100417,2025-09-25,C1082,Customer 1082,Female,35,New Delhi,Delhi,North,P2043,Furniture Product 2043,Home & Kitchen,Furniture,1,47010.26,0,47010.26,Net Banking,Cancelled,Returning
O100418,2025-01-11,C1429,Customer 1429,Male,23,Noida,Uttar Pradesh,North,P2090,Men Product 2090,Fashion,Men,2,43634.38,0.15,74178.45,UPI,Cancelled,New
O100419,2025-12-10,C1291,Customer 1291,Male,31,New Delhi,Delhi,North,P2004,Kitchen Product 2004,Home & Kitchen,Kitchen,1,1952.63,0,1952.63,UPI,Completed,Returning
O100420,2026-06-28,C1158,Customer 1158,Female,23,Kozhikode,Kerala,South,P2001,Accessories Product 2001,Electronics,Accessories,4,63975.38,0.2,204721.22,UPI,Completed,Returning
O100421,2026-07-23,C1216,Customer 1216,Male,24,New Delhi,Delhi,North,P2071,Mobiles Product 2071,Electronics,Mobiles,4,29513.79,0.1,106249.64,Cash on Delivery,Completed,Returning
O100422,2025-06-15,C1490,Customer 1490,Male,45,Salem,Tamil Nadu,South,P2094,Women Product 2094,Fashion,Women,4,14369.68,0.2,45982.98,Credit Card,Completed,Returning
O100423,2025-12-08,C1158,Customer 1158,Female,23,Kozhikode,Kerala,South,P2050,Fitness Product 2050,Sports,Fitness,1,13904.21,0.05,13209,UPI,Completed,Returning
O100424,2026-04-27,C1462,Customer 1462,Male,27,Cuttack,Odisha,East,P2073,Mobiles Product 2073,Electronics,Mobiles,2,58078.44,0.1,104541.19,UPI,Completed,Returning
O100425,2025-01-19,C1134,Customer 1134,Male,56,Kanpur,Uttar Pradesh,North,P2061,Women Product 2061,Fashion,Women,4,44949.95,0.15,152829.83,Cash on Delivery,Completed,New
O100426,2025-07-03,C1067,Customer 1067,Female,38,Salem,Tamil Nadu,South,P2035,Mobiles Product 2035,Electronics,Mobiles,4,38973.06,0.15,132508.4,Net Banking,Completed,Returning
O100427,2026-06-29,C1336,Customer 1336,Female,41,Jodhpur,Rajasthan,North,P2008,Mobiles Product 2008,Electronics,Mobiles,3,12522.7,0.1,33811.29,Cash on Delivery,Completed,Returning
O100428,2025-01-10,C1007,Customer 1007,Male,44,Patna,Bihar,East,P2024,Men Product 2024,Fashion,Men,1,15279.2,0.2,12223.36,Credit Card,Completed,New
O100429,2026-08-15,C1436,Customer 1436,Female,51,Mangaluru,Karnataka,South,P2083,Mobiles Product 2083,Electronics,Mobiles,2,2853.83,0,5707.66,Debit Card,Completed,Returning
O100430,2025-07-11,C1014,Customer 1014,Male,42,Kolkata,West Bengal,East,P2036,Mobiles Product 2036,Electronics,Mobiles,3,6463.39,0.15,16481.64,UPI,Completed,Returning
O100431,2025-11-16,C1073,Customer 1073,Male,28,Ahmedabad,Gujarat,West,P2050,Fitness Product 2050,Sports,Fitness,1,13904.21,0.05,13209,UPI,Completed,Returning
O100432,2026-08-03,C1399,Customer 1399,Female,53,Jodhpur,Rajasthan,North,P2043,Furniture Product 2043,Home & Kitchen,Furniture,2,47010.26,0,94020.52,UPI,Completed,Returning
O100433,2026-04-20,C1405,Customer 1405,Female,36,Noida,Uttar Pradesh,North,P2027,Kitchen Product 2027,Home & Kitchen,Kitchen,3,11473.67,0.05,32699.96,UPI,Completed,Returning
O100434,2026-03-03,C1163,Customer 1163,Female,40,Warangal,Telangana,South,P2032,Mobiles Product 2032,Electronics,Mobiles,2,7978.59,0.2,12765.74,Debit Card,Completed,Returning
O100435,2025-02-28,C1066,Customer 1066,Female,36,Warangal,Telangana,South,P2078,Accessories Product 2078,Electronics,Accessories,1,71159.18,0.25,53369.38,Cash on Delivery,Completed,New
O100436,2026-03-12,C1347,Customer 1347,Male,36,Patna,Bihar,East,P2018,Women Product 2018,Fashion,Women,2,15516.48,0.05,29481.31,UPI,Completed,Returning
O100437,2025-04-07,C1130,Customer 1130,Female,31,Kolkata,West Bengal,East,P2028,Furniture Product 2028,Home & Kitchen,Furniture,5,29619.27,0.2,118477.08,Cash on Delivery,Completed,Returning
O100438,2026-05-11,C1419,Customer 1419,Female,32,Udaipur,Rajasthan,North,P2029,Appliances Product 2029,Home & Kitchen,Appliances,2,54225.01,0.1,97605.02,Credit Card,Completed,Returning
O100439,2025-10-05,C1466,Customer 1466,Male,33,Noida,Uttar Pradesh,North,P2016,Mobiles Product 2016,Electronics,Mobiles,3,48979.51,0.15,124897.75,Credit Card,Completed,New
O100440,2025-09-22,C1206,Customer 1206,Male,31,Kolkata,West Bengal,East,P2099,Sportswear Product 2099,Sports,Sportswear,2,42924.55,0,85849.1,Credit Card,Completed,Returning
O100441,2025-01-09,C1276,Customer 1276,Female,56,Mangaluru,Karnataka,South,P2047,Laptops Product 2047,Electronics,Laptops,2,6397.76,0.1,11515.97,Credit Card,Completed,New
O100442,2026-04-02,C1466,Customer 1466,Male,33,Noida,Uttar Pradesh,North,P2059,Mobiles Product 2059,Electronics,Mobiles,2,38695.49,0,77390.98,UPI,Completed,Returning
O100443,2025-09-30,C1256,Customer 1256,Male,32,Mumbai,Maharashtra,West,P2031,Makeup Product 2031,Beauty,Makeup,1,36193.87,0.05,34384.18,Debit Card,Completed,Returning
O100444,2025-01-08,C1266,Customer 1266,Female,47,Thrissur,Kerala,South,P2004,Kitchen Product 2004,Home & Kitchen,Kitchen,1,1952.63,0.1,1757.37,Net Banking,Completed,New
O100445,2025-07-27,C1025,Customer 1025,Female,45,Mumbai,Maharashtra,West,P2037,Haircare Product 2037,Beauty,Haircare,1,29950.17,0.15,25457.64,Net Banking,Completed,Returning
O100446,2025-05-03,C1450,Customer 1450,Female,53,Kanpur,Uttar Pradesh,North,P2017,Appliances Product 2017,Home & Kitchen,Appliances,1,35523.47,0.1,31971.12,Credit Card,Completed,Returning
O100447,2025-02-02,C1281,Customer 1281,Female,37,Patna,Bihar,East,P2039,Footwear Product 2039,Fashion,Footwear,1,15251.22,0.2,12200.98,Net Banking,Completed,Returning
O100448,2026-05-28,C1253,Customer 1253,Female,38,Udaipur,Rajasthan,North,P2048,Accessories Product 2048,Electronics,Accessories,1,48876.98,0.15,41545.43,Debit Card,Completed,Returning
O100449,2025-07-23,C1310,Customer 1310,Female,46,New Delhi,Delhi,North,P2046,Appliances Product 2046,Home & Kitchen,Appliances,3,3344.33,0,10032.99,Cash on Delivery,Completed,Returning
O100450,2026-06-02,C1289,Customer 1289,Male,42,Vadodara,Gujarat,West,P2090,Men Product 2090,Fashion,Men,1,43634.38,0.05,41452.66,Credit Card,Completed,Returning
O100451,2026-06-01,C1164,Customer 1164,Female,55,Chennai,Tamil Nadu,South,P2048,Accessories Product 2048,Electronics,Accessories,1,48876.98,0.1,43989.28,Cash on Delivery,Completed,Returning
O100452,2026-03-19,C1095,Customer 1095,Female,47,Salem,Tamil Nadu,South,P2039,Footwear Product 2039,Fashion,Footwear,1,15251.22,0.2,12200.98,Debit Card,Completed,Returning
O100453,2026-08-15,C1270,Customer 1270,Male,25,Cuttack,Odisha,East,P2004,Kitchen Product 2004,Home & Kitchen,Kitchen,2,1952.63,0.25,2928.94,Net Banking,Completed,Returning
O100454,2025-12-05,C1321,Customer 1321,Female,37,Thrissur,Kerala,South,P2030,Men Product 2030,Fashion,Men,1,64551.14,0.15,54868.47,UPI,Completed,Returning
O100455,2026-03-14,C1110,Customer 1110,Male,29,Kanpur,Uttar Pradesh,North,P2030,Men Product 2030,Fashion,Men,1,64551.14,0.1,58096.03,Credit Card,Completed,Returning
O100456,2026-03-21,C1336,Customer 1336,Female,41,Jodhpur,Rajasthan,North,P2022,Outdoor Product 2022,Sports,Outdoor,1,34818.67,0.15,29595.87,Credit Card,Cancelled,Returning
O100457,2025-05-16,C1310,Customer 1310,Female,46,New Delhi,Delhi,North,P2075,Laptops Product 2075,Electronics,Laptops,3,5790.21,0.05,16502.1,UPI,Completed,Returning
O100458,2026-01-22,C1238,Customer 1238,Female,27,New Delhi,Delhi,North,P2066,Furniture Product 2066,Home & Kitchen,Furniture,4,13722.33,0.05,52144.85,UPI,Cancelled,Returning
O100459,2025-01-25,C1381,Customer 1381,Female,49,Jaipur,Rajasthan,North,P2012,Fitness Product 2012,Sports,Fitness,4,70788.11,0.1,254837.2,Cash on Delivery,Completed,Returning
O100460,2026-05-21,C1436,Customer 1436,Female,51,Mangaluru,Karnataka,South,P2094,Women Product 2094,Fashion,Women,1,14369.68,0.2,11495.74,Credit Card,Completed,Returning
O100461,2025-11-21,C1387,Customer 1387,Male,33,Hyderabad,Telangana,South,P2036,Mobiles Product 2036,Electronics,Mobiles,2,6463.39,0.25,9695.09,UPI,Completed,Returning
O100462,2025-12-04,C1483,Customer 1483,Male,56,Kochi,Kerala,South,P2018,Women Product 2018,Fashion,Women,2,15516.48,0.05,29481.31,Credit Card,Completed,Returning
O100463,2025-04-05,C1425,Customer 1425,Female,35,New Delhi,Delhi,North,P2090,Men Product 2090,Fashion,Men,1,43634.38,0.15,37089.22,UPI,Returned,Returning
O100464,2026-06-29,C1390,Customer 1390,Male,58,Mangaluru,Karnataka,South,P2053,Mobiles Product 2053,Electronics,Mobiles,1,37147.78,0.2,29718.22,Credit Card,Completed,Returning
O100465,2025-05-26,C1025,Customer 1025,Female,45,Mumbai,Maharashtra,West,P2071,Mobiles Product 2071,Electronics,Mobiles,1,29513.79,0.1,26562.41,Debit Card,Returned,Returning
O100466,2025-08-19,C1141,Customer 1141,Female,48,Ahmedabad,Gujarat,West,P2001,Accessories Product 2001,Electronics,Accessories,3,63975.38,0.05,182329.83,Credit Card,Completed,Returning
O100467,2026-05-10,C1117,Customer 1117,Male,51,Vadodara,Gujarat,West,P2058,Women Product 2058,Fashion,Women,1,74077.42,0.1,66669.68,Net Banking,Cancelled,Returning
O100468,2025-02-07,C1482,Customer 1482,Female,44,Hyderabad,Telangana,South,P2090,Men Product 2090,Fashion,Men,1,43634.38,0.1,39270.94,UPI,Completed,New
O100469,2026-03-01,C1392,Customer 1392,Male,53,Pune,Maharashtra,West,P2087,Kitchen Product 2087,Home & Kitchen,Kitchen,2,43974.9,0.1,79154.82,Cash on Delivery,Completed,Returning
O100470,2026-03-13,C1405,Customer 1405,Female,36,Noida,Uttar Pradesh,North,P2090,Men Product 2090,Fashion,Men,2,43634.38,0.1,78541.88,Cash on Delivery,Completed,Returning
O100471,2026-01-03,C1482,Customer 1482,Female,44,Hyderabad,Telangana,South,P2006,Accessories Product 2006,Electronics,Accessories,3,33608.93,0.15,85702.77,UPI,Completed,Returning
O100472,2025-12-11,C1452,Customer 1452,Female,45,Kolkata,West Bengal,East,P2070,Men Product 2070,Fashion,Men,2,49797.81,0,99595.62,Net Banking,Completed,Returning
O100473,2025-06-09,C1025,Customer 1025,Female,45,Mumbai,Maharashtra,West,P2044,Makeup Product 2044,Beauty,Makeup,2,61167.44,0.05,116218.14,Credit Card,Completed,Returning
O100474,2026-07-04,C1079,Customer 1079,Male,44,Salem,Tamil Nadu,South,P2072,Outdoor Product 2072,Sports,Outdoor,2,64391.57,0.1,115904.83,Credit Card,Completed,Returning
O100475,2026-06-25,C1068,Customer 1068,Male,47,Hyderabad,Telangana,South,P2024,Men Product 2024,Fashion,Men,1,15279.2,0.05,14515.24,UPI,Completed,Returning
O100476,2025-05-24,C1173,Customer 1173,Male,58,Cuttack,Odisha,East,P2086,Mobiles Product 2086,Electronics,Mobiles,1,70060.46,0.25,52545.34,Credit Card,Completed,Returning
O100477,2026-08-11,C1444,Customer 1444,Female,25,Warangal,Telangana,South,P2019,Accessories Product 2019,Electronics,Accessories,4,34190.91,0.05,129925.46,Cash on Delivery,Completed,Returning
O100478,2026-07-30,C1012,Customer 1012,Male,51,Vadodara,Gujarat,West,P2018,Women Product 2018,Fashion,Women,5,15516.48,0.1,69824.16,UPI,Completed,Returning
O100479,2025-12-11,C1288,Customer 1288,Male,35,Warangal,Telangana,South,P2095,Skincare Product 2095,Beauty,Skincare,2,33448.14,0.2,53517.02,UPI,Completed,Returning
O100480,2025-09-26,C1128,Customer 1128,Male,39,Thrissur,Kerala,South,P2030,Men Product 2030,Fashion,Men,1,64551.14,0,64551.14,UPI,Completed,Returning
O100481,2025-09-25,C1096,Customer 1096,Female,24,Kanpur,Uttar Pradesh,North,P2042,Sportswear Product 2042,Sports,Sportswear,1,46086.93,0.15,39173.89,Credit Card,Completed,Returning
O100482,2025-06-18,C1092,Customer 1092,Female,41,Chennai,Tamil Nadu,South,P2033,Footwear Product 2033,Fashion,Footwear,1,37566.95,0.1,33810.25,Cash on Delivery,Completed,Returning
O100483,2025-02-02,C1141,Customer 1141,Female,48,Ahmedabad,Gujarat,West,P2074,Mobiles Product 2074,Electronics,Mobiles,3,18005.98,0,54017.94,Debit Card,Completed,New
O100484,2026-01-12,C1031,Customer 1031,Male,55,New Delhi,Delhi,North,P2012,Fitness Product 2012,Sports,Fitness,2,70788.11,0.2,113260.98,UPI,Cancelled,Returning
O100485,2025-08-02,C1334,Customer 1334,Male,45,Salem,Tamil Nadu,South,P2094,Women Product 2094,Fashion,Women,3,14369.68,0,43109.04,Credit Card,Completed,Returning
O100486,2026-07-16,C1020,Customer 1020,Male,59,Pune,Maharashtra,West,P2027,Kitchen Product 2027,Home & Kitchen,Kitchen,2,11473.67,0.1,20652.61,Credit Card,Completed,Returning
O100487,2026-03-16,C1146,Customer 1146,Male,54,Salem,Tamil Nadu,South,P2039,Footwear Product 2039,Fashion,Footwear,1,15251.22,0,15251.22,UPI,Completed,Returning
O100488,2026-05-07,C1477,Customer 1477,Male,42,Vadodara,Gujarat,West,P2009,Skincare Product 2009,Beauty,Skincare,1,22588.57,0,22588.57,Credit Card,Completed,Returning
O100489,2026-01-28,C1316,Customer 1316,Female,47,Cuttack,Odisha,East,P2021,Mobiles Product 2021,Electronics,Mobiles,1,68414.15,0.2,54731.32,UPI,Completed,Returning
O100490,2026-05-04,C1447,Customer 1447,Male,60,Mangaluru,Karnataka,South,P2076,Laptops Product 2076,Electronics,Laptops,2,33823.68,0.15,57500.26,Net Banking,Completed,Returning
O100491,2025-01-29,C1390,Customer 1390,Male,58,Mangaluru,Karnataka,South,P2029,Appliances Product 2029,Home & Kitchen,Appliances,1,54225.01,0,54225.01,Credit Card,Completed,Returning
O100492,2025-02-08,C1160,Customer 1160,Female,48,Kochi,Kerala,South,P2033,Footwear Product 2033,Fashion,Footwear,2,37566.95,0.1,67620.51,Net Banking,Completed,Returning
O100493,2025-06-22,C1349,Customer 1349,Female,50,Jaipur,Rajasthan,North,P2062,Makeup Product 2062,Beauty,Makeup,2,20979.04,0.15,35664.37,Cash on Delivery,Completed,Returning
O100494,2025-01-17,C1043,Customer 1043,Female,51,Warangal,Telangana,South,P2015,Furniture Product 2015,Home & Kitchen,Furniture,1,17477.61,0.2,13982.09,Cash on Delivery,Cancelled,New
O100495,2025-02-25,C1254,Customer 1254,Male,58,Thrissur,Kerala,South,P2002,Sportswear Product 2002,Sports,Sportswear,1,72675.18,0.1,65407.66,UPI,Completed,New
O100496,2025-08-14,C1130,Customer 1130,Female,31,Kolkata,West Bengal,East,P2052,Laptops Product 2052,Electronics,Laptops,1,54024.37,0.2,43219.5,Cash on Delivery,Completed,Returning
O100497,2026-07-12,C1060,Customer 1060,Male,54,Mumbai,Maharashtra,West,P2044,Makeup Product 2044,Beauty,Makeup,2,61167.44,0.1,110101.39,Net Banking,Completed,Returning
O100498,2025-03-08,C1151,Customer 1151,Male,48,New Delhi,Delhi,North,P2054,Accessories Product 2054,Electronics,Accessories,1,51113.05,0.15,43446.09,Net Banking,Completed,Returning
O100499,2025-07-16,C1467,Customer 1467,Female,45,Pune,Maharashtra,West,P2018,Women Product 2018,Fashion,Women,1,15516.48,0.25,11637.36,UPI,Completed,Returning
O100500,2025-01-23,C1287,Customer 1287,Male,22,Jodhpur,Rajasthan,North,P2003,Makeup Product 2003,Beauty,Makeup,3,44701.37,0.05,127398.9,UPI,Completed,New
O100501,2026-08-29,C1499,Customer 1499,Male,60,Surat,Gujarat,West,P2007,Mobiles Product 2007,Electronics,Mobiles,2,70839.48,0,141678.96,Cash on Delivery,Completed,Returning
O100502,2025-08-25,C1005,Customer 1005,Male,22,New Delhi,Delhi,North,P2043,Furniture Product 2043,Home & Kitchen,Furniture,2,47010.26,0.05,89319.49,UPI,Completed,Returning
O100503,2026-07-20,C1467,Customer 1467,Female,45,Pune,Maharashtra,West,P2082,Makeup Product 2082,Beauty,Makeup,2,65159.86,0,130319.72,UPI,Completed,Returning
O100504,2025-05-18,C1418,Customer 1418,Female,21,Cuttack,Odisha,East,P2038,Accessories Product 2038,Electronics,Accessories,3,15304.17,0.05,43616.88,Credit Card,Completed,Returning
O100505,2026-04-18,C1266,Customer 1266,Female,47,Thrissur,Kerala,South,P2037,Haircare Product 2037,Beauty,Haircare,2,29950.17,0.15,50915.29,Cash on Delivery,Completed,Returning
O100506,2026-07-07,C1345,Customer 1345,Male,25,Udaipur,Rajasthan,North,P2058,Women Product 2058,Fashion,Women,1,74077.42,0.1,66669.68,Credit Card,Completed,Returning
O100507,2025-08-17,C1130,Customer 1130,Female,31,Kolkata,West Bengal,East,P2033,Footwear Product 2033,Fashion,Footwear,1,37566.95,0.05,35688.6,Cash on Delivery,Returned,Returning
O100508,2025-11-13,C1382,Customer 1382,Female,36,Chennai,Tamil Nadu,South,P2059,Mobiles Product 2059,Electronics,Mobiles,3,38695.49,0.05,110282.15,UPI,Completed,Returning
O100509,2026-08-21,C1267,Customer 1267,Female,44,Warangal,Telangana,South,P2095,Skincare Product 2095,Beauty,Skincare,2,33448.14,0,66896.28,UPI,Completed,Returning
O100510,2026-07-15,C1178,Customer 1178,Male,56,Mysuru,Karnataka,South,P2011,Footwear Product 2011,Fashion,Footwear,2,65143.66,0.1,117258.59,Credit Card,Completed,Returning
O100511,2025-07-20,C1253,Customer 1253,Female,38,Udaipur,Rajasthan,North,P2068,Furniture Product 2068,Home & Kitchen,Furniture,3,37073.16,0.1,100097.53,Debit Card,Completed,Returning
O100512,2025-09-15,C1415,Customer 1415,Male,24,Chennai,Tamil Nadu,South,P2082,Makeup Product 2082,Beauty,Makeup,4,65159.86,0,260639.44,Credit Card,Completed,Returning
O100513,2026-04-25,C1056,Customer 1056,Female,23,New Delhi,Delhi,North,P2068,Furniture Product 2068,Home & Kitchen,Furniture,1,37073.16,0.25,27804.87,Credit Card,Completed,Returning
O100514,2025-06-27,C1463,Customer 1463,Female,54,New Delhi,Delhi,North,P2098,Women Product 2098,Fashion,Women,1,18537.8,0.1,16684.02,UPI,Completed,Returning
O100515,2025-05-03,C1457,Customer 1457,Female,49,Ahmedabad,Gujarat,West,P2093,Furniture Product 2093,Home & Kitchen,Furniture,1,15378.45,0.2,12302.76,UPI,Completed,Returning
O100516,2025-12-08,C1471,Customer 1471,Male,43,Kolkata,West Bengal,East,P2088,Men Product 2088,Fashion,Men,2,36148.31,0,72296.62,Debit Card,Completed,Returning
O100517,2025-06-20,C1083,Customer 1083,Male,58,Kolkata,West Bengal,East,P2022,Outdoor Product 2022,Sports,Outdoor,1,34818.67,0.15,29595.87,Credit Card,Completed,Returning
O100518,2025-02-28,C1393,Customer 1393,Female,57,Warangal,Telangana,South,P2066,Furniture Product 2066,Home & Kitchen,Furniture,1,13722.33,0.1,12350.1,UPI,Completed,Returning
O100519,2026-04-10,C1099,Customer 1099,Female,31,Vadodara,Gujarat,West,P2044,Makeup Product 2044,Beauty,Makeup,1,61167.44,0.15,51992.32,UPI,Completed,Returning
O100520,2025-09-17,C1149,Customer 1149,Male,45,Mysuru,Karnataka,South,P2006,Accessories Product 2006,Electronics,Accessories,1,33608.93,0.1,30248.04,Credit Card,Completed,Returning
O100521,2026-01-08,C1329,Customer 1329,Female,20,Salem,Tamil Nadu,South,P2042,Sportswear Product 2042,Sports,Sportswear,1,46086.93,0.25,34565.2,Cash on Delivery,Completed,Returning
O100522,2025-04-05,C1156,Customer 1156,Female,60,Vadodara,Gujarat,West,P2025,Footwear Product 2025,Fashion,Footwear,1,48968.5,0.1,44071.65,Credit Card,Completed,Returning
O100523,2025-05-05,C1190,Customer 1190,Female,32,New Delhi,Delhi,North,P2057,Skincare Product 2057,Beauty,Skincare,2,63514.52,0.15,107974.68,UPI,Cancelled,Returning
O100524,2025-02-10,C1494,Customer 1494,Female,39,Kochi,Kerala,South,P2085,Fitness Product 2085,Sports,Fitness,1,48108.22,0.2,38486.58,Credit Card,Cancelled,Returning
O100525,2025-09-11,C1371,Customer 1371,Female,50,Cuttack,Odisha,East,P2055,Accessories Product 2055,Electronics,Accessories,1,15507.3,0.15,13181.2,Debit Card,Completed,Returning
O100526,2025-01-07,C1263,Customer 1263,Male,20,Nagpur,Maharashtra,West,P2016,Mobiles Product 2016,Electronics,Mobiles,3,48979.51,0.1,132244.68,Debit Card,Completed,New
O100527,2026-04-16,C1080,Customer 1080,Female,59,Ahmedabad,Gujarat,West,P2095,Skincare Product 2095,Beauty,Skincare,3,33448.14,0.05,95327.2,UPI,Completed,New
O100528,2026-05-26,C1400,Customer 1400,Male,57,Patna,Bihar,East,P2014,Skincare Product 2014,Beauty,Skincare,1,73803.13,0.2,59042.5,Debit Card,Completed,Returning
O100529,2026-08-04,C1252,Customer 1252,Male,45,Ahmedabad,Gujarat,West,P2039,Footwear Product 2039,Fashion,Footwear,1,15251.22,0.1,13726.1,Debit Card,Completed,Returning
O100530,2025-03-10,C1097,Customer 1097,Female,49,Cuttack,Odisha,East,P2028,Furniture Product 2028,Home & Kitchen,Furniture,2,29619.27,0.1,53314.69,UPI,Completed,New
O100531,2025-03-22,C1260,Customer 1260,Male,27,Kolkata,West Bengal,East,P2096,Outdoor Product 2096,Sports,Outdoor,1,19371.4,0,19371.4,UPI,Completed,Returning
O100532,2026-06-26,C1260,Customer 1260,Male,27,Kolkata,West Bengal,East,P2092,Footwear Product 2092,Fashion,Footwear,1,2539.03,0.1,2285.13,Credit Card,Completed,Returning
O100533,2026-08-08,C1103,Customer 1103,Female,40,Mumbai,Maharashtra,West,P2051,Makeup Product 2051,Beauty,Makeup,1,3561.53,0.15,3027.3,Debit Card,Completed,Returning
O100534,2025-09-19,C1040,Customer 1040,Male,47,New Delhi,Delhi,North,P2049,Appliances Product 2049,Home & Kitchen,Appliances,1,16675.28,0.1,15007.75,Cash on Delivery,Completed,Returning
O100535,2025-03-30,C1273,Customer 1273,Female,35,Jaipur,Rajasthan,North,P2009,Skincare Product 2009,Beauty,Skincare,2,22588.57,0.1,40659.43,Credit Card,Completed,Returning
O100536,2025-07-27,C1101,Customer 1101,Male,45,Kozhikode,Kerala,South,P2058,Women Product 2058,Fashion,Women,3,74077.42,0.05,211120.65,Net Banking,Completed,Returning
O100537,2025-08-01,C1359,Customer 1359,Male,36,Ahmedabad,Gujarat,West,P2045,Laptops Product 2045,Electronics,Laptops,3,61352.14,0.05,174853.6,UPI,Completed,Returning
O100538,2025-09-23,C1380,Customer 1380,Male,49,Kolkata,West Bengal,East,P2022,Outdoor Product 2022,Sports,Outdoor,2,34818.67,0.15,59191.74,Cash on Delivery,Completed,Returning
O100539,2025-10-20,C1308,Customer 1308,Female,60,Ahmedabad,Gujarat,West,P2032,Mobiles Product 2032,Electronics,Mobiles,1,7978.59,0.05,7579.66,Debit Card,Completed,Returning
O100540,2025-07-26,C1221,Customer 1221,Male,37,Patna,Bihar,East,P2069,Mobiles Product 2069,Electronics,Mobiles,2,33564.3,0.1,60415.74,Debit Card,Completed,Returning
O100541,2025-11-29,C1308,Customer 1308,Female,60,Ahmedabad,Gujarat,West,P2087,Kitchen Product 2087,Home & Kitchen,Kitchen,1,43974.9,0.1,39577.41,UPI,Completed,Returning
O100542,2025-03-18,C1420,Customer 1420,Female,30,Madurai,Tamil Nadu,South,P2069,Mobiles Product 2069,Electronics,Mobiles,1,33564.3,0.25,25173.22,UPI,Completed,Returning
O100543,2025-10-15,C1124,Customer 1124,Male,21,Kozhikode,Kerala,South,P2042,Sportswear Product 2042,Sports,Sportswear,2,46086.93,0,92173.86,Debit Card,Cancelled,Returning
O100544,2025-02-16,C1422,Customer 1422,Female,35,Kozhikode,Kerala,South,P2053,Mobiles Product 2053,Electronics,Mobiles,3,37147.78,0,111443.34,UPI,Completed,Returning
O100545,2025-07-19,C1231,Customer 1231,Female,46,Kolkata,West Bengal,East,P2096,Outdoor Product 2096,Sports,Outdoor,1,19371.4,0.1,17434.26,UPI,Completed,Returning
O100546,2026-03-03,C1178,Customer 1178,Male,56,Mysuru,Karnataka,South,P2059,Mobiles Product 2059,Electronics,Mobiles,3,38695.49,0.1,104477.82,UPI,Returned,Returning
O100547,2025-07-29,C1063,Customer 1063,Male,32,Ahmedabad,Gujarat,West,P2074,Mobiles Product 2074,Electronics,Mobiles,1,18005.98,0,18005.98,UPI,Completed,Returning
O100548,2026-02-24,C1485,Customer 1485,Male,29,Pune,Maharashtra,West,P2039,Footwear Product 2039,Fashion,Footwear,1,15251.22,0.15,12963.54,Debit Card,Completed,Returning
O100549,2025-06-03,C1116,Customer 1116,Female,38,New Delhi,Delhi,North,P2015,Furniture Product 2015,Home & Kitchen,Furniture,1,17477.61,0.1,15729.85,Credit Card,Completed,Returning
O100550,2026-06-06,C1191,Customer 1191,Male,38,Nagpur,Maharashtra,West,P2071,Mobiles Product 2071,Electronics,Mobiles,2,29513.79,0.05,56076.2,UPI,Completed,Returning
O100551,2026-02-19,C1062,Customer 1062,Male,35,Kolkata,West Bengal,East,P2029,Appliances Product 2029,Home & Kitchen,Appliances,3,54225.01,0.05,154541.28,Credit Card,Completed,Returning
O100552,2025-12-19,C1256,Customer 1256,Male,32,Mumbai,Maharashtra,West,P2003,Makeup Product 2003,Beauty,Makeup,2,44701.37,0.2,71522.19,Net Banking,Completed,Returning
O100553,2025-06-06,C1483,Customer 1483,Male,56,Kochi,Kerala,South,P2083,Mobiles Product 2083,Electronics,Mobiles,1,2853.83,0,2853.83,Cash on Delivery,Completed,Returning
O100554,2025-09-18,C1007,Customer 1007,Male,44,Patna,Bihar,East,P2010,Sportswear Product 2010,Sports,Sportswear,1,51133.3,0,51133.3,Credit Card,Returned,Returning
O100555,2025-03-18,C1155,Customer 1155,Male,53,Thrissur,Kerala,South,P2092,Footwear Product 2092,Fashion,Footwear,2,2539.03,0,5078.06,Credit Card,Completed,Returning
O100556,2026-05-03,C1092,Customer 1092,Female,41,Chennai,Tamil Nadu,South,P2029,Appliances Product 2029,Home & Kitchen,Appliances,1,54225.01,0.1,48802.51,UPI,Returned,Returning
O100557,2025-05-11,C1470,Customer 1470,Female,33,Coimbatore,Tamil Nadu,South,P2079,Laptops Product 2079,Electronics,Laptops,1,12821.16,0.15,10897.99,Credit Card,Completed,Returning
O100558,2026-08-02,C1014,Customer 1014,Male,42,Kolkata,West Bengal,East,P2035,Mobiles Product 2035,Electronics,Mobiles,4,38973.06,0.05,148097.63,Debit Card,Completed,Returning
O100559,2026-03-31,C1455,Customer 1455,Male,45,Mumbai,Maharashtra,West,P2006,Accessories Product 2006,Electronics,Accessories,2,33608.93,0,67217.86,Credit Card,Completed,Returning
O100560,2025-06-12,C1229,Customer 1229,Male,59,Mumbai,Maharashtra,West,P2012,Fitness Product 2012,Sports,Fitness,1,70788.11,0,70788.11,UPI,Completed,Returning
O100561,2025-01-15,C1086,Customer 1086,Male,48,Kolkata,West Bengal,East,P2038,Accessories Product 2038,Electronics,Accessories,1,15304.17,0.1,13773.75,Debit Card,Completed,Returning
O100562,2025-08-20,C1133,Customer 1133,Male,52,Kolkata,West Bengal,East,P2077,Men Product 2077,Fashion,Men,1,32487.3,0.05,30862.94,Cash on Delivery,Completed,New
O100563,2025-07-14,C1183,Customer 1183,Female,54,Chennai,Tamil Nadu,South,P2093,Furniture Product 2093,Home & Kitchen,Furniture,2,15378.45,0.2,24605.52,Cash on Delivery,Completed,Returning
O100564,2026-06-26,C1386,Customer 1386,Female,40,Kochi,Kerala,South,P2019,Accessories Product 2019,Electronics,Accessories,3,34190.91,0,102572.73,Net Banking,Cancelled,Returning
O100565,2025-12-25,C1062,Customer 1062,Male,35,Kolkata,West Bengal,East,P2067,Laptops Product 2067,Electronics,Laptops,2,38592.36,0,77184.72,UPI,Completed,Returning
O100566,2025-11-27,C1219,Customer 1219,Female,48,Madurai,Tamil Nadu,South,P2008,Mobiles Product 2008,Electronics,Mobiles,1,12522.7,0,12522.7,UPI,Completed,Returning
O100567,2026-03-03,C1405,Customer 1405,Female,36,Noida,Uttar Pradesh,North,P2008,Mobiles Product 2008,Electronics,Mobiles,1,12522.7,0.15,10644.3,Net Banking,Completed,Returning
O100568,2026-05-12,C1246,Customer 1246,Female,25,Kolkata,West Bengal,East,P2084,Fitness Product 2084,Sports,Fitness,4,39978.36,0.1,143922.1,UPI,Completed,Returning
O100569,2026-05-01,C1230,Customer 1230,Male,28,New Delhi,Delhi,North,P2047,Laptops Product 2047,Electronics,Laptops,5,6397.76,0.25,23991.6,Debit Card,Completed,Returning
O100570,2026-03-25,C1079,Customer 1079,Male,44,Salem,Tamil Nadu,South,P2004,Kitchen Product 2004,Home & Kitchen,Kitchen,2,1952.63,0.05,3710,Credit Card,Returned,Returning
O100571,2026-02-17,C1149,Customer 1149,Male,45,Mysuru,Karnataka,South,P2051,Makeup Product 2051,Beauty,Makeup,1,3561.53,0,3561.53,Credit Card,Completed,Returning
O100572,2025-11-26,C1138,Customer 1138,Male,52,Jodhpur,Rajasthan,North,P2085,Fitness Product 2085,Sports,Fitness,2,48108.22,0.1,86594.8,Credit Card,Completed,Returning
O100573,2025-05-27,C1471,Customer 1471,Male,43,Kolkata,West Bengal,East,P2067,Laptops Product 2067,Electronics,Laptops,3,38592.36,0.1,104199.37,Cash on Delivery,Completed,Returning
O100574,2025-09-16,C1314,Customer 1314,Male,39,Jaipur,Rajasthan,North,P2045,Laptops Product 2045,Electronics,Laptops,2,61352.14,0.1,110433.85,UPI,Completed,Returning
O100575,2025-10-19,C1376,Customer 1376,Female,22,Pune,Maharashtra,West,P2008,Mobiles Product 2008,Electronics,Mobiles,2,12522.7,0.05,23793.13,Net Banking,Completed,Returning
O100576,2025-05-23,C1423,Customer 1423,Female,50,Chennai,Tamil Nadu,South,P2087,Kitchen Product 2087,Home & Kitchen,Kitchen,1,43974.9,0,43974.9,Net Banking,Completed,Returning
O100577,2025-12-31,C1389,Customer 1389,Male,30,Mysuru,Karnataka,South,P2016,Mobiles Product 2016,Electronics,Mobiles,1,48979.51,0,48979.51,Cash on Delivery,Completed,Returning
O100578,2025-03-31,C1065,Customer 1065,Male,38,Thrissur,Kerala,South,P2077,Men Product 2077,Fashion,Men,1,32487.3,0.1,29238.57,Credit Card,Completed,Returning
O100579,2025-06-13,C1013,Customer 1013,Male,41,Hyderabad,Telangana,South,P2067,Laptops Product 2067,Electronics,Laptops,4,38592.36,0.1,138932.5,Credit Card,Completed,Returning
O100580,2026-04-26,C1213,Customer 1213,Male,58,Cuttack,Odisha,East,P2009,Skincare Product 2009,Beauty,Skincare,2,22588.57,0.15,38400.57,Cash on Delivery,Completed,Returning
O100581,2025-03-25,C1474,Customer 1474,Female,33,Kolkata,West Bengal,East,P2060,Women Product 2060,Fashion,Women,3,54476.75,0.05,155258.74,Credit Card,Completed,New
O100582,2025-03-18,C1242,Customer 1242,Male,26,Jaipur,Rajasthan,North,P2078,Accessories Product 2078,Electronics,Accessories,1,71159.18,0.15,60485.3,Credit Card,Returned,Returning
O100583,2026-06-01,C1493,Customer 1493,Male,32,New Delhi,Delhi,North,P2077,Men Product 2077,Fashion,Men,4,32487.3,0.1,116954.28,UPI,Completed,Returning
O100584,2026-04-30,C1213,Customer 1213,Male,58,Cuttack,Odisha,East,P2071,Mobiles Product 2071,Electronics,Mobiles,3,29513.79,0,88541.37,UPI,Completed,Returning
O100585,2026-08-13,C1181,Customer 1181,Male,42,Bhubaneswar,Odisha,East,P2015,Furniture Product 2015,Home & Kitchen,Furniture,1,17477.61,0.25,13108.21,Credit Card,Completed,Returning
O100586,2026-08-26,C1338,Customer 1338,Male,32,Thrissur,Kerala,South,P2071,Mobiles Product 2071,Electronics,Mobiles,3,29513.79,0.1,79687.23,Debit Card,Completed,Returning
O100587,2026-08-22,C1485,Customer 1485,Male,29,Pune,Maharashtra,West,P2098,Women Product 2098,Fashion,Women,1,18537.8,0.1,16684.02,Debit Card,Completed,Returning
O100588,2025-04-14,C1173,Customer 1173,Male,58,Cuttack,Odisha,East,P2041,Accessories Product 2041,Electronics,Accessories,1,2659.49,0.15,2260.57,UPI,Completed,Returning
O100589,2026-03-28,C1160,Customer 1160,Female,48,Kochi,Kerala,South,P2022,Outdoor Product 2022,Sports,Outdoor,1,34818.67,0.05,33077.74,Net Banking,Completed,Returning
O100590,2026-05-02,C1164,Customer 1164,Female,55,Chennai,Tamil Nadu,South,P2024,Men Product 2024,Fashion,Men,4,15279.2,0.15,51949.28,Credit Card,Completed,Returning
O100591,2025-12-05,C1465,Customer 1465,Female,41,Patna,Bihar,East,P2044,Makeup Product 2044,Beauty,Makeup,4,61167.44,0.2,195735.81,Credit Card,Completed,Returning
O100592,2026-07-20,C1483,Customer 1483,Male,56,Kochi,Kerala,South,P2001,Accessories Product 2001,Electronics,Accessories,1,63975.38,0.05,60776.61,Cash on Delivery,Cancelled,Returning
O100593,2026-04-23,C1497,Customer 1497,Male,29,Jodhpur,Rajasthan,North,P2010,Sportswear Product 2010,Sports,Sportswear,2,51133.3,0.1,92039.94,UPI,Cancelled,Returning
O100594,2026-08-30,C1188,Customer 1188,Male,44,Warangal,Telangana,South,P2080,Mobiles Product 2080,Electronics,Mobiles,2,26947.88,0.15,45811.4,Net Banking,Completed,Returning
O100595,2025-08-11,C1395,Customer 1395,Male,37,Kolkata,West Bengal,East,P2072,Outdoor Product 2072,Sports,Outdoor,3,64391.57,0,193174.71,Debit Card,Cancelled,Returning
O100596,2025-01-09,C1191,Customer 1191,Male,38,Nagpur,Maharashtra,West,P2056,Fitness Product 2056,Sports,Fitness,1,65159.96,0.05,61901.96,Debit Card,Returned,New
O100597,2025-02-22,C1405,Customer 1405,Female,36,Noida,Uttar Pradesh,North,P2089,Women Product 2089,Fashion,Women,2,71400.34,0,142800.68,Credit Card,Completed,Returning
O100598,2025-03-18,C1308,Customer 1308,Female,60,Ahmedabad,Gujarat,West,P2050,Fitness Product 2050,Sports,Fitness,2,13904.21,0.1,25027.58,UPI,Completed,New
O100599,2026-05-18,C1256,Customer 1256,Male,32,Mumbai,Maharashtra,West,P2012,Fitness Product 2012,Sports,Fitness,1,70788.11,0.15,60169.89,Credit Card,Completed,Returning
O100600,2025-11-12,C1183,Customer 1183,Female,54,Chennai,Tamil Nadu,South,P2089,Women Product 2089,Fashion,Women,1,71400.34,0.1,64260.31,Credit Card,Cancelled,Returning
O100601,2025-06-14,C1117,Customer 1117,Male,51,Vadodara,Gujarat,West,P2081,Men Product 2081,Fashion,Men,2,63359.53,0,126719.06,UPI,Completed,New
O100602,2025-10-06,C1282,Customer 1282,Female,60,Cuttack,Odisha,East,P2060,Women Product 2060,Fashion,Women,1,54476.75,0.1,49029.08,Net Banking,Completed,Returning
O100603,2025-01-27,C1196,Customer 1196,Female,31,Kochi,Kerala,South,P2026,Furniture Product 2026,Home & Kitchen,Furniture,4,59877.66,0.15,203584.04,Credit Card,Completed,New
O100604,2025-03-11,C1034,Customer 1034,Female,27,Jaipur,Rajasthan,North,P2078,Accessories Product 2078,Electronics,Accessories,1,71159.18,0.05,67601.22,Net Banking,Completed,New
O100605,2025-08-06,C1052,Customer 1052,Female,52,Kozhikode,Kerala,South,P2041,Accessories Product 2041,Electronics,Accessories,4,2659.49,0.15,9042.27,Credit Card,Completed,Returning
O100606,2025-12-31,C1112,Customer 1112,Male,55,Patna,Bihar,East,P2036,Mobiles Product 2036,Electronics,Mobiles,1,6463.39,0.15,5493.88,Credit Card,Completed,Returning
O100607,2025-11-02,C1252,Customer 1252,Male,45,Ahmedabad,Gujarat,West,P2023,Accessories Product 2023,Electronics,Accessories,1,9651.38,0,9651.38,Cash on Delivery,Cancelled,Returning
O100608,2025-05-04,C1082,Customer 1082,Female,35,New Delhi,Delhi,North,P2043,Furniture Product 2043,Home & Kitchen,Furniture,1,47010.26,0.05,44659.75,Cash on Delivery,Completed,Returning
O100609,2025-01-19,C1232,Customer 1232,Female,21,Madurai,Tamil Nadu,South,P2006,Accessories Product 2006,Electronics,Accessories,3,33608.93,0.1,90744.11,UPI,Completed,Returning
O100610,2025-09-14,C1227,Customer 1227,Male,26,Pune,Maharashtra,West,P2069,Mobiles Product 2069,Electronics,Mobiles,2,33564.3,0.15,57059.31,Net Banking,Completed,Returning
O100611,2025-10-23,C1233,Customer 1233,Female,24,Patna,Bihar,East,P2043,Furniture Product 2043,Home & Kitchen,Furniture,1,47010.26,0.2,37608.21,Credit Card,Completed,Returning
O100612,2025-01-22,C1221,Customer 1221,Male,37,Patna,Bihar,East,P2025,Footwear Product 2025,Fashion,Footwear,1,48968.5,0.1,44071.65,UPI,Completed,New
O100613,2026-03-26,C1436,Customer 1436,Female,51,Mangaluru,Karnataka,South,P2018,Women Product 2018,Fashion,Women,2,15516.48,0.05,29481.31,Debit Card,Returned,Returning
O100614,2026-07-06,C1413,Customer 1413,Female,39,Patna,Bihar,East,P2062,Makeup Product 2062,Beauty,Makeup,1,20979.04,0,20979.04,Cash on Delivery,Completed,Returning
O100615,2026-07-04,C1422,Customer 1422,Female,35,Kozhikode,Kerala,South,P2013,Appliances Product 2013,Home & Kitchen,Appliances,3,72349.68,0.15,184491.68,Cash on Delivery,Completed,Returning
O100616,2025-02-17,C1042,Customer 1042,Male,21,Mangaluru,Karnataka,South,P2043,Furniture Product 2043,Home & Kitchen,Furniture,1,47010.26,0,47010.26,UPI,Cancelled,Returning
O100617,2026-08-10,C1021,Customer 1021,Female,52,Lucknow,Uttar Pradesh,North,P2078,Accessories Product 2078,Electronics,Accessories,2,71159.18,0.15,120970.61,Net Banking,Returned,Returning
O100618,2025-07-02,C1042,Customer 1042,Male,21,Mangaluru,Karnataka,South,P2028,Furniture Product 2028,Home & Kitchen,Furniture,2,29619.27,0,59238.54,Net Banking,Completed,Returning
O100619,2026-03-11,C1397,Customer 1397,Female,34,Kochi,Kerala,South,P2018,Women Product 2018,Fashion,Women,5,15516.48,0,77582.4,Credit Card,Completed,Returning
O100620,2025-04-17,C1113,Customer 1113,Female,53,Kochi,Kerala,South,P2059,Mobiles Product 2059,Electronics,Mobiles,2,38695.49,0.05,73521.43,Debit Card,Completed,Returning
O100621,2025-07-07,C1105,Customer 1105,Female,55,Patna,Bihar,East,P2060,Women Product 2060,Fashion,Women,1,54476.75,0.05,51752.91,Credit Card,Completed,New
O100622,2025-03-27,C1192,Customer 1192,Male,55,Hyderabad,Telangana,South,P2063,Women Product 2063,Fashion,Women,1,27128.58,0.1,24415.72,UPI,Completed,New
O100623,2026-04-01,C1017,Customer 1017,Female,21,New Delhi,Delhi,North,P2057,Skincare Product 2057,Beauty,Skincare,2,63514.52,0,127029.04,Net Banking,Completed,Returning
O100624,2025-05-17,C1120,Customer 1120,Male,23,Cuttack,Odisha,East,P2092,Footwear Product 2092,Fashion,Footwear,2,2539.03,0.2,4062.45,UPI,Completed,Returning
O100625,2025-12-02,C1393,Customer 1393,Female,57,Warangal,Telangana,South,P2051,Makeup Product 2051,Beauty,Makeup,3,3561.53,0.1,9616.13,Credit Card,Cancelled,Returning
O100626,2026-08-30,C1425,Customer 1425,Female,35,New Delhi,Delhi,North,P2056,Fitness Product 2056,Sports,Fitness,2,65159.96,0.1,117287.93,UPI,Completed,Returning
O100627,2026-04-14,C1129,Customer 1129,Female,43,Cuttack,Odisha,East,P2027,Kitchen Product 2027,Home & Kitchen,Kitchen,2,11473.67,0.1,20652.61,Debit Card,Completed,Returning
O100628,2026-08-25,C1130,Customer 1130,Female,31,Kolkata,West Bengal,East,P2032,Mobiles Product 2032,Electronics,Mobiles,1,7978.59,0.1,7180.73,Credit Card,Completed,Returning
O100629,2026-07-25,C1060,Customer 1060,Male,54,Mumbai,Maharashtra,West,P2009,Skincare Product 2009,Beauty,Skincare,1,22588.57,0,22588.57,Credit Card,Completed,Returning
O100630,2026-02-07,C1048,Customer 1048,Male,41,Ahmedabad,Gujarat,West,P2096,Outdoor Product 2096,Sports,Outdoor,1,19371.4,0.25,14528.55,Debit Card,Completed,Returning
O100631,2026-06-24,C1029,Customer 1029,Female,32,Hyderabad,Telangana,South,P2084,Fitness Product 2084,Sports,Fitness,1,39978.36,0.1,35980.52,UPI,Completed,Returning
O100632,2025-03-13,C1097,Customer 1097,Female,49,Cuttack,Odisha,East,P2092,Footwear Product 2092,Fashion,Footwear,2,2539.03,0,5078.06,Cash on Delivery,Completed,Returning
O100633,2025-01-24,C1010,Customer 1010,Female,59,Noida,Uttar Pradesh,North,P2097,Footwear Product 2097,Fashion,Footwear,1,70862.68,0.1,63776.41,Credit Card,Completed,Returning
O100634,2026-04-30,C1242,Customer 1242,Male,26,Jaipur,Rajasthan,North,P2068,Furniture Product 2068,Home & Kitchen,Furniture,1,37073.16,0.1,33365.84,Credit Card,Completed,Returning
O100635,2025-02-25,C1314,Customer 1314,Male,39,Jaipur,Rajasthan,North,P2046,Appliances Product 2046,Home & Kitchen,Appliances,1,3344.33,0,3344.33,UPI,Completed,Returning
O100636,2025-08-11,C1444,Customer 1444,Female,25,Warangal,Telangana,South,P2098,Women Product 2098,Fashion,Women,1,18537.8,0.2,14830.24,UPI,Completed,Returning
O100637,2025-06-28,C1232,Customer 1232,Female,21,Madurai,Tamil Nadu,South,P2067,Laptops Product 2067,Electronics,Laptops,1,38592.36,0,38592.36,Cash on Delivery,Completed,Returning
O100638,2026-03-10,C1277,Customer 1277,Male,55,Cuttack,Odisha,East,P2026,Furniture Product 2026,Home & Kitchen,Furniture,2,59877.66,0.1,107779.79,Credit Card,Returned,Returning
O100639,2026-03-26,C1284,Customer 1284,Male,34,Vadodara,Gujarat,West,P2008,Mobiles Product 2008,Electronics,Mobiles,1,12522.7,0.25,9392.03,Debit Card,Completed,Returning
O100640,2026-05-07,C1203,Customer 1203,Male,35,Mumbai,Maharashtra,West,P2006,Accessories Product 2006,Electronics,Accessories,2,33608.93,0.05,63856.97,UPI,Completed,Returning
O100641,2025-07-08,C1247,Customer 1247,Male,50,Warangal,Telangana,South,P2080,Mobiles Product 2080,Electronics,Mobiles,2,26947.88,0.05,51200.97,Debit Card,Completed,Returning
O100642,2026-08-01,C1290,Customer 1290,Female,30,Pune,Maharashtra,West,P2024,Men Product 2024,Fashion,Men,5,15279.2,0,76396,Cash on Delivery,Completed,Returning
O100643,2026-02-24,C1264,Customer 1264,Male,22,Kolkata,West Bengal,East,P2048,Accessories Product 2048,Electronics,Accessories,1,48876.98,0,48876.98,UPI,Completed,Returning
O100644,2025-09-06,C1443,Customer 1443,Male,40,Kolkata,West Bengal,East,P2094,Women Product 2094,Fashion,Women,1,14369.68,0,14369.68,Debit Card,Cancelled,Returning
O100645,2026-08-11,C1214,Customer 1214,Male,33,Patna,Bihar,East,P2045,Laptops Product 2045,Electronics,Laptops,1,61352.14,0.15,52149.32,Cash on Delivery,Completed,Returning
O100646,2025-06-13,C1200,Customer 1200,Male,33,Kolkata,West Bengal,East,P2013,Appliances Product 2013,Home & Kitchen,Appliances,1,72349.68,0.15,61497.23,Debit Card,Completed,New
O100647,2025-09-12,C1433,Customer 1433,Male,22,Warangal,Telangana,South,P2069,Mobiles Product 2069,Electronics,Mobiles,4,33564.3,0.15,114118.62,UPI,Completed,Returning
O100648,2026-04-21,C1079,Customer 1079,Male,44,Salem,Tamil Nadu,South,P2025,Footwear Product 2025,Fashion,Footwear,2,48968.5,0.05,93040.15,Credit Card,Completed,Returning
O100649,2026-02-21,C1401,Customer 1401,Female,52,Warangal,Telangana,South,P2020,Footwear Product 2020,Fashion,Footwear,2,47078.66,0.15,80033.72,UPI,Completed,Returning
O100650,2025-06-19,C1444,Customer 1444,Female,25,Warangal,Telangana,South,P2082,Makeup Product 2082,Beauty,Makeup,1,65159.86,0.1,58643.87,Net Banking,Completed,Returning
O100651,2025-11-13,C1343,Customer 1343,Male,20,Patna,Bihar,East,P2082,Makeup Product 2082,Beauty,Makeup,2,65159.86,0.05,123803.73,Debit Card,Completed,Returning
O100652,2025-06-23,C1344,Customer 1344,Female,40,Salem,Tamil Nadu,South,P2066,Furniture Product 2066,Home & Kitchen,Furniture,1,13722.33,0.1,12350.1,Cash on Delivery,Completed,Returning
O100653,2026-04-15,C1173,Customer 1173,Male,58,Cuttack,Odisha,East,P2074,Mobiles Product 2074,Electronics,Mobiles,2,18005.98,0,36011.96,UPI,Completed,Returning
O100654,2025-12-11,C1467,Customer 1467,Female,45,Pune,Maharashtra,West,P2045,Laptops Product 2045,Electronics,Laptops,2,61352.14,0.2,98163.42,Credit Card,Completed,Returning
O100655,2026-03-21,C1069,Customer 1069,Female,45,Salem,Tamil Nadu,South,P2047,Laptops Product 2047,Electronics,Laptops,1,6397.76,0.1,5757.98,UPI,Completed,Returning
O100656,2025-01-18,C1416,Customer 1416,Male,53,Kolkata,West Bengal,East,P2063,Women Product 2063,Fashion,Women,1,27128.58,0.15,23059.29,Credit Card,Completed,New
O100657,2025-03-11,C1428,Customer 1428,Female,59,Jaipur,Rajasthan,North,P2076,Laptops Product 2076,Electronics,Laptops,3,33823.68,0.15,86250.38,UPI,Cancelled,Returning
O100658,2025-12-04,C1449,Customer 1449,Male,45,Mumbai,Maharashtra,West,P2077,Men Product 2077,Fashion,Men,1,32487.3,0.1,29238.57,UPI,Completed,Returning
O100659,2026-08-15,C1087,Customer 1087,Female,22,Patna,Bihar,East,P2055,Accessories Product 2055,Electronics,Accessories,1,15507.3,0,15507.3,Net Banking,Completed,Returning
O100660,2026-06-11,C1101,Customer 1101,Male,45,Kozhikode,Kerala,South,P2075,Laptops Product 2075,Electronics,Laptops,1,5790.21,0.1,5211.19,UPI,Completed,Returning
O100661,2026-04-01,C1008,Customer 1008,Male,50,Kozhikode,Kerala,South,P2019,Accessories Product 2019,Electronics,Accessories,1,34190.91,0.15,29062.27,Credit Card,Completed,Returning
O100662,2025-09-26,C1333,Customer 1333,Female,40,Hyderabad,Telangana,South,P2035,Mobiles Product 2035,Electronics,Mobiles,2,38973.06,0,77946.12,Cash on Delivery,Completed,Returning
O100663,2025-07-07,C1200,Customer 1200,Male,33,Kolkata,West Bengal,East,P2053,Mobiles Product 2053,Electronics,Mobiles,2,37147.78,0.25,55721.67,Cash on Delivery,Completed,Returning
O100664,2026-07-23,C1087,Customer 1087,Female,22,Patna,Bihar,East,P2026,Furniture Product 2026,Home & Kitchen,Furniture,3,59877.66,0.1,161669.68,UPI,Completed,Returning
O100665,2026-06-13,C1043,Customer 1043,Female,51,Warangal,Telangana,South,P2014,Skincare Product 2014,Beauty,Skincare,1,73803.13,0.05,70112.97,Cash on Delivery,Completed,Returning
O100666,2026-03-10,C1385,Customer 1385,Male,56,Thrissur,Kerala,South,P2045,Laptops Product 2045,Electronics,Laptops,2,61352.14,0.1,110433.85,UPI,Completed,Returning
O100667,2025-10-15,C1109,Customer 1109,Female,42,Bhubaneswar,Odisha,East,P2044,Makeup Product 2044,Beauty,Makeup,3,61167.44,0.15,155976.97,Credit Card,Returned,Returning
O100668,2026-07-21,C1435,Customer 1435,Female,48,Kolkata,West Bengal,East,P2088,Men Product 2088,Fashion,Men,1,36148.31,0.1,32533.48,Cash on Delivery,Completed,Returning
O100669,2026-05-14,C1408,Customer 1408,Female,23,Patna,Bihar,East,P2065,Makeup Product 2065,Beauty,Makeup,1,58267.22,0.1,52440.5,Net Banking,Completed,Returning
O100670,2026-03-17,C1483,Customer 1483,Male,56,Kochi,Kerala,South,P2051,Makeup Product 2051,Beauty,Makeup,3,3561.53,0.1,9616.13,Net Banking,Cancelled,Returning
O100671,2025-10-30,C1152,Customer 1152,Male,45,New Delhi,Delhi,North,P2043,Furniture Product 2043,Home & Kitchen,Furniture,1,47010.26,0.1,42309.23,Net Banking,Completed,Returning
O100672,2025-03-28,C1017,Customer 1017,Female,21,New Delhi,Delhi,North,P2086,Mobiles Product 2086,Electronics,Mobiles,1,70060.46,0,70060.46,UPI,Completed,Returning
O100673,2026-03-14,C1133,Customer 1133,Male,52,Kolkata,West Bengal,East,P2023,Accessories Product 2023,Electronics,Accessories,1,9651.38,0,9651.38,Credit Card,Completed,Returning
O100674,2026-06-25,C1148,Customer 1148,Male,36,Jaipur,Rajasthan,North,P2056,Fitness Product 2056,Sports,Fitness,1,65159.96,0,65159.96,Credit Card,Cancelled,Returning
O100675,2025-01-22,C1277,Customer 1277,Male,55,Cuttack,Odisha,East,P2019,Accessories Product 2019,Electronics,Accessories,1,34190.91,0.05,32481.36,Credit Card,Returned,Returning
O100676,2026-07-14,C1232,Customer 1232,Female,21,Madurai,Tamil Nadu,South,P2082,Makeup Product 2082,Beauty,Makeup,1,65159.86,0.05,61901.87,UPI,Completed,Returning
O100677,2026-06-01,C1314,Customer 1314,Male,39,Jaipur,Rajasthan,North,P2076,Laptops Product 2076,Electronics,Laptops,2,33823.68,0.1,60882.62,UPI,Cancelled,Returning
O100678,2026-05-18,C1415,Customer 1415,Male,24,Chennai,Tamil Nadu,South,P2055,Accessories Product 2055,Electronics,Accessories,1,15507.3,0.1,13956.57,Net Banking,Completed,Returning
O100679,2026-04-12,C1366,Customer 1366,Male,20,New Delhi,Delhi,North,P2092,Footwear Product 2092,Fashion,Footwear,3,2539.03,0,7617.09,Cash on Delivery,Completed,Returning
O100680,2025-04-11,C1228,Customer 1228,Female,32,New Delhi,Delhi,North,P2092,Footwear Product 2092,Fashion,Footwear,1,2539.03,0,2539.03,Debit Card,Completed,Returning
O100681,2026-08-06,C1139,Customer 1139,Male,59,New Delhi,Delhi,North,P2060,Women Product 2060,Fashion,Women,4,54476.75,0,217907,Credit Card,Completed,Returning
O100682,2025-05-21,C1436,Customer 1436,Female,51,Mangaluru,Karnataka,South,P2059,Mobiles Product 2059,Electronics,Mobiles,4,38695.49,0.05,147042.86,Debit Card,Completed,Returning
O100683,2025-05-18,C1399,Customer 1399,Female,53,Jodhpur,Rajasthan,North,P2033,Footwear Product 2033,Fashion,Footwear,3,37566.95,0,112700.85,Debit Card,Completed,Returning
O100684,2026-08-01,C1211,Customer 1211,Male,35,Jodhpur,Rajasthan,North,P2019,Accessories Product 2019,Electronics,Accessories,4,34190.91,0.1,123087.28,Cash on Delivery,Completed,Returning
O100685,2025-08-16,C1391,Customer 1391,Male,57,Salem,Tamil Nadu,South,P2028,Furniture Product 2028,Home & Kitchen,Furniture,2,29619.27,0.05,56276.61,UPI,Completed,Returning
O100686,2025-10-08,C1499,Customer 1499,Male,60,Surat,Gujarat,West,P2052,Laptops Product 2052,Electronics,Laptops,3,54024.37,0.1,145865.8,Credit Card,Cancelled,Returning
O100687,2026-03-07,C1028,Customer 1028,Female,43,Jaipur,Rajasthan,North,P2049,Appliances Product 2049,Home & Kitchen,Appliances,1,16675.28,0.15,14173.99,Cash on Delivery,Completed,Returning
O100688,2025-02-09,C1051,Customer 1051,Male,56,Vadodara,Gujarat,West,P2037,Haircare Product 2037,Beauty,Haircare,1,29950.17,0.05,28452.66,Cash on Delivery,Completed,New
O100689,2026-06-03,C1491,Customer 1491,Female,44,Cuttack,Odisha,East,P2026,Furniture Product 2026,Home & Kitchen,Furniture,2,59877.66,0,119755.32,Credit Card,Completed,Returning
O100690,2025-07-30,C1442,Customer 1442,Female,41,Pune,Maharashtra,West,P2099,Sportswear Product 2099,Sports,Sportswear,1,42924.55,0.05,40778.32,UPI,Completed,Returning
O100691,2025-10-29,C1261,Customer 1261,Male,60,Warangal,Telangana,South,P2098,Women Product 2098,Fashion,Women,3,18537.8,0,55613.4,Net Banking,Returned,Returning
O100692,2025-03-27,C1261,Customer 1261,Male,60,Warangal,Telangana,South,P2099,Sportswear Product 2099,Sports,Sportswear,3,42924.55,0,128773.65,Debit Card,Completed,New
O100693,2026-02-01,C1350,Customer 1350,Male,24,New Delhi,Delhi,North,P2040,Mobiles Product 2040,Electronics,Mobiles,1,71380.78,0.15,60673.66,Net Banking,Completed,Returning
O100694,2025-09-10,C1352,Customer 1352,Male,22,Lucknow,Uttar Pradesh,North,P2080,Mobiles Product 2080,Electronics,Mobiles,3,26947.88,0.05,76801.46,Credit Card,Completed,Returning
O100695,2026-06-17,C1008,Customer 1008,Male,50,Kozhikode,Kerala,South,P2038,Accessories Product 2038,Electronics,Accessories,1,15304.17,0.25,11478.13,UPI,Completed,Returning
O100696,2026-01-16,C1320,Customer 1320,Female,25,New Delhi,Delhi,North,P2077,Men Product 2077,Fashion,Men,1,32487.3,0,32487.3,UPI,Completed,Returning
O100697,2026-03-20,C1138,Customer 1138,Male,52,Jodhpur,Rajasthan,North,P2087,Kitchen Product 2087,Home & Kitchen,Kitchen,2,43974.9,0.15,74757.33,Credit Card,Completed,Returning
O100698,2025-02-02,C1038,Customer 1038,Male,42,Nagpur,Maharashtra,West,P2054,Accessories Product 2054,Electronics,Accessories,1,51113.05,0.15,43446.09,UPI,Cancelled,New
O100699,2025-09-17,C1111,Customer 1111,Female,24,Mangaluru,Karnataka,South,P2022,Outdoor Product 2022,Sports,Outdoor,2,34818.67,0.05,66155.47,UPI,Completed,Returning
O100700,2025-08-22,C1480,Customer 1480,Female,54,Kozhikode,Kerala,South,P2016,Mobiles Product 2016,Electronics,Mobiles,2,48979.51,0.05,93061.07,Credit Card,Completed,Returning
O100701,2026-05-30,C1368,Customer 1368,Female,51,Thrissur,Kerala,South,P2028,Furniture Product 2028,Home & Kitchen,Furniture,1,29619.27,0.1,26657.34,Credit Card,Completed,Returning
O100702,2025-11-04,C1220,Customer 1220,Male,30,New Delhi,Delhi,North,P2035,Mobiles Product 2035,Electronics,Mobiles,3,38973.06,0.2,93535.34,UPI,Completed,Returning
O100703,2025-03-11,C1337,Customer 1337,Male,46,Jaipur,Rajasthan,North,P2060,Women Product 2060,Fashion,Women,2,54476.75,0.05,103505.82,UPI,Completed,New
O100704,2026-03-30,C1223,Customer 1223,Female,28,Patna,Bihar,East,P2045,Laptops Product 2045,Electronics,Laptops,1,61352.14,0,61352.14,Cash on Delivery,Completed,Returning
O100705,2026-03-15,C1136,Customer 1136,Male,22,New Delhi,Delhi,North,P2046,Appliances Product 2046,Home & Kitchen,Appliances,1,3344.33,0.05,3177.11,UPI,Completed,Returning
O100706,2025-12-30,C1256,Customer 1256,Male,32,Mumbai,Maharashtra,West,P2072,Outdoor Product 2072,Sports,Outdoor,3,64391.57,0,193174.71,Credit Card,Completed,Returning
O100707,2026-04-26,C1360,Customer 1360,Male,40,Lucknow,Uttar Pradesh,North,P2055,Accessories Product 2055,Electronics,Accessories,3,15507.3,0.2,37217.52,UPI,Completed,Returning
O100708,2025-05-24,C1409,Customer 1409,Female,29,Kozhikode,Kerala,South,P2086,Mobiles Product 2086,Electronics,Mobiles,1,70060.46,0.15,59551.39,Net Banking,Completed,Returning
O100709,2025-01-24,C1329,Customer 1329,Female,20,Salem,Tamil Nadu,South,P2085,Fitness Product 2085,Sports,Fitness,1,48108.22,0,48108.22,Credit Card,Completed,New
O100710,2026-03-01,C1450,Customer 1450,Female,53,Kanpur,Uttar Pradesh,North,P2026,Furniture Product 2026,Home & Kitchen,Furniture,3,59877.66,0.05,170651.33,UPI,Completed,Returning
O100711,2025-06-24,C1463,Customer 1463,Female,54,New Delhi,Delhi,North,P2085,Fitness Product 2085,Sports,Fitness,2,48108.22,0,96216.44,UPI,Completed,New
O100712,2025-11-21,C1434,Customer 1434,Female,46,Kolkata,West Bengal,East,P2025,Footwear Product 2025,Fashion,Footwear,1,48968.5,0.15,41623.22,Debit Card,Completed,Returning
O100713,2025-12-14,C1451,Customer 1451,Female,33,Vadodara,Gujarat,West,P2065,Makeup Product 2065,Beauty,Makeup,2,58267.22,0.2,93227.55,Debit Card,Completed,Returning
O100714,2025-01-18,C1049,Customer 1049,Female,25,Salem,Tamil Nadu,South,P2006,Accessories Product 2006,Electronics,Accessories,1,33608.93,0,33608.93,Credit Card,Completed,New
O100715,2025-02-13,C1292,Customer 1292,Male,29,Chennai,Tamil Nadu,South,P2023,Accessories Product 2023,Electronics,Accessories,3,9651.38,0.1,26058.73,UPI,Completed,Returning
O100716,2025-06-04,C1382,Customer 1382,Female,36,Chennai,Tamil Nadu,South,P2064,Furniture Product 2064,Home & Kitchen,Furniture,1,47477.55,0.2,37982.04,Credit Card,Completed,Returning
O100717,2026-01-12,C1324,Customer 1324,Female,21,Kozhikode,Kerala,South,P2087,Kitchen Product 2087,Home & Kitchen,Kitchen,1,43974.9,0,43974.9,Debit Card,Completed,Returning
O100718,2026-02-06,C1078,Customer 1078,Female,51,Thrissur,Kerala,South,P2043,Furniture Product 2043,Home & Kitchen,Furniture,1,47010.26,0.05,44659.75,Debit Card,Completed,Returning
O100719,2025-08-13,C1105,Customer 1105,Female,55,Patna,Bihar,East,P2023,Accessories Product 2023,Electronics,Accessories,4,9651.38,0.05,36675.24,UPI,Completed,Returning
O100720,2025-08-05,C1169,Customer 1169,Male,54,Ahmedabad,Gujarat,West,P2096,Outdoor Product 2096,Sports,Outdoor,3,19371.4,0,58114.2,Credit Card,Completed,Returning
O100721,2026-07-22,C1217,Customer 1217,Female,54,Bengaluru,Karnataka,South,P2030,Men Product 2030,Fashion,Men,2,64551.14,0,129102.28,UPI,Completed,Returning
O100722,2025-01-31,C1378,Customer 1378,Male,20,Bengaluru,Karnataka,South,P2077,Men Product 2077,Fashion,Men,2,32487.3,0.25,48730.95,Debit Card,Completed,New
O100723,2025-02-28,C1119,Customer 1119,Female,24,New Delhi,Delhi,North,P2018,Women Product 2018,Fashion,Women,1,15516.48,0.1,13964.83,Debit Card,Completed,New
O100724,2025-12-19,C1190,Customer 1190,Female,32,New Delhi,Delhi,North,P2087,Kitchen Product 2087,Home & Kitchen,Kitchen,4,43974.9,0.05,167104.62,Cash on Delivery,Completed,Returning
O100725,2026-03-21,C1255,Customer 1255,Male,22,New Delhi,Delhi,North,P2079,Laptops Product 2079,Electronics,Laptops,1,12821.16,0.05,12180.1,Credit Card,Completed,Returning
O100726,2025-08-23,C1370,Customer 1370,Male,47,New Delhi,Delhi,North,P2097,Footwear Product 2097,Fashion,Footwear,3,70862.68,0.15,180699.83,Credit Card,Completed,Returning
O100727,2025-04-17,C1266,Customer 1266,Female,47,Thrissur,Kerala,South,P2021,Mobiles Product 2021,Electronics,Mobiles,1,68414.15,0.05,64993.44,UPI,Completed,Returning
O100728,2025-07-10,C1149,Customer 1149,Male,45,Mysuru,Karnataka,South,P2057,Skincare Product 2057,Beauty,Skincare,1,63514.52,0.05,60338.79,UPI,Completed,Returning
O100729,2026-06-14,C1164,Customer 1164,Female,55,Chennai,Tamil Nadu,South,P2023,Accessories Product 2023,Electronics,Accessories,2,9651.38,0,19302.76,UPI,Completed,Returning
O100730,2026-08-06,C1140,Customer 1140,Male,29,Kozhikode,Kerala,South,P2091,Accessories Product 2091,Electronics,Accessories,3,36816.84,0.15,93882.94,UPI,Completed,Returning
O100731,2026-07-20,C1347,Customer 1347,Male,36,Patna,Bihar,East,P2045,Laptops Product 2045,Electronics,Laptops,3,61352.14,0,184056.42,UPI,Completed,Returning
O100732,2025-09-02,C1488,Customer 1488,Female,58,Cuttack,Odisha,East,P2044,Makeup Product 2044,Beauty,Makeup,2,61167.44,0,122334.88,Cash on Delivery,Completed,Returning
O100733,2025-03-17,C1258,Customer 1258,Female,39,Mumbai,Maharashtra,West,P2082,Makeup Product 2082,Beauty,Makeup,1,65159.86,0.1,58643.87,Debit Card,Completed,Returning
O100734,2026-07-01,C1374,Customer 1374,Female,45,Pune,Maharashtra,West,P2088,Men Product 2088,Fashion,Men,4,36148.31,0,144593.24,UPI,Completed,Returning
O100735,2025-09-24,C1269,Customer 1269,Male,57,Kolkata,West Bengal,East,P2047,Laptops Product 2047,Electronics,Laptops,1,6397.76,0.25,4798.32,UPI,Completed,Returning
O100736,2025-11-13,C1181,Customer 1181,Male,42,Bhubaneswar,Odisha,East,P2040,Mobiles Product 2040,Electronics,Mobiles,3,71380.78,0.1,192728.11,Credit Card,Completed,Returning
O100737,2025-05-01,C1160,Customer 1160,Female,48,Kochi,Kerala,South,P2051,Makeup Product 2051,Beauty,Makeup,2,3561.53,0,7123.06,UPI,Completed,Returning
O100738,2025-01-25,C1351,Customer 1351,Female,57,Madurai,Tamil Nadu,South,P2042,Sportswear Product 2042,Sports,Sportswear,1,46086.93,0,46086.93,UPI,Completed,New
O100739,2026-03-08,C1400,Customer 1400,Male,57,Patna,Bihar,East,P2007,Mobiles Product 2007,Electronics,Mobiles,1,70839.48,0.1,63755.53,Credit Card,Completed,Returning
O100740,2025-06-09,C1288,Customer 1288,Male,35,Warangal,Telangana,South,P2050,Fitness Product 2050,Sports,Fitness,1,13904.21,0.05,13209,Cash on Delivery,Completed,Returning
O100741,2026-08-19,C1288,Customer 1288,Male,35,Warangal,Telangana,South,P2048,Accessories Product 2048,Electronics,Accessories,1,48876.98,0.15,41545.43,Credit Card,Completed,Returning
O100742,2025-04-24,C1380,Customer 1380,Male,49,Kolkata,West Bengal,East,P2084,Fitness Product 2084,Sports,Fitness,1,39978.36,0.1,35980.52,Credit Card,Returned,Returning
O100743,2026-05-17,C1226,Customer 1226,Female,57,Hyderabad,Telangana,South,P2091,Accessories Product 2091,Electronics,Accessories,1,36816.84,0.1,33135.16,Net Banking,Completed,Returning
O100744,2025-06-15,C1011,Customer 1011,Male,43,Nagpur,Maharashtra,West,P2006,Accessories Product 2006,Electronics,Accessories,1,33608.93,0.25,25206.7,UPI,Completed,New
O100745,2025-06-24,C1010,Customer 1010,Female,59,Noida,Uttar Pradesh,North,P2091,Accessories Product 2091,Electronics,Accessories,2,36816.84,0.05,69952,UPI,Completed,Returning
O100746,2025-01-01,C1271,Customer 1271,Female,51,Ahmedabad,Gujarat,West,P2009,Skincare Product 2009,Beauty,Skincare,3,22588.57,0.05,64377.42,Credit Card,Completed,New
O100747,2025-03-27,C1273,Customer 1273,Female,35,Jaipur,Rajasthan,North,P2057,Skincare Product 2057,Beauty,Skincare,1,63514.52,0.1,57163.07,Debit Card,Completed,Returning
O100748,2026-07-28,C1424,Customer 1424,Male,30,Noida,Uttar Pradesh,North,P2031,Makeup Product 2031,Beauty,Makeup,1,36193.87,0.15,30764.79,Credit Card,Completed,Returning
O100749,2025-11-16,C1402,Customer 1402,Female,43,Nagpur,Maharashtra,West,P2021,Mobiles Product 2021,Electronics,Mobiles,1,68414.15,0.1,61572.73,UPI,Completed,New
O100750,2026-02-05,C1183,Customer 1183,Female,54,Chennai,Tamil Nadu,South,P2090,Men Product 2090,Fashion,Men,2,43634.38,0.15,74178.45,Cash on Delivery,Completed,Returning
O100751,2026-01-17,C1457,Customer 1457,Female,49,Ahmedabad,Gujarat,West,P2040,Mobiles Product 2040,Electronics,Mobiles,3,71380.78,0.05,203435.22,UPI,Completed,Returning
O100752,2025-11-14,C1153,Customer 1153,Male,29,Kochi,Kerala,South,P2045,Laptops Product 2045,Electronics,Laptops,2,61352.14,0.1,110433.85,Net Banking,Completed,Returning
O100753,2025-09-07,C1488,Customer 1488,Female,58,Cuttack,Odisha,East,P2077,Men Product 2077,Fashion,Men,3,32487.3,0,97461.9,Cash on Delivery,Completed,Returning
O100754,2026-06-09,C1315,Customer 1315,Male,32,Kozhikode,Kerala,South,P2049,Appliances Product 2049,Home & Kitchen,Appliances,2,16675.28,0.15,28347.98,Credit Card,Completed,Returning
O100755,2026-07-09,C1334,Customer 1334,Male,45,Salem,Tamil Nadu,South,P2087,Kitchen Product 2087,Home & Kitchen,Kitchen,2,43974.9,0.05,83552.31,Net Banking,Completed,Returning
O100756,2025-09-13,C1124,Customer 1124,Male,21,Kozhikode,Kerala,South,P2020,Footwear Product 2020,Fashion,Footwear,1,47078.66,0,47078.66,Debit Card,Completed,Returning
O100757,2025-11-03,C1473,Customer 1473,Male,45,Patna,Bihar,East,P2092,Footwear Product 2092,Fashion,Footwear,3,2539.03,0.2,6093.67,Cash on Delivery,Completed,Returning
O100758,2025-05-24,C1114,Customer 1114,Female,50,Kozhikode,Kerala,South,P2017,Appliances Product 2017,Home & Kitchen,Appliances,4,35523.47,0.05,134989.19,UPI,Completed,Returning
O100759,2026-01-26,C1278,Customer 1278,Female,54,Salem,Tamil Nadu,South,P2028,Furniture Product 2028,Home & Kitchen,Furniture,2,29619.27,0,59238.54,Cash on Delivery,Completed,Returning
O100760,2025-06-18,C1500,Customer 1500,Female,37,Ahmedabad,Gujarat,West,P2041,Accessories Product 2041,Electronics,Accessories,3,2659.49,0.05,7579.55,UPI,Completed,Returning
O100761,2025-10-25,C1414,Customer 1414,Male,43,New Delhi,Delhi,North,P2066,Furniture Product 2066,Home & Kitchen,Furniture,1,13722.33,0.05,13036.21,Net Banking,Completed,Returning
O100762,2025-08-21,C1468,Customer 1468,Male,47,Udaipur,Rajasthan,North,P2025,Footwear Product 2025,Fashion,Footwear,4,48968.5,0.1,176286.6,Credit Card,Completed,Returning
O100763,2025-09-28,C1213,Customer 1213,Male,58,Cuttack,Odisha,East,P2058,Women Product 2058,Fashion,Women,1,74077.42,0,74077.42,UPI,Completed,Returning
O100764,2025-03-01,C1172,Customer 1172,Male,37,Pune,Maharashtra,West,P2041,Accessories Product 2041,Electronics,Accessories,1,2659.49,0,2659.49,UPI,Cancelled,New
O100765,2025-10-23,C1288,Customer 1288,Male,35,Warangal,Telangana,South,P2006,Accessories Product 2006,Electronics,Accessories,1,33608.93,0.05,31928.48,Credit Card,Completed,Returning
O100766,2026-04-12,C1435,Customer 1435,Female,48,Kolkata,West Bengal,East,P2075,Laptops Product 2075,Electronics,Laptops,4,5790.21,0.05,22002.8,Credit Card,Completed,Returning
O100767,2025-08-23,C1174,Customer 1174,Female,51,Udaipur,Rajasthan,North,P2038,Accessories Product 2038,Electronics,Accessories,3,15304.17,0,45912.51,UPI,Completed,Returning
O100768,2025-08-22,C1113,Customer 1113,Female,53,Kochi,Kerala,South,P2006,Accessories Product 2006,Electronics,Accessories,4,33608.93,0.05,127713.93,UPI,Completed,Returning
O100769,2026-01-03,C1376,Customer 1376,Female,22,Pune,Maharashtra,West,P2045,Laptops Product 2045,Electronics,Laptops,3,61352.14,0.05,174853.6,Credit Card,Completed,Returning
O100770,2025-08-20,C1405,Customer 1405,Female,36,Noida,Uttar Pradesh,North,P2075,Laptops Product 2075,Electronics,Laptops,1,5790.21,0,5790.21,Credit Card,Completed,Returning
O100771,2026-05-06,C1483,Customer 1483,Male,56,Kochi,Kerala,South,P2014,Skincare Product 2014,Beauty,Skincare,4,73803.13,0.2,236170.02,Credit Card,Completed,Returning
O100772,2026-05-18,C1122,Customer 1122,Male,43,Nagpur,Maharashtra,West,P2066,Furniture Product 2066,Home & Kitchen,Furniture,4,13722.33,0.2,43911.46,Net Banking,Completed,Returning
O100773,2026-08-15,C1032,Customer 1032,Male,39,Udaipur,Rajasthan,North,P2040,Mobiles Product 2040,Electronics,Mobiles,2,71380.78,0,142761.56,Debit Card,Completed,Returning
O100774,2026-01-16,C1222,Customer 1222,Male,31,Cuttack,Odisha,East,P2003,Makeup Product 2003,Beauty,Makeup,1,44701.37,0,44701.37,UPI,Completed,Returning
O100775,2026-03-04,C1119,Customer 1119,Female,24,New Delhi,Delhi,North,P2099,Sportswear Product 2099,Sports,Sportswear,2,42924.55,0.1,77264.19,Credit Card,Completed,Returning
O100776,2025-12-30,C1039,Customer 1039,Male,34,Warangal,Telangana,South,P2097,Footwear Product 2097,Fashion,Footwear,5,70862.68,0.1,318882.06,Net Banking,Completed,Returning
O100777,2025-07-21,C1497,Customer 1497,Male,29,Jodhpur,Rajasthan,North,P2024,Men Product 2024,Fashion,Men,3,15279.2,0.25,34378.2,UPI,Completed,Returning
O100778,2025-05-26,C1268,Customer 1268,Female,52,Noida,Uttar Pradesh,North,P2019,Accessories Product 2019,Electronics,Accessories,3,34190.91,0.05,97444.09,Credit Card,Completed,Returning
O100779,2026-04-02,C1233,Customer 1233,Female,24,Patna,Bihar,East,P2018,Women Product 2018,Fashion,Women,4,15516.48,0.1,55859.33,Credit Card,Completed,Returning
O100780,2025-05-15,C1431,Customer 1431,Male,22,Vadodara,Gujarat,West,P2064,Furniture Product 2064,Home & Kitchen,Furniture,3,47477.55,0.2,113946.12,Cash on Delivery,Completed,Returning
O100781,2025-09-21,C1018,Customer 1018,Female,45,Bhubaneswar,Odisha,East,P2088,Men Product 2088,Fashion,Men,3,36148.31,0.1,97600.44,Credit Card,Completed,Returning
O100782,2025-03-05,C1149,Customer 1149,Male,45,Mysuru,Karnataka,South,P2035,Mobiles Product 2035,Electronics,Mobiles,2,38973.06,0,77946.12,Debit Card,Completed,Returning
O100783,2026-05-06,C1397,Customer 1397,Female,34,Kochi,Kerala,South,P2062,Makeup Product 2062,Beauty,Makeup,1,20979.04,0.05,19930.09,UPI,Completed,Returning
O100784,2025-02-10,C1149,Customer 1149,Male,45,Mysuru,Karnataka,South,P2001,Accessories Product 2001,Electronics,Accessories,2,63975.38,0,127950.76,Net Banking,Completed,New
O100785,2025-10-23,C1126,Customer 1126,Female,51,Pune,Maharashtra,West,P2100,Mobiles Product 2100,Electronics,Mobiles,2,51807.65,0,103615.3,UPI,Completed,Returning
O100786,2025-01-03,C1392,Customer 1392,Male,53,Pune,Maharashtra,West,P2025,Footwear Product 2025,Fashion,Footwear,3,48968.5,0.15,124869.68,Credit Card,Completed,New
O100787,2025-04-20,C1302,Customer 1302,Male,55,Chennai,Tamil Nadu,South,P2045,Laptops Product 2045,Electronics,Laptops,2,61352.14,0.05,116569.07,Credit Card,Completed,Returning
O100788,2025-08-09,C1360,Customer 1360,Male,40,Lucknow,Uttar Pradesh,North,P2049,Appliances Product 2049,Home & Kitchen,Appliances,1,16675.28,0,16675.28,Cash on Delivery,Completed,Returning
O100789,2026-01-05,C1238,Customer 1238,Female,27,New Delhi,Delhi,North,P2098,Women Product 2098,Fashion,Women,1,18537.8,0.2,14830.24,UPI,Completed,Returning
O100790,2026-01-03,C1135,Customer 1135,Male,31,Mangaluru,Karnataka,South,P2089,Women Product 2089,Fashion,Women,2,71400.34,0.1,128520.61,UPI,Returned,Returning
O100791,2026-03-12,C1151,Customer 1151,Male,48,New Delhi,Delhi,North,P2016,Mobiles Product 2016,Electronics,Mobiles,2,48979.51,0.05,93061.07,Debit Card,Completed,Returning
O100792,2025-01-04,C1236,Customer 1236,Female,57,Surat,Gujarat,West,P2098,Women Product 2098,Fashion,Women,1,18537.8,0.05,17610.91,Debit Card,Returned,New
O100793,2025-09-01,C1224,Customer 1224,Female,29,Patna,Bihar,East,P2093,Furniture Product 2093,Home & Kitchen,Furniture,1,15378.45,0.05,14609.53,UPI,Completed,Returning
O100794,2025-06-15,C1203,Customer 1203,Male,35,Mumbai,Maharashtra,West,P2019,Accessories Product 2019,Electronics,Accessories,1,34190.91,0,34190.91,UPI,Completed,Returning
O100795,2025-01-26,C1256,Customer 1256,Male,32,Mumbai,Maharashtra,West,P2023,Accessories Product 2023,Electronics,Accessories,1,9651.38,0.15,8203.67,Credit Card,Completed,New
O100796,2026-01-30,C1086,Customer 1086,Male,48,Kolkata,West Bengal,East,P2083,Mobiles Product 2083,Electronics,Mobiles,1,2853.83,0,2853.83,Credit Card,Completed,Returning
O100797,2026-04-19,C1150,Customer 1150,Female,27,Nagpur,Maharashtra,West,P2025,Footwear Product 2025,Fashion,Footwear,1,48968.5,0.1,44071.65,Net Banking,Completed,Returning
O100798,2025-01-17,C1235,Customer 1235,Female,56,Lucknow,Uttar Pradesh,North,P2016,Mobiles Product 2016,Electronics,Mobiles,1,48979.51,0,48979.51,UPI,Completed,New
O100799,2025-04-02,C1345,Customer 1345,Male,25,Udaipur,Rajasthan,North,P2054,Accessories Product 2054,Electronics,Accessories,1,51113.05,0.2,40890.44,Cash on Delivery,Completed,New
O100800,2026-04-28,C1022,Customer 1022,Male,28,Coimbatore,Tamil Nadu,South,P2073,Mobiles Product 2073,Electronics,Mobiles,1,58078.44,0.1,52270.6,Credit Card,Completed,Returning
O100801,2026-06-27,C1348,Customer 1348,Female,24,Bengaluru,Karnataka,South,P2001,Accessories Product 2001,Electronics,Accessories,3,63975.38,0.2,153540.91,UPI,Completed,Returning
O100802,2025-07-24,C1285,Customer 1285,Female,50,New Delhi,Delhi,North,P2042,Sportswear Product 2042,Sports,Sportswear,1,46086.93,0.05,43782.58,Credit Card,Completed,Returning
O100803,2026-05-17,C1269,Customer 1269,Male,57,Kolkata,West Bengal,East,P2019,Accessories Product 2019,Electronics,Accessories,1,34190.91,0.15,29062.27,Debit Card,Completed,Returning
O100804,2026-02-04,C1466,Customer 1466,Male,33,Noida,Uttar Pradesh,North,P2097,Footwear Product 2097,Fashion,Footwear,1,70862.68,0.2,56690.14,UPI,Completed,Returning
O100805,2025-07-26,C1258,Customer 1258,Female,39,Mumbai,Maharashtra,West,P2034,Men Product 2034,Fashion,Men,1,42105.76,0.15,35789.9,Debit Card,Completed,Returning
O100806,2025-05-26,C1029,Customer 1029,Female,32,Hyderabad,Telangana,South,P2080,Mobiles Product 2080,Electronics,Mobiles,1,26947.88,0,26947.88,Net Banking,Cancelled,New
O100807,2025-04-11,C1213,Customer 1213,Male,58,Cuttack,Odisha,East,P2055,Accessories Product 2055,Electronics,Accessories,1,15507.3,0,15507.3,UPI,Completed,Returning
O100808,2025-08-29,C1463,Customer 1463,Female,54,New Delhi,Delhi,North,P2018,Women Product 2018,Fashion,Women,2,15516.48,0,31032.96,UPI,Completed,Returning
O100809,2025-06-12,C1436,Customer 1436,Female,51,Mangaluru,Karnataka,South,P2034,Men Product 2034,Fashion,Men,2,42105.76,0,84211.52,UPI,Cancelled,Returning
O100810,2025-06-22,C1283,Customer 1283,Female,33,Kochi,Kerala,South,P2089,Women Product 2089,Fashion,Women,2,71400.34,0.15,121380.58,Net Banking,Completed,Returning
O100811,2026-05-17,C1050,Customer 1050,Female,34,New Delhi,Delhi,North,P2045,Laptops Product 2045,Electronics,Laptops,3,61352.14,0.1,165650.78,UPI,Completed,Returning
O100812,2026-07-01,C1095,Customer 1095,Female,47,Salem,Tamil Nadu,South,P2006,Accessories Product 2006,Electronics,Accessories,1,33608.93,0.1,30248.04,Net Banking,Completed,Returning
O100813,2025-10-11,C1463,Customer 1463,Female,54,New Delhi,Delhi,North,P2021,Mobiles Product 2021,Electronics,Mobiles,4,68414.15,0.05,259973.77,Credit Card,Completed,Returning
O100814,2025-12-25,C1499,Customer 1499,Male,60,Surat,Gujarat,West,P2070,Men Product 2070,Fashion,Men,1,49797.81,0,49797.81,Net Banking,Completed,Returning
O100815,2026-01-16,C1407,Customer 1407,Female,48,Mumbai,Maharashtra,West,P2096,Outdoor Product 2096,Sports,Outdoor,2,19371.4,0,38742.8,Credit Card,Completed,Returning
O100816,2026-06-17,C1088,Customer 1088,Male,31,Mangaluru,Karnataka,South,P2048,Accessories Product 2048,Electronics,Accessories,1,48876.98,0.05,46433.13,UPI,Completed,Returning
O100817,2025-06-12,C1044,Customer 1044,Female,42,Patna,Bihar,East,P2039,Footwear Product 2039,Fashion,Footwear,3,15251.22,0.15,38890.61,Cash on Delivery,Completed,Returning
O100818,2025-11-03,C1461,Customer 1461,Female,20,Vadodara,Gujarat,West,P2031,Makeup Product 2031,Beauty,Makeup,2,36193.87,0.05,68768.35,Debit Card,Completed,Returning
O100819,2025-12-05,C1278,Customer 1278,Female,54,Salem,Tamil Nadu,South,P2010,Sportswear Product 2010,Sports,Sportswear,1,51133.3,0.15,43463.3,Credit Card,Completed,Returning
O100820,2025-02-24,C1171,Customer 1171,Female,55,Coimbatore,Tamil Nadu,South,P2030,Men Product 2030,Fashion,Men,2,64551.14,0.1,116192.05,Debit Card,Completed,New
O100821,2025-11-29,C1421,Customer 1421,Female,42,Mysuru,Karnataka,South,P2018,Women Product 2018,Fashion,Women,1,15516.48,0.2,12413.18,Debit Card,Completed,Returning
O100822,2025-05-07,C1189,Customer 1189,Male,41,New Delhi,Delhi,North,P2060,Women Product 2060,Fashion,Women,3,54476.75,0.05,155258.74,Credit Card,Completed,Returning
O100823,2025-08-31,C1353,Customer 1353,Male,42,Jodhpur,Rajasthan,North,P2088,Men Product 2088,Fashion,Men,2,36148.31,0.1,65066.96,Credit Card,Completed,Returning
O100824,2026-08-23,C1184,Customer 1184,Male,60,Ahmedabad,Gujarat,West,P2073,Mobiles Product 2073,Electronics,Mobiles,1,58078.44,0,58078.44,UPI,Completed,Returning
O100825,2026-02-13,C1003,Customer 1003,Male,42,Mysuru,Karnataka,South,P2095,Skincare Product 2095,Beauty,Skincare,1,33448.14,0.05,31775.73,Cash on Delivery,Completed,Returning
O100826,2026-05-18,C1191,Customer 1191,Male,38,Nagpur,Maharashtra,West,P2015,Furniture Product 2015,Home & Kitchen,Furniture,1,17477.61,0.1,15729.85,Debit Card,Completed,Returning
O100827,2026-08-27,C1118,Customer 1118,Female,20,Patna,Bihar,East,P2004,Kitchen Product 2004,Home & Kitchen,Kitchen,2,1952.63,0.15,3319.47,UPI,Completed,Returning
O100828,2025-10-30,C1019,Customer 1019,Female,36,Vadodara,Gujarat,West,P2063,Women Product 2063,Fashion,Women,1,27128.58,0,27128.58,Credit Card,Completed,Returning
O100829,2026-04-09,C1023,Customer 1023,Female,58,Pune,Maharashtra,West,P2040,Mobiles Product 2040,Electronics,Mobiles,2,71380.78,0,142761.56,UPI,Completed,Returning
O100830,2025-08-23,C1413,Customer 1413,Female,39,Patna,Bihar,East,P2009,Skincare Product 2009,Beauty,Skincare,4,22588.57,0.1,81318.85,UPI,Completed,Returning
O100831,2025-02-07,C1030,Customer 1030,Female,26,Bhubaneswar,Odisha,East,P2009,Skincare Product 2009,Beauty,Skincare,1,22588.57,0.05,21459.14,Credit Card,Completed,Returning
O100832,2025-05-19,C1295,Customer 1295,Female,27,Ahmedabad,Gujarat,West,P2026,Furniture Product 2026,Home & Kitchen,Furniture,5,59877.66,0.1,269449.47,Credit Card,Completed,Returning
O100833,2025-07-14,C1108,Customer 1108,Female,56,New Delhi,Delhi,North,P2004,Kitchen Product 2004,Home & Kitchen,Kitchen,2,1952.63,0.15,3319.47,Cash on Delivery,Completed,Returning
O100834,2026-06-11,C1367,Customer 1367,Female,59,Mangaluru,Karnataka,South,P2081,Men Product 2081,Fashion,Men,1,63359.53,0.1,57023.58,Cash on Delivery,Completed,Returning
O100835,2025-01-01,C1281,Customer 1281,Female,37,Patna,Bihar,East,P2016,Mobiles Product 2016,Electronics,Mobiles,1,48979.51,0.1,44081.56,UPI,Completed,New
O100836,2026-07-15,C1128,Customer 1128,Male,39,Thrissur,Kerala,South,P2015,Furniture Product 2015,Home & Kitchen,Furniture,2,17477.61,0.1,31459.7,Credit Card,Completed,Returning
O100837,2025-04-06,C1229,Customer 1229,Male,59,Mumbai,Maharashtra,West,P2099,Sportswear Product 2099,Sports,Sportswear,1,42924.55,0.15,36485.87,Net Banking,Completed,New
O100838,2026-02-17,C1111,Customer 1111,Female,24,Mangaluru,Karnataka,South,P2052,Laptops Product 2052,Electronics,Laptops,1,54024.37,0.1,48621.93,UPI,Completed,Returning
O100839,2026-06-22,C1136,Customer 1136,Male,22,New Delhi,Delhi,North,P2069,Mobiles Product 2069,Electronics,Mobiles,1,33564.3,0,33564.3,Net Banking,Completed,Returning
O100840,2026-03-05,C1362,Customer 1362,Male,28,Kozhikode,Kerala,South,P2005,Appliances Product 2005,Home & Kitchen,Appliances,3,61463.29,0.05,175170.38,Cash on Delivery,Cancelled,Returning
O100841,2025-08-23,C1186,Customer 1186,Male,36,Warangal,Telangana,South,P2020,Footwear Product 2020,Fashion,Footwear,2,47078.66,0.25,70617.99,Debit Card,Completed,Returning
O100842,2025-12-15,C1144,Customer 1144,Female,50,Salem,Tamil Nadu,South,P2079,Laptops Product 2079,Electronics,Laptops,2,12821.16,0,25642.32,UPI,Cancelled,Returning
O100843,2026-04-26,C1072,Customer 1072,Female,42,Kolkata,West Bengal,East,P2018,Women Product 2018,Fashion,Women,1,15516.48,0.1,13964.83,Cash on Delivery,Completed,Returning
O100844,2026-01-31,C1129,Customer 1129,Female,43,Cuttack,Odisha,East,P2002,Sportswear Product 2002,Sports,Sportswear,3,72675.18,0.15,185321.71,Cash on Delivery,Completed,Returning
O100845,2025-12-17,C1364,Customer 1364,Female,32,Salem,Tamil Nadu,South,P2093,Furniture Product 2093,Home & Kitchen,Furniture,4,15378.45,0.1,55362.42,Debit Card,Completed,Returning
O100846,2026-02-20,C1261,Customer 1261,Male,60,Warangal,Telangana,South,P2013,Appliances Product 2013,Home & Kitchen,Appliances,1,72349.68,0.05,68732.2,Credit Card,Completed,Returning
O100847,2025-02-20,C1003,Customer 1003,Male,42,Mysuru,Karnataka,South,P2004,Kitchen Product 2004,Home & Kitchen,Kitchen,1,1952.63,0,1952.63,Net Banking,Completed,Returning
O100848,2025-03-22,C1449,Customer 1449,Male,45,Mumbai,Maharashtra,West,P2042,Sportswear Product 2042,Sports,Sportswear,3,46086.93,0.05,131347.75,UPI,Completed,Returning
O100849,2025-02-05,C1388,Customer 1388,Male,21,Patna,Bihar,East,P2074,Mobiles Product 2074,Electronics,Mobiles,3,18005.98,0,54017.94,UPI,Completed,Returning
O100850,2025-03-08,C1104,Customer 1104,Female,58,Patna,Bihar,East,P2061,Women Product 2061,Fashion,Women,2,44949.95,0.25,67424.92,Credit Card,Cancelled,New
O100851,2026-04-26,C1483,Customer 1483,Male,56,Kochi,Kerala,South,P2095,Skincare Product 2095,Beauty,Skincare,4,33448.14,0.15,113723.68,Cash on Delivery,Completed,Returning
O100852,2026-04-13,C1224,Customer 1224,Female,29,Patna,Bihar,East,P2008,Mobiles Product 2008,Electronics,Mobiles,2,12522.7,0.15,21288.59,Net Banking,Completed,Returning
O100853,2025-05-22,C1320,Customer 1320,Female,25,New Delhi,Delhi,North,P2067,Laptops Product 2067,Electronics,Laptops,1,38592.36,0.1,34733.12,Debit Card,Returned,Returning
O100854,2025-12-22,C1362,Customer 1362,Male,28,Kozhikode,Kerala,South,P2063,Women Product 2063,Fashion,Women,2,27128.58,0,54257.16,Credit Card,Returned,Returning
O100855,2026-04-16,C1354,Customer 1354,Female,56,Thrissur,Kerala,South,P2009,Skincare Product 2009,Beauty,Skincare,2,22588.57,0.05,42918.28,UPI,Completed,Returning
O100856,2026-08-14,C1491,Customer 1491,Female,44,Cuttack,Odisha,East,P2094,Women Product 2094,Fashion,Women,5,14369.68,0.05,68255.98,Net Banking,Completed,Returning
O100857,2026-03-15,C1473,Customer 1473,Male,45,Patna,Bihar,East,P2011,Footwear Product 2011,Fashion,Footwear,1,65143.66,0.1,58629.29,Credit Card,Completed,Returning
O100858,2026-06-15,C1010,Customer 1010,Female,59,Noida,Uttar Pradesh,North,P2099,Sportswear Product 2099,Sports,Sportswear,2,42924.55,0.1,77264.19,Net Banking,Completed,Returning
O100859,2025-05-07,C1405,Customer 1405,Female,36,Noida,Uttar Pradesh,North,P2042,Sportswear Product 2042,Sports,Sportswear,3,46086.93,0.1,124434.71,Credit Card,Completed,Returning
O100860,2025-07-24,C1384,Customer 1384,Male,34,Mumbai,Maharashtra,West,P2013,Appliances Product 2013,Home & Kitchen,Appliances,1,72349.68,0.1,65114.71,Net Banking,Completed,Returning
O100861,2025-01-29,C1302,Customer 1302,Male,55,Chennai,Tamil Nadu,South,P2036,Mobiles Product 2036,Electronics,Mobiles,1,6463.39,0.25,4847.54,Net Banking,Completed,New
O100862,2026-03-21,C1231,Customer 1231,Female,46,Kolkata,West Bengal,East,P2013,Appliances Product 2013,Home & Kitchen,Appliances,3,72349.68,0.05,206196.59,Credit Card,Completed,Returning
O100863,2026-04-09,C1219,Customer 1219,Female,48,Madurai,Tamil Nadu,South,P2012,Fitness Product 2012,Sports,Fitness,1,70788.11,0.1,63709.3,UPI,Completed,Returning
O100864,2025-10-07,C1411,Customer 1411,Male,29,Kolkata,West Bengal,East,P2037,Haircare Product 2037,Beauty,Haircare,2,29950.17,0.05,56905.32,UPI,Completed,Returning
O100865,2025-05-31,C1066,Customer 1066,Female,36,Warangal,Telangana,South,P2074,Mobiles Product 2074,Electronics,Mobiles,3,18005.98,0.1,48616.15,Cash on Delivery,Completed,Returning
O100866,2025-08-28,C1425,Customer 1425,Female,35,New Delhi,Delhi,North,P2073,Mobiles Product 2073,Electronics,Mobiles,1,58078.44,0,58078.44,Debit Card,Completed,Returning
O100867,2025-09-23,C1112,Customer 1112,Male,55,Patna,Bihar,East,P2052,Laptops Product 2052,Electronics,Laptops,5,54024.37,0.1,243109.67,Debit Card,Completed,Returning
O100868,2025-04-15,C1013,Customer 1013,Male,41,Hyderabad,Telangana,South,P2071,Mobiles Product 2071,Electronics,Mobiles,2,29513.79,0.05,56076.2,UPI,Completed,Returning
O100869,2026-03-09,C1393,Customer 1393,Female,57,Warangal,Telangana,South,P2002,Sportswear Product 2002,Sports,Sportswear,2,72675.18,0,145350.36,Debit Card,Completed,Returning
O100870,2026-05-12,C1500,Customer 1500,Female,37,Ahmedabad,Gujarat,West,P2056,Fitness Product 2056,Sports,Fitness,1,65159.96,0.15,55385.97,Debit Card,Completed,Returning
O100871,2026-03-16,C1420,Customer 1420,Female,30,Madurai,Tamil Nadu,South,P2060,Women Product 2060,Fashion,Women,4,54476.75,0,217907,UPI,Returned,Returning
O100872,2025-06-07,C1086,Customer 1086,Male,48,Kolkata,West Bengal,East,P2023,Accessories Product 2023,Electronics,Accessories,1,9651.38,0.05,9168.81,Cash on Delivery,Completed,Returning
O100873,2025-06-21,C1234,Customer 1234,Female,48,Kolkata,West Bengal,East,P2040,Mobiles Product 2040,Electronics,Mobiles,1,71380.78,0.1,64242.7,Credit Card,Completed,Returning
O100874,2026-05-09,C1090,Customer 1090,Female,35,Mysuru,Karnataka,South,P2064,Furniture Product 2064,Home & Kitchen,Furniture,1,47477.55,0.1,42729.8,UPI,Cancelled,Returning
O100875,2025-11-07,C1314,Customer 1314,Male,39,Jaipur,Rajasthan,North,P2085,Fitness Product 2085,Sports,Fitness,1,48108.22,0.15,40891.99,Credit Card,Completed,Returning
O100876,2026-02-07,C1054,Customer 1054,Female,24,Bengaluru,Karnataka,South,P2023,Accessories Product 2023,Electronics,Accessories,1,9651.38,0.1,8686.24,UPI,Completed,Returning
O100877,2026-04-08,C1012,Customer 1012,Male,51,Vadodara,Gujarat,West,P2029,Appliances Product 2029,Home & Kitchen,Appliances,5,54225.01,0.05,257568.8,Debit Card,Completed,Returning
O100878,2026-01-02,C1209,Customer 1209,Female,55,Ahmedabad,Gujarat,West,P2078,Accessories Product 2078,Electronics,Accessories,3,71159.18,0,213477.54,UPI,Completed,Returning
O100879,2026-07-04,C1462,Customer 1462,Male,27,Cuttack,Odisha,East,P2090,Men Product 2090,Fashion,Men,1,43634.38,0.15,37089.22,Net Banking,Completed,Returning
O100880,2025-09-12,C1014,Customer 1014,Male,42,Kolkata,West Bengal,East,P2051,Makeup Product 2051,Beauty,Makeup,1,3561.53,0.05,3383.45,Credit Card,Completed,Returning
O100881,2025-07-27,C1121,Customer 1121,Female,35,Kanpur,Uttar Pradesh,North,P2069,Mobiles Product 2069,Electronics,Mobiles,2,33564.3,0.2,53702.88,Credit Card,Completed,Returning
O100882,2026-03-26,C1418,Customer 1418,Female,21,Cuttack,Odisha,East,P2095,Skincare Product 2095,Beauty,Skincare,1,33448.14,0.05,31775.73,Debit Card,Completed,Returning
O100883,2025-04-05,C1437,Customer 1437,Female,38,Jaipur,Rajasthan,North,P2089,Women Product 2089,Fashion,Women,3,71400.34,0.15,182070.87,Net Banking,Completed,Returning
O100884,2026-04-23,C1377,Customer 1377,Female,31,Jaipur,Rajasthan,North,P2031,Makeup Product 2031,Beauty,Makeup,3,36193.87,0.2,86865.29,UPI,Completed,Returning
O100885,2025-07-09,C1020,Customer 1020,Male,59,Pune,Maharashtra,West,P2050,Fitness Product 2050,Sports,Fitness,3,13904.21,0.1,37541.37,Cash on Delivery,Completed,Returning
O100886,2026-04-29,C1075,Customer 1075,Male,20,Bhubaneswar,Odisha,East,P2020,Footwear Product 2020,Fashion,Footwear,1,47078.66,0.05,44724.73,Debit Card,Completed,Returning
O100887,2026-06-20,C1400,Customer 1400,Male,57,Patna,Bihar,East,P2055,Accessories Product 2055,Electronics,Accessories,1,15507.3,0.1,13956.57,UPI,Completed,Returning
O100888,2026-02-27,C1243,Customer 1243,Female,44,Chennai,Tamil Nadu,South,P2081,Men Product 2081,Fashion,Men,1,63359.53,0.1,57023.58,Credit Card,Completed,Returning
O100889,2026-08-28,C1223,Customer 1223,Female,28,Patna,Bihar,East,P2002,Sportswear Product 2002,Sports,Sportswear,1,72675.18,0.1,65407.66,Credit Card,Completed,Returning
O100890,2025-05-13,C1070,Customer 1070,Female,56,Patna,Bihar,East,P2025,Footwear Product 2025,Fashion,Footwear,1,48968.5,0,48968.5,Net Banking,Completed,Returning
O100891,2025-02-24,C1312,Customer 1312,Male,28,Jodhpur,Rajasthan,North,P2013,Appliances Product 2013,Home & Kitchen,Appliances,4,72349.68,0.15,245988.91,UPI,Completed,New
O100892,2026-05-25,C1211,Customer 1211,Male,35,Jodhpur,Rajasthan,North,P2092,Footwear Product 2092,Fashion,Footwear,3,2539.03,0,7617.09,UPI,Completed,Returning
O100893,2026-06-25,C1101,Customer 1101,Male,45,Kozhikode,Kerala,South,P2070,Men Product 2070,Fashion,Men,4,49797.81,0,199191.24,UPI,Returned,Returning
O100894,2026-02-14,C1186,Customer 1186,Male,36,Warangal,Telangana,South,P2067,Laptops Product 2067,Electronics,Laptops,3,38592.36,0.1,104199.37,UPI,Returned,Returning
O100895,2025-07-30,C1132,Customer 1132,Male,52,Noida,Uttar Pradesh,North,P2058,Women Product 2058,Fashion,Women,1,74077.42,0,74077.42,Debit Card,Completed,Returning
O100896,2025-10-20,C1111,Customer 1111,Female,24,Mangaluru,Karnataka,South,P2099,Sportswear Product 2099,Sports,Sportswear,2,42924.55,0.15,72971.74,Debit Card,Returned,Returning
O100897,2025-04-25,C1381,Customer 1381,Female,49,Jaipur,Rajasthan,North,P2082,Makeup Product 2082,Beauty,Makeup,1,65159.86,0.2,52127.89,UPI,Completed,Returning
O100898,2025-09-16,C1132,Customer 1132,Male,52,Noida,Uttar Pradesh,North,P2075,Laptops Product 2075,Electronics,Laptops,1,5790.21,0.2,4632.17,UPI,Returned,Returning
O100899,2025-05-02,C1020,Customer 1020,Male,59,Pune,Maharashtra,West,P2084,Fitness Product 2084,Sports,Fitness,2,39978.36,0.1,71961.05,Credit Card,Completed,Returning
O100900,2025-10-26,C1394,Customer 1394,Female,53,Bhubaneswar,Odisha,East,P2064,Furniture Product 2064,Home & Kitchen,Furniture,2,47477.55,0.1,85459.59,Debit Card,Completed,Returning
O100901,2026-01-16,C1024,Customer 1024,Female,48,Ahmedabad,Gujarat,West,P2069,Mobiles Product 2069,Electronics,Mobiles,2,33564.3,0.05,63772.17,Net Banking,Completed,Returning
O100902,2026-07-15,C1227,Customer 1227,Male,26,Pune,Maharashtra,West,P2083,Mobiles Product 2083,Electronics,Mobiles,1,2853.83,0.1,2568.45,UPI,Returned,Returning
O100903,2026-05-16,C1154,Customer 1154,Male,45,Udaipur,Rajasthan,North,P2086,Mobiles Product 2086,Electronics,Mobiles,1,70060.46,0,70060.46,UPI,Completed,Returning
O100904,2025-10-24,C1293,Customer 1293,Male,51,Coimbatore,Tamil Nadu,South,P2059,Mobiles Product 2059,Electronics,Mobiles,1,38695.49,0.05,36760.72,Credit Card,Completed,Returning
O100905,2025-12-28,C1230,Customer 1230,Male,28,New Delhi,Delhi,North,P2060,Women Product 2060,Fashion,Women,1,54476.75,0.15,46305.24,Cash on Delivery,Returned,Returning
O100906,2026-08-12,C1469,Customer 1469,Male,42,Kolkata,West Bengal,East,P2083,Mobiles Product 2083,Electronics,Mobiles,1,2853.83,0,2853.83,Credit Card,Completed,Returning
O100907,2026-04-08,C1310,Customer 1310,Female,46,New Delhi,Delhi,North,P2062,Makeup Product 2062,Beauty,Makeup,2,20979.04,0.05,39860.18,UPI,Completed,Returning
O100908,2026-03-14,C1488,Customer 1488,Female,58,Cuttack,Odisha,East,P2016,Mobiles Product 2016,Electronics,Mobiles,3,48979.51,0.15,124897.75,Credit Card,Completed,Returning
O100909,2025-05-07,C1359,Customer 1359,Male,36,Ahmedabad,Gujarat,West,P2088,Men Product 2088,Fashion,Men,1,36148.31,0,36148.31,Credit Card,Completed,Returning
O100910,2025-07-16,C1405,Customer 1405,Female,36,Noida,Uttar Pradesh,North,P2068,Furniture Product 2068,Home & Kitchen,Furniture,2,37073.16,0.05,70439,Debit Card,Returned,Returning
O100911,2025-08-09,C1202,Customer 1202,Female,38,Bhubaneswar,Odisha,East,P2015,Furniture Product 2015,Home & Kitchen,Furniture,1,17477.61,0,17477.61,UPI,Returned,Returning
O100912,2025-04-01,C1038,Customer 1038,Male,42,Nagpur,Maharashtra,West,P2089,Women Product 2089,Fashion,Women,5,71400.34,0.15,303451.44,Credit Card,Completed,Returning
O100913,2026-02-15,C1430,Customer 1430,Female,44,Vadodara,Gujarat,West,P2055,Accessories Product 2055,Electronics,Accessories,1,15507.3,0.1,13956.57,Debit Card,Completed,Returning
O100914,2025-01-08,C1260,Customer 1260,Male,27,Kolkata,West Bengal,East,P2035,Mobiles Product 2035,Electronics,Mobiles,3,38973.06,0.15,99381.3,UPI,Completed,New
O100915,2026-06-28,C1188,Customer 1188,Male,44,Warangal,Telangana,South,P2055,Accessories Product 2055,Electronics,Accessories,4,15507.3,0,62029.2,Debit Card,Completed,Returning
O100916,2026-04-13,C1057,Customer 1057,Female,25,Kolkata,West Bengal,East,P2014,Skincare Product 2014,Beauty,Skincare,3,73803.13,0.15,188197.98,Credit Card,Completed,Returning
O100917,2025-11-16,C1429,Customer 1429,Male,23,Noida,Uttar Pradesh,North,P2049,Appliances Product 2049,Home & Kitchen,Appliances,1,16675.28,0.1,15007.75,Net Banking,Completed,Returning
O100918,2026-01-29,C1020,Customer 1020,Male,59,Pune,Maharashtra,West,P2083,Mobiles Product 2083,Electronics,Mobiles,2,2853.83,0.05,5422.28,UPI,Completed,Returning
O100919,2025-09-26,C1273,Customer 1273,Female,35,Jaipur,Rajasthan,North,P2100,Mobiles Product 2100,Electronics,Mobiles,1,51807.65,0.1,46626.88,Cash on Delivery,Cancelled,Returning
O100920,2025-07-10,C1119,Customer 1119,Female,24,New Delhi,Delhi,North,P2007,Mobiles Product 2007,Electronics,Mobiles,1,70839.48,0.1,63755.53,UPI,Completed,Returning
O100921,2025-03-02,C1071,Customer 1071,Female,45,Madurai,Tamil Nadu,South,P2030,Men Product 2030,Fashion,Men,1,64551.14,0.1,58096.03,UPI,Completed,Returning
O100922,2026-03-14,C1004,Customer 1004,Male,52,New Delhi,Delhi,North,P2083,Mobiles Product 2083,Electronics,Mobiles,4,2853.83,0.1,10273.79,Net Banking,Completed,Returning
O100923,2025-09-21,C1221,Customer 1221,Male,37,Patna,Bihar,East,P2049,Appliances Product 2049,Home & Kitchen,Appliances,4,16675.28,0,66701.12,Net Banking,Completed,Returning
O100924,2025-04-05,C1014,Customer 1014,Male,42,Kolkata,West Bengal,East,P2089,Women Product 2089,Fashion,Women,1,71400.34,0.1,64260.31,UPI,Completed,New
O100925,2026-07-07,C1003,Customer 1003,Male,42,Mysuru,Karnataka,South,P2016,Mobiles Product 2016,Electronics,Mobiles,2,48979.51,0.1,88163.12,Cash on Delivery,Completed,Returning
O100926,2026-04-15,C1216,Customer 1216,Male,24,New Delhi,Delhi,North,P2051,Makeup Product 2051,Beauty,Makeup,4,3561.53,0.1,12821.51,UPI,Returned,Returning
O100927,2026-05-29,C1229,Customer 1229,Male,59,Mumbai,Maharashtra,West,P2072,Outdoor Product 2072,Sports,Outdoor,2,64391.57,0.1,115904.83,Debit Card,Completed,Returning
O100928,2025-07-13,C1336,Customer 1336,Female,41,Jodhpur,Rajasthan,North,P2082,Makeup Product 2082,Beauty,Makeup,1,65159.86,0.2,52127.89,UPI,Completed,Returning
O100929,2026-04-27,C1186,Customer 1186,Male,36,Warangal,Telangana,South,P2092,Footwear Product 2092,Fashion,Footwear,2,2539.03,0.15,4316.35,Credit Card,Completed,Returning
O100930,2025-12-02,C1055,Customer 1055,Male,58,Bhubaneswar,Odisha,East,P2080,Mobiles Product 2080,Electronics,Mobiles,3,26947.88,0.1,72759.28,Credit Card,Completed,Returning
O100931,2026-03-11,C1500,Customer 1500,Female,37,Ahmedabad,Gujarat,West,P2083,Mobiles Product 2083,Electronics,Mobiles,1,2853.83,0.15,2425.76,Debit Card,Completed,Returning
O100932,2025-07-15,C1388,Customer 1388,Male,21,Patna,Bihar,East,P2042,Sportswear Product 2042,Sports,Sportswear,3,46086.93,0,138260.79,Credit Card,Completed,Returning
O100933,2025-09-06,C1376,Customer 1376,Female,22,Pune,Maharashtra,West,P2017,Appliances Product 2017,Home & Kitchen,Appliances,1,35523.47,0.15,30194.95,Credit Card,Completed,Returning
O100934,2026-05-13,C1254,Customer 1254,Male,58,Thrissur,Kerala,South,P2063,Women Product 2063,Fashion,Women,1,27128.58,0.1,24415.72,Cash on Delivery,Completed,Returning
O100935,2025-07-31,C1024,Customer 1024,Female,48,Ahmedabad,Gujarat,West,P2045,Laptops Product 2045,Electronics,Laptops,1,61352.14,0.05,58284.53,UPI,Completed,Returning
O100936,2026-04-11,C1162,Customer 1162,Male,44,Kolkata,West Bengal,East,P2077,Men Product 2077,Fashion,Men,1,32487.3,0,32487.3,UPI,Completed,Returning
O100937,2025-08-09,C1158,Customer 1158,Female,23,Kozhikode,Kerala,South,P2007,Mobiles Product 2007,Electronics,Mobiles,2,70839.48,0,141678.96,Debit Card,Completed,Returning
O100938,2025-09-30,C1082,Customer 1082,Female,35,New Delhi,Delhi,North,P2027,Kitchen Product 2027,Home & Kitchen,Kitchen,1,11473.67,0,11473.67,UPI,Completed,Returning
O100939,2025-06-03,C1403,Customer 1403,Male,34,Mumbai,Maharashtra,West,P2010,Sportswear Product 2010,Sports,Sportswear,3,51133.3,0,153399.9,Credit Card,Completed,Returning
O100940,2025-09-06,C1159,Customer 1159,Male,30,Udaipur,Rajasthan,North,P2034,Men Product 2034,Fashion,Men,1,42105.76,0,42105.76,Credit Card,Completed,Returning
O100941,2025-10-06,C1188,Customer 1188,Male,44,Warangal,Telangana,South,P2036,Mobiles Product 2036,Electronics,Mobiles,3,6463.39,0.15,16481.64,UPI,Completed,Returning
O100942,2026-03-16,C1060,Customer 1060,Male,54,Mumbai,Maharashtra,West,P2025,Footwear Product 2025,Fashion,Footwear,4,48968.5,0.05,186080.3,Cash on Delivery,Completed,Returning
O100943,2025-10-03,C1403,Customer 1403,Male,34,Mumbai,Maharashtra,West,P2006,Accessories Product 2006,Electronics,Accessories,3,33608.93,0.05,95785.45,UPI,Cancelled,Returning
O100944,2026-05-29,C1305,Customer 1305,Female,47,Madurai,Tamil Nadu,South,P2024,Men Product 2024,Fashion,Men,4,15279.2,0.15,51949.28,UPI,Completed,Returning
O100945,2025-03-29,C1319,Customer 1319,Male,54,Coimbatore,Tamil Nadu,South,P2018,Women Product 2018,Fashion,Women,2,15516.48,0,31032.96,UPI,Completed,New
O100946,2026-05-20,C1366,Customer 1366,Male,20,New Delhi,Delhi,North,P2087,Kitchen Product 2087,Home & Kitchen,Kitchen,1,43974.9,0.15,37378.66,UPI,Completed,Returning
O100947,2026-08-13,C1211,Customer 1211,Male,35,Jodhpur,Rajasthan,North,P2006,Accessories Product 2006,Electronics,Accessories,4,33608.93,0.1,120992.15,Credit Card,Cancelled,Returning
O100948,2025-08-29,C1406,Customer 1406,Female,24,Bengaluru,Karnataka,South,P2029,Appliances Product 2029,Home & Kitchen,Appliances,3,54225.01,0.05,154541.28,Debit Card,Completed,Returning
O100949,2025-08-24,C1152,Customer 1152,Male,45,New Delhi,Delhi,North,P2025,Footwear Product 2025,Fashion,Footwear,3,48968.5,0,146905.5,Debit Card,Completed,Returning
O100950,2025-05-08,C1109,Customer 1109,Female,42,Bhubaneswar,Odisha,East,P2055,Accessories Product 2055,Electronics,Accessories,2,15507.3,0,31014.6,Net Banking,Completed,Returning
O100951,2026-05-18,C1076,Customer 1076,Female,20,Hyderabad,Telangana,South,P2081,Men Product 2081,Fashion,Men,2,63359.53,0.05,120383.11,UPI,Completed,Returning
O100952,2025-07-19,C1030,Customer 1030,Female,26,Bhubaneswar,Odisha,East,P2046,Appliances Product 2046,Home & Kitchen,Appliances,1,3344.33,0,3344.33,UPI,Completed,Returning
O100953,2026-06-27,C1314,Customer 1314,Male,39,Jaipur,Rajasthan,North,P2024,Men Product 2024,Fashion,Men,2,15279.2,0.05,29030.48,Cash on Delivery,Completed,Returning
O100954,2026-05-17,C1486,Customer 1486,Female,58,Cuttack,Odisha,East,P2075,Laptops Product 2075,Electronics,Laptops,1,5790.21,0,5790.21,UPI,Returned,Returning
O100955,2026-05-07,C1117,Customer 1117,Male,51,Vadodara,Gujarat,West,P2026,Furniture Product 2026,Home & Kitchen,Furniture,1,59877.66,0.1,53889.89,Cash on Delivery,Completed,Returning
O100956,2025-01-21,C1415,Customer 1415,Male,24,Chennai,Tamil Nadu,South,P2098,Women Product 2098,Fashion,Women,2,18537.8,0,37075.6,Net Banking,Completed,New
O100957,2025-08-22,C1356,Customer 1356,Male,29,Jaipur,Rajasthan,North,P2028,Furniture Product 2028,Home & Kitchen,Furniture,1,29619.27,0.15,25176.38,Cash on Delivery,Completed,Returning
O100958,2026-02-20,C1192,Customer 1192,Male,55,Hyderabad,Telangana,South,P2003,Makeup Product 2003,Beauty,Makeup,1,44701.37,0,44701.37,Credit Card,Completed,Returning
O100959,2025-05-28,C1019,Customer 1019,Female,36,Vadodara,Gujarat,West,P2075,Laptops Product 2075,Electronics,Laptops,3,5790.21,0.15,14765.04,UPI,Completed,Returning
O100960,2025-01-29,C1432,Customer 1432,Female,51,Cuttack,Odisha,East,P2038,Accessories Product 2038,Electronics,Accessories,3,15304.17,0,45912.51,Debit Card,Returned,New
O100961,2025-12-27,C1173,Customer 1173,Male,58,Cuttack,Odisha,East,P2061,Women Product 2061,Fashion,Women,2,44949.95,0.15,76414.91,Debit Card,Completed,Returning
O100962,2025-11-04,C1228,Customer 1228,Female,32,New Delhi,Delhi,North,P2078,Accessories Product 2078,Electronics,Accessories,2,71159.18,0.05,135202.44,UPI,Completed,Returning
O100963,2025-06-11,C1350,Customer 1350,Male,24,New Delhi,Delhi,North,P2051,Makeup Product 2051,Beauty,Makeup,4,3561.53,0.1,12821.51,Net Banking,Completed,Returning
O100964,2025-03-02,C1183,Customer 1183,Female,54,Chennai,Tamil Nadu,South,P2090,Men Product 2090,Fashion,Men,1,43634.38,0,43634.38,UPI,Completed,New
O100965,2025-05-05,C1113,Customer 1113,Female,53,Kochi,Kerala,South,P2048,Accessories Product 2048,Electronics,Accessories,2,48876.98,0.1,87978.56,Credit Card,Completed,Returning
O100966,2026-04-01,C1183,Customer 1183,Female,54,Chennai,Tamil Nadu,South,P2021,Mobiles Product 2021,Electronics,Mobiles,1,68414.15,0,68414.15,Net Banking,Completed,Returning
O100967,2025-03-12,C1481,Customer 1481,Female,34,Pune,Maharashtra,West,P2054,Accessories Product 2054,Electronics,Accessories,1,51113.05,0.1,46001.74,UPI,Cancelled,Returning
O100968,2026-04-11,C1146,Customer 1146,Male,54,Salem,Tamil Nadu,South,P2056,Fitness Product 2056,Sports,Fitness,2,65159.96,0,130319.92,UPI,Completed,Returning
O100969,2025-08-31,C1319,Customer 1319,Male,54,Coimbatore,Tamil Nadu,South,P2094,Women Product 2094,Fashion,Women,2,14369.68,0.1,25865.42,UPI,Completed,Returning
O100970,2026-05-05,C1116,Customer 1116,Female,38,New Delhi,Delhi,North,P2059,Mobiles Product 2059,Electronics,Mobiles,1,38695.49,0,38695.49,UPI,Cancelled,Returning
O100971,2025-08-09,C1113,Customer 1113,Female,53,Kochi,Kerala,South,P2072,Outdoor Product 2072,Sports,Outdoor,1,64391.57,0,64391.57,UPI,Completed,Returning
O100972,2026-04-18,C1251,Customer 1251,Female,29,Chennai,Tamil Nadu,South,P2051,Makeup Product 2051,Beauty,Makeup,2,3561.53,0.1,6410.75,UPI,Completed,Returning
O100973,2026-06-17,C1476,Customer 1476,Female,22,Patna,Bihar,East,P2020,Footwear Product 2020,Fashion,Footwear,2,47078.66,0.25,70617.99,UPI,Completed,Returning
O100974,2026-05-09,C1251,Customer 1251,Female,29,Chennai,Tamil Nadu,South,P2096,Outdoor Product 2096,Sports,Outdoor,2,19371.4,0.1,34868.52,Net Banking,Completed,Returning
O100975,2025-03-23,C1303,Customer 1303,Male,45,Hyderabad,Telangana,South,P2086,Mobiles Product 2086,Electronics,Mobiles,1,70060.46,0.15,59551.39,Cash on Delivery,Completed,Returning
O100976,2026-06-06,C1459,Customer 1459,Male,45,Cuttack,Odisha,East,P2059,Mobiles Product 2059,Electronics,Mobiles,2,38695.49,0.1,69651.88,Credit Card,Completed,Returning
O100977,2025-01-12,C1313,Customer 1313,Female,52,Chennai,Tamil Nadu,South,P2071,Mobiles Product 2071,Electronics,Mobiles,1,29513.79,0.1,26562.41,UPI,Completed,New
O100978,2025-09-20,C1118,Customer 1118,Female,20,Patna,Bihar,East,P2009,Skincare Product 2009,Beauty,Skincare,1,22588.57,0,22588.57,UPI,Completed,Returning
O100979,2026-03-25,C1301,Customer 1301,Male,47,Jodhpur,Rajasthan,North,P2001,Accessories Product 2001,Electronics,Accessories,2,63975.38,0,127950.76,Debit Card,Completed,Returning
O100980,2025-07-11,C1161,Customer 1161,Male,55,New Delhi,Delhi,North,P2029,Appliances Product 2029,Home & Kitchen,Appliances,2,54225.01,0.2,86760.02,Debit Card,Completed,Returning
O100981,2025-04-24,C1401,Customer 1401,Female,52,Warangal,Telangana,South,P2063,Women Product 2063,Fashion,Women,1,27128.58,0.05,25772.15,Cash on Delivery,Completed,New
O100982,2025-01-26,C1198,Customer 1198,Female,26,Hyderabad,Telangana,South,P2072,Outdoor Product 2072,Sports,Outdoor,1,64391.57,0.1,57952.41,UPI,Returned,Returning
O100983,2026-05-14,C1260,Customer 1260,Male,27,Kolkata,West Bengal,East,P2056,Fitness Product 2056,Sports,Fitness,2,65159.96,0.1,117287.93,Net Banking,Completed,Returning
O100984,2026-05-23,C1148,Customer 1148,Male,36,Jaipur,Rajasthan,North,P2068,Furniture Product 2068,Home & Kitchen,Furniture,1,37073.16,0.05,35219.5,Credit Card,Completed,Returning
O100985,2026-06-29,C1240,Customer 1240,Female,41,Surat,Gujarat,West,P2035,Mobiles Product 2035,Electronics,Mobiles,1,38973.06,0.05,37024.41,Cash on Delivery,Completed,Returning
O100986,2025-03-03,C1047,Customer 1047,Female,41,Vadodara,Gujarat,West,P2003,Makeup Product 2003,Beauty,Makeup,1,44701.37,0.1,40231.23,Debit Card,Completed,Returning
O100987,2025-08-17,C1475,Customer 1475,Male,26,Mysuru,Karnataka,South,P2007,Mobiles Product 2007,Electronics,Mobiles,1,70839.48,0,70839.48,Credit Card,Completed,Returning
O100988,2026-08-30,C1399,Customer 1399,Female,53,Jodhpur,Rajasthan,North,P2027,Kitchen Product 2027,Home & Kitchen,Kitchen,1,11473.67,0.05,10899.99,Debit Card,Completed,Returning
O100989,2025-02-04,C1198,Customer 1198,Female,26,Hyderabad,Telangana,South,P2001,Accessories Product 2001,Electronics,Accessories,3,63975.38,0.1,172733.53,Net Banking,Completed,Returning
O100990,2026-04-01,C1047,Customer 1047,Female,41,Vadodara,Gujarat,West,P2091,Accessories Product 2091,Electronics,Accessories,2,36816.84,0.25,55225.26,UPI,Completed,Returning
O100991,2026-08-11,C1078,Customer 1078,Female,51,Thrissur,Kerala,South,P2080,Mobiles Product 2080,Electronics,Mobiles,2,26947.88,0.05,51200.97,UPI,Completed,Returning
O100992,2026-05-17,C1124,Customer 1124,Male,21,Kozhikode,Kerala,South,P2071,Mobiles Product 2071,Electronics,Mobiles,2,29513.79,0.1,53124.82,Credit Card,Completed,Returning
O100993,2026-08-18,C1075,Customer 1075,Male,20,Bhubaneswar,Odisha,East,P2044,Makeup Product 2044,Beauty,Makeup,2,61167.44,0,122334.88,UPI,Completed,Returning
O100994,2025-01-25,C1359,Customer 1359,Male,36,Ahmedabad,Gujarat,West,P2087,Kitchen Product 2087,Home & Kitchen,Kitchen,4,43974.9,0,175899.6,Credit Card,Completed,Returning
O100995,2026-07-23,C1137,Customer 1137,Male,20,New Delhi,Delhi,North,P2041,Accessories Product 2041,Electronics,Accessories,2,2659.49,0.2,4255.18,Cash on Delivery,Completed,Returning
O100996,2025-02-01,C1090,Customer 1090,Female,35,Mysuru,Karnataka,South,P2075,Laptops Product 2075,Electronics,Laptops,1,5790.21,0.15,4921.68,Debit Card,Completed,Returning
O100997,2025-01-12,C1400,Customer 1400,Male,57,Patna,Bihar,East,P2042,Sportswear Product 2042,Sports,Sportswear,2,46086.93,0.05,87565.17,Debit Card,Completed,New
O100998,2025-11-15,C1325,Customer 1325,Female,29,Mangaluru,Karnataka,South,P2033,Footwear Product 2033,Fashion,Footwear,1,37566.95,0.1,33810.25,Debit Card,Completed,Returning
O100999,2026-08-27,C1500,Customer 1500,Female,37,Ahmedabad,Gujarat,West,P2050,Fitness Product 2050,Sports,Fitness,2,13904.21,0,27808.42,Net Banking,Completed,Returning
O101000,2025-01-01,C1061,Customer 1061,Male,59,Vadodara,Gujarat,West,P2063,Women Product 2063,Fashion,Women,2,27128.58,0.15,46118.59,Cash on Delivery,Completed,New
O101001,2026-03-11,C1138,Customer 1138,Male,52,Jodhpur,Rajasthan,North,P2100,Mobiles Product 2100,Electronics,Mobiles,3,51807.65,0,155422.95,Debit Card,Completed,Returning
O101002,2025-05-16,C1050,Customer 1050,Female,34,New Delhi,Delhi,North,P2037,Haircare Product 2037,Beauty,Haircare,2,29950.17,0.15,50915.29,Credit Card,Completed,Returning
O101003,2025-07-15,C1259,Customer 1259,Female,47,Noida,Uttar Pradesh,North,P2059,Mobiles Product 2059,Electronics,Mobiles,1,38695.49,0.1,34825.94,UPI,Completed,Returning
O101004,2025-05-13,C1461,Customer 1461,Female,20,Vadodara,Gujarat,West,P2081,Men Product 2081,Fashion,Men,1,63359.53,0.05,60191.55,Credit Card,Completed,Returning
O101005,2025-03-27,C1107,Customer 1107,Female,49,Pune,Maharashtra,West,P2099,Sportswear Product 2099,Sports,Sportswear,1,42924.55,0.2,34339.64,UPI,Completed,Returning
O101006,2026-04-21,C1113,Customer 1113,Female,53,Kochi,Kerala,South,P2048,Accessories Product 2048,Electronics,Accessories,1,48876.98,0.25,36657.74,UPI,Completed,Returning
O101007,2025-11-20,C1350,Customer 1350,Male,24,New Delhi,Delhi,North,P2005,Appliances Product 2005,Home & Kitchen,Appliances,1,61463.29,0.05,58390.13,Debit Card,Completed,Returning
O101008,2025-06-29,C1254,Customer 1254,Male,58,Thrissur,Kerala,South,P2048,Accessories Product 2048,Electronics,Accessories,1,48876.98,0.15,41545.43,Debit Card,Completed,Returning
O101009,2026-05-31,C1118,Customer 1118,Female,20,Patna,Bihar,East,P2096,Outdoor Product 2096,Sports,Outdoor,1,19371.4,0.15,16465.69,UPI,Completed,Returning
O101010,2025-06-24,C1493,Customer 1493,Male,32,New Delhi,Delhi,North,P2003,Makeup Product 2003,Beauty,Makeup,5,44701.37,0.15,189980.82,Cash on Delivery,Completed,Returning
O101011,2025-01-21,C1198,Customer 1198,Female,26,Hyderabad,Telangana,South,P2047,Laptops Product 2047,Electronics,Laptops,1,6397.76,0.25,4798.32,Credit Card,Completed,Returning
O101012,2025-04-15,C1337,Customer 1337,Male,46,Jaipur,Rajasthan,North,P2062,Makeup Product 2062,Beauty,Makeup,1,20979.04,0.1,18881.14,Credit Card,Returned,Returning
O101013,2026-08-01,C1365,Customer 1365,Male,23,Patna,Bihar,East,P2099,Sportswear Product 2099,Sports,Sportswear,1,42924.55,0.15,36485.87,Debit Card,Completed,Returning
O101014,2026-03-19,C1051,Customer 1051,Male,56,Vadodara,Gujarat,West,P2014,Skincare Product 2014,Beauty,Skincare,2,73803.13,0.15,125465.32,Debit Card,Completed,Returning
O101015,2025-02-18,C1245,Customer 1245,Male,55,Mumbai,Maharashtra,West,P2063,Women Product 2063,Fashion,Women,1,27128.58,0.1,24415.72,UPI,Returned,New
O101016,2026-06-12,C1403,Customer 1403,Male,34,Mumbai,Maharashtra,West,P2061,Women Product 2061,Fashion,Women,2,44949.95,0.1,80909.91,Net Banking,Completed,Returning
O101017,2025-05-25,C1426,Customer 1426,Male,27,Bengaluru,Karnataka,South,P2031,Makeup Product 2031,Beauty,Makeup,1,36193.87,0.05,34384.18,UPI,Completed,Returning
O101018,2025-12-06,C1035,Customer 1035,Female,35,Kozhikode,Kerala,South,P2095,Skincare Product 2095,Beauty,Skincare,2,33448.14,0.15,56861.84,Credit Card,Completed,Returning
O101019,2025-12-20,C1302,Customer 1302,Male,55,Chennai,Tamil Nadu,South,P2017,Appliances Product 2017,Home & Kitchen,Appliances,3,35523.47,0.15,90584.85,UPI,Completed,Returning
O101020,2025-03-16,C1410,Customer 1410,Female,36,Hyderabad,Telangana,South,P2024,Men Product 2024,Fashion,Men,1,15279.2,0.1,13751.28,Debit Card,Returned,New
O101021,2026-08-01,C1499,Customer 1499,Male,60,Surat,Gujarat,West,P2023,Accessories Product 2023,Electronics,Accessories,1,9651.38,0.05,9168.81,UPI,Returned,Returning
O101022,2025-11-15,C1069,Customer 1069,Female,45,Salem,Tamil Nadu,South,P2082,Makeup Product 2082,Beauty,Makeup,1,65159.86,0,65159.86,Net Banking,Cancelled,Returning
O101023,2025-03-28,C1349,Customer 1349,Female,50,Jaipur,Rajasthan,North,P2050,Fitness Product 2050,Sports,Fitness,3,13904.21,0,41712.63,UPI,Returned,Returning
O101024,2026-07-07,C1320,Customer 1320,Female,25,New Delhi,Delhi,North,P2078,Accessories Product 2078,Electronics,Accessories,1,71159.18,0.1,64043.26,Cash on Delivery,Completed,Returning
O101025,2025-02-11,C1421,Customer 1421,Female,42,Mysuru,Karnataka,South,P2079,Laptops Product 2079,Electronics,Laptops,2,12821.16,0.05,24360.2,Net Banking,Completed,New
O101026,2025-04-03,C1468,Customer 1468,Male,47,Udaipur,Rajasthan,North,P2079,Laptops Product 2079,Electronics,Laptops,3,12821.16,0.15,32693.96,Credit Card,Completed,Returning
O101027,2026-05-22,C1049,Customer 1049,Female,25,Salem,Tamil Nadu,South,P2070,Men Product 2070,Fashion,Men,2,49797.81,0.1,89636.06,Credit Card,Completed,Returning
O101028,2026-06-13,C1405,Customer 1405,Female,36,Noida,Uttar Pradesh,North,P2027,Kitchen Product 2027,Home & Kitchen,Kitchen,1,11473.67,0.2,9178.94,Debit Card,Completed,Returning
O101029,2025-09-22,C1074,Customer 1074,Female,31,Mumbai,Maharashtra,West,P2015,Furniture Product 2015,Home & Kitchen,Furniture,1,17477.61,0,17477.61,UPI,Completed,Returning
O101030,2025-10-19,C1192,Customer 1192,Male,55,Hyderabad,Telangana,South,P2050,Fitness Product 2050,Sports,Fitness,2,13904.21,0.25,20856.31,UPI,Returned,Returning
O101031,2026-04-09,C1261,Customer 1261,Male,60,Warangal,Telangana,South,P2036,Mobiles Product 2036,Electronics,Mobiles,3,6463.39,0.05,18420.66,UPI,Completed,Returning
O101032,2026-07-14,C1356,Customer 1356,Male,29,Jaipur,Rajasthan,North,P2008,Mobiles Product 2008,Electronics,Mobiles,5,12522.7,0.1,56352.15,Credit Card,Completed,Returning
O101033,2025-04-07,C1070,Customer 1070,Female,56,Patna,Bihar,East,P2079,Laptops Product 2079,Electronics,Laptops,4,12821.16,0.1,46156.18,UPI,Completed,New
O101034,2025-04-05,C1090,Customer 1090,Female,35,Mysuru,Karnataka,South,P2003,Makeup Product 2003,Beauty,Makeup,3,44701.37,0.05,127398.9,UPI,Completed,Returning
O101035,2025-11-22,C1260,Customer 1260,Male,27,Kolkata,West Bengal,East,P2062,Makeup Product 2062,Beauty,Makeup,2,20979.04,0,41958.08,Debit Card,Completed,Returning
O101036,2025-03-15,C1126,Customer 1126,Female,51,Pune,Maharashtra,West,P2047,Laptops Product 2047,Electronics,Laptops,3,6397.76,0,19193.28,UPI,Completed,Returning
O101037,2025-12-02,C1231,Customer 1231,Female,46,Kolkata,West Bengal,East,P2077,Men Product 2077,Fashion,Men,1,32487.3,0.15,27614.2,UPI,Completed,Returning
O101038,2025-03-09,C1295,Customer 1295,Female,27,Ahmedabad,Gujarat,West,P2098,Women Product 2098,Fashion,Women,2,18537.8,0.05,35221.82,Cash on Delivery,Completed,Returning
O101039,2025-03-18,C1498,Customer 1498,Female,22,New Delhi,Delhi,North,P2088,Men Product 2088,Fashion,Men,1,36148.31,0.25,27111.23,Debit Card,Completed,Returning
O101040,2025-07-27,C1419,Customer 1419,Female,32,Udaipur,Rajasthan,North,P2096,Outdoor Product 2096,Sports,Outdoor,1,19371.4,0.05,18402.83,UPI,Completed,Returning
O101041,2025-08-09,C1129,Customer 1129,Female,43,Cuttack,Odisha,East,P2061,Women Product 2061,Fashion,Women,2,44949.95,0.25,67424.92,UPI,Completed,Returning
O101042,2025-09-19,C1280,Customer 1280,Female,39,Bhubaneswar,Odisha,East,P2032,Mobiles Product 2032,Electronics,Mobiles,1,7978.59,0,7978.59,Debit Card,Completed,Returning
O101043,2026-02-14,C1313,Customer 1313,Female,52,Chennai,Tamil Nadu,South,P2094,Women Product 2094,Fashion,Women,1,14369.68,0,14369.68,UPI,Completed,Returning
O101044,2025-11-27,C1100,Customer 1100,Male,35,Jaipur,Rajasthan,North,P2013,Appliances Product 2013,Home & Kitchen,Appliances,1,72349.68,0.05,68732.2,Cash on Delivery,Returned,Returning
O101045,2025-12-10,C1326,Customer 1326,Female,49,Mysuru,Karnataka,South,P2001,Accessories Product 2001,Electronics,Accessories,3,63975.38,0.2,153540.91,Debit Card,Completed,Returning
O101046,2025-03-15,C1297,Customer 1297,Female,31,Patna,Bihar,East,P2034,Men Product 2034,Fashion,Men,2,42105.76,0.1,75790.37,Cash on Delivery,Cancelled,Returning
O101047,2025-09-11,C1182,Customer 1182,Male,44,Kolkata,West Bengal,East,P2062,Makeup Product 2062,Beauty,Makeup,2,20979.04,0,41958.08,Net Banking,Completed,Returning
O101048,2025-11-28,C1174,Customer 1174,Female,51,Udaipur,Rajasthan,North,P2079,Laptops Product 2079,Electronics,Laptops,1,12821.16,0,12821.16,Credit Card,Returned,Returning
O101049,2026-02-02,C1316,Customer 1316,Female,47,Cuttack,Odisha,East,P2078,Accessories Product 2078,Electronics,Accessories,1,71159.18,0.05,67601.22,Debit Card,Completed,Returning
O101050,2025-12-11,C1364,Customer 1364,Female,32,Salem,Tamil Nadu,South,P2093,Furniture Product 2093,Home & Kitchen,Furniture,1,15378.45,0.1,13840.61,Net Banking,Completed,Returning
O101051,2026-08-07,C1188,Customer 1188,Male,44,Warangal,Telangana,South,P2098,Women Product 2098,Fashion,Women,1,18537.8,0.05,17610.91,Debit Card,Completed,Returning
O101052,2026-03-31,C1057,Customer 1057,Female,25,Kolkata,West Bengal,East,P2082,Makeup Product 2082,Beauty,Makeup,3,65159.86,0.15,166157.64,UPI,Completed,Returning
O101053,2025-04-25,C1031,Customer 1031,Male,55,New Delhi,Delhi,North,P2071,Mobiles Product 2071,Electronics,Mobiles,1,29513.79,0.1,26562.41,Credit Card,Completed,New
O101054,2025-11-09,C1084,Customer 1084,Female,24,Mumbai,Maharashtra,West,P2093,Furniture Product 2093,Home & Kitchen,Furniture,1,15378.45,0.2,12302.76,UPI,Completed,Returning
O101055,2025-08-16,C1152,Customer 1152,Male,45,New Delhi,Delhi,North,P2031,Makeup Product 2031,Beauty,Makeup,1,36193.87,0.1,32574.48,Debit Card,Completed,Returning
O101056,2025-09-02,C1473,Customer 1473,Male,45,Patna,Bihar,East,P2064,Furniture Product 2064,Home & Kitchen,Furniture,1,47477.55,0.05,45103.67,Debit Card,Completed,Returning
O101057,2026-06-10,C1036,Customer 1036,Male,33,Kozhikode,Kerala,South,P2025,Footwear Product 2025,Fashion,Footwear,1,48968.5,0.25,36726.38,Cash on Delivery,Completed,Returning
O101058,2026-06-12,C1213,Customer 1213,Male,58,Cuttack,Odisha,East,P2038,Accessories Product 2038,Electronics,Accessories,2,15304.17,0.05,29077.92,Debit Card,Completed,Returning
O101059,2026-03-03,C1414,Customer 1414,Male,43,New Delhi,Delhi,North,P2014,Skincare Product 2014,Beauty,Skincare,2,73803.13,0.1,132845.63,Net Banking,Completed,Returning
O101060,2025-02-11,C1408,Customer 1408,Female,23,Patna,Bihar,East,P2008,Mobiles Product 2008,Electronics,Mobiles,3,12522.7,0.15,31932.89,UPI,Completed,New
O101061,2026-04-10,C1364,Customer 1364,Female,32,Salem,Tamil Nadu,South,P2091,Accessories Product 2091,Electronics,Accessories,2,36816.84,0,73633.68,Credit Card,Completed,Returning
O101062,2025-10-05,C1106,Customer 1106,Female,52,Mysuru,Karnataka,South,P2054,Accessories Product 2054,Electronics,Accessories,1,51113.05,0.05,48557.4,Cash on Delivery,Completed,Returning
O101063,2025-01-19,C1414,Customer 1414,Male,43,New Delhi,Delhi,North,P2002,Sportswear Product 2002,Sports,Sportswear,2,72675.18,0,145350.36,Net Banking,Completed,New
O101064,2025-03-07,C1342,Customer 1342,Female,54,Bengaluru,Karnataka,South,P2081,Men Product 2081,Fashion,Men,2,63359.53,0,126719.06,Debit Card,Completed,New
O101065,2025-06-16,C1220,Customer 1220,Male,30,New Delhi,Delhi,North,P2078,Accessories Product 2078,Electronics,Accessories,1,71159.18,0,71159.18,UPI,Completed,Returning
O101066,2026-08-08,C1391,Customer 1391,Male,57,Salem,Tamil Nadu,South,P2089,Women Product 2089,Fashion,Women,2,71400.34,0,142800.68,Debit Card,Completed,Returning
O101067,2026-02-07,C1163,Customer 1163,Female,40,Warangal,Telangana,South,P2056,Fitness Product 2056,Sports,Fitness,4,65159.96,0.05,247607.85,Cash on Delivery,Completed,Returning
O101068,2026-02-13,C1439,Customer 1439,Male,24,Bhubaneswar,Odisha,East,P2094,Women Product 2094,Fashion,Women,1,14369.68,0.15,12214.23,UPI,Completed,Returning
O101069,2025-04-22,C1220,Customer 1220,Male,30,New Delhi,Delhi,North,P2093,Furniture Product 2093,Home & Kitchen,Furniture,2,15378.45,0.1,27681.21,Debit Card,Completed,Returning
O101070,2025-10-01,C1270,Customer 1270,Male,25,Cuttack,Odisha,East,P2084,Fitness Product 2084,Sports,Fitness,3,39978.36,0.1,107941.57,Credit Card,Completed,Returning
O101071,2026-02-11,C1120,Customer 1120,Male,23,Cuttack,Odisha,East,P2085,Fitness Product 2085,Sports,Fitness,2,48108.22,0.1,86594.8,UPI,Completed,Returning
O101072,2026-01-08,C1394,Customer 1394,Female,53,Bhubaneswar,Odisha,East,P2061,Women Product 2061,Fashion,Women,2,44949.95,0.15,76414.91,Net Banking,Completed,Returning
O101073,2026-08-20,C1336,Customer 1336,Female,41,Jodhpur,Rajasthan,North,P2022,Outdoor Product 2022,Sports,Outdoor,1,34818.67,0.2,27854.94,UPI,Completed,Returning
O101074,2025-02-08,C1400,Customer 1400,Male,57,Patna,Bihar,East,P2035,Mobiles Product 2035,Electronics,Mobiles,1,38973.06,0.15,33127.1,UPI,Completed,Returning
O101075,2025-04-15,C1182,Customer 1182,Male,44,Kolkata,West Bengal,East,P2016,Mobiles Product 2016,Electronics,Mobiles,2,48979.51,0.15,83265.17,Net Banking,Completed,Returning
O101076,2025-11-20,C1479,Customer 1479,Male,57,Salem,Tamil Nadu,South,P2050,Fitness Product 2050,Sports,Fitness,2,13904.21,0,27808.42,Debit Card,Completed,Returning
O101077,2026-02-18,C1106,Customer 1106,Female,52,Mysuru,Karnataka,South,P2043,Furniture Product 2043,Home & Kitchen,Furniture,4,47010.26,0.1,169236.94,UPI,Returned,Returning
O101078,2026-03-05,C1217,Customer 1217,Female,54,Bengaluru,Karnataka,South,P2017,Appliances Product 2017,Home & Kitchen,Appliances,1,35523.47,0.1,31971.12,Cash on Delivery,Completed,Returning
O101079,2025-03-02,C1205,Customer 1205,Female,54,Cuttack,Odisha,East,P2080,Mobiles Product 2080,Electronics,Mobiles,1,26947.88,0.1,24253.09,UPI,Completed,New
O101080,2025-11-03,C1070,Customer 1070,Female,56,Patna,Bihar,East,P2058,Women Product 2058,Fashion,Women,1,74077.42,0.1,66669.68,Cash on Delivery,Completed,Returning
O101081,2025-12-20,C1044,Customer 1044,Female,42,Patna,Bihar,East,P2002,Sportswear Product 2002,Sports,Sportswear,1,72675.18,0,72675.18,Debit Card,Completed,Returning
O101082,2026-01-28,C1329,Customer 1329,Female,20,Salem,Tamil Nadu,South,P2004,Kitchen Product 2004,Home & Kitchen,Kitchen,1,1952.63,0,1952.63,Credit Card,Completed,Returning
O101083,2025-07-23,C1301,Customer 1301,Male,47,Jodhpur,Rajasthan,North,P2085,Fitness Product 2085,Sports,Fitness,1,48108.22,0.2,38486.58,UPI,Completed,New
O101084,2025-09-15,C1228,Customer 1228,Female,32,New Delhi,Delhi,North,P2039,Footwear Product 2039,Fashion,Footwear,1,15251.22,0.1,13726.1,UPI,Completed,Returning
O101085,2026-05-01,C1184,Customer 1184,Male,60,Ahmedabad,Gujarat,West,P2098,Women Product 2098,Fashion,Women,1,18537.8,0.05,17610.91,UPI,Completed,Returning
O101086,2026-06-01,C1107,Customer 1107,Female,49,Pune,Maharashtra,West,P2094,Women Product 2094,Fashion,Women,1,14369.68,0.05,13651.2,Debit Card,Completed,Returning
O101087,2026-03-22,C1084,Customer 1084,Female,24,Mumbai,Maharashtra,West,P2006,Accessories Product 2006,Electronics,Accessories,5,33608.93,0.1,151240.18,Credit Card,Completed,Returning
O101088,2025-06-29,C1338,Customer 1338,Male,32,Thrissur,Kerala,South,P2081,Men Product 2081,Fashion,Men,3,63359.53,0.05,180574.66,UPI,Completed,Returning
O101089,2025-12-08,C1250,Customer 1250,Male,46,Noida,Uttar Pradesh,North,P2089,Women Product 2089,Fashion,Women,1,71400.34,0.1,64260.31,Net Banking,Completed,Returning
O101090,2025-05-13,C1363,Customer 1363,Male,20,Thrissur,Kerala,South,P2069,Mobiles Product 2069,Electronics,Mobiles,3,33564.3,0,100692.9,UPI,Completed,Returning
O101091,2026-03-19,C1441,Customer 1441,Male,47,Mysuru,Karnataka,South,P2069,Mobiles Product 2069,Electronics,Mobiles,2,33564.3,0,67128.6,Debit Card,Completed,Returning
O101092,2025-09-10,C1021,Customer 1021,Female,52,Lucknow,Uttar Pradesh,North,P2020,Footwear Product 2020,Fashion,Footwear,3,47078.66,0.05,134174.18,UPI,Completed,Returning
O101093,2025-09-22,C1196,Customer 1196,Female,31,Kochi,Kerala,South,P2064,Furniture Product 2064,Home & Kitchen,Furniture,1,47477.55,0.15,40355.92,Debit Card,Completed,Returning
O101094,2025-04-03,C1178,Customer 1178,Male,56,Mysuru,Karnataka,South,P2016,Mobiles Product 2016,Electronics,Mobiles,1,48979.51,0,48979.51,Debit Card,Completed,Returning
O101095,2026-02-15,C1417,Customer 1417,Male,25,New Delhi,Delhi,North,P2051,Makeup Product 2051,Beauty,Makeup,3,3561.53,0.05,10150.36,Net Banking,Completed,Returning
O101096,2025-05-18,C1475,Customer 1475,Male,26,Mysuru,Karnataka,South,P2037,Haircare Product 2037,Beauty,Haircare,1,29950.17,0.15,25457.64,UPI,Completed,New
O101097,2025-07-27,C1007,Customer 1007,Male,44,Patna,Bihar,East,P2073,Mobiles Product 2073,Electronics,Mobiles,4,58078.44,0.15,197466.7,UPI,Returned,Returning
O101098,2026-07-27,C1070,Customer 1070,Female,56,Patna,Bihar,East,P2069,Mobiles Product 2069,Electronics,Mobiles,3,33564.3,0,100692.9,UPI,Cancelled,Returning
O101099,2025-11-03,C1127,Customer 1127,Female,46,Nagpur,Maharashtra,West,P2042,Sportswear Product 2042,Sports,Sportswear,5,46086.93,0.15,195869.45,UPI,Completed,Returning
O101100,2025-09-23,C1399,Customer 1399,Female,53,Jodhpur,Rajasthan,North,P2057,Skincare Product 2057,Beauty,Skincare,1,63514.52,0.25,47635.89,UPI,Completed,Returning
O101101,2025-11-14,C1466,Customer 1466,Male,33,Noida,Uttar Pradesh,North,P2066,Furniture Product 2066,Home & Kitchen,Furniture,1,13722.33,0.2,10977.86,Credit Card,Completed,Returning
O101102,2025-04-23,C1160,Customer 1160,Female,48,Kochi,Kerala,South,P2009,Skincare Product 2009,Beauty,Skincare,1,22588.57,0.15,19200.28,Debit Card,Completed,Returning
O101103,2026-01-13,C1248,Customer 1248,Male,38,Vadodara,Gujarat,West,P2100,Mobiles Product 2100,Electronics,Mobiles,4,51807.65,0.15,176146.01,Net Banking,Completed,Returning
O101104,2026-03-30,C1203,Customer 1203,Male,35,Mumbai,Maharashtra,West,P2086,Mobiles Product 2086,Electronics,Mobiles,1,70060.46,0.05,66557.44,Credit Card,Completed,Returning
O101105,2025-07-10,C1148,Customer 1148,Male,36,Jaipur,Rajasthan,North,P2064,Furniture Product 2064,Home & Kitchen,Furniture,2,47477.55,0.1,85459.59,Credit Card,Completed,Returning
O101106,2026-03-16,C1472,Customer 1472,Female,21,Mumbai,Maharashtra,West,P2086,Mobiles Product 2086,Electronics,Mobiles,1,70060.46,0.1,63054.41,Cash on Delivery,Completed,Returning
O101107,2025-07-06,C1143,Customer 1143,Female,31,Udaipur,Rajasthan,North,P2022,Outdoor Product 2022,Sports,Outdoor,1,34818.67,0.05,33077.74,Credit Card,Completed,Returning
O101108,2026-01-02,C1432,Customer 1432,Female,51,Cuttack,Odisha,East,P2034,Men Product 2034,Fashion,Men,1,42105.76,0.1,37895.18,Debit Card,Completed,Returning
O101109,2025-03-30,C1199,Customer 1199,Male,47,Hyderabad,Telangana,South,P2055,Accessories Product 2055,Electronics,Accessories,2,15507.3,0.15,26362.41,Cash on Delivery,Completed,New
O101110,2025-07-06,C1405,Customer 1405,Female,36,Noida,Uttar Pradesh,North,P2029,Appliances Product 2029,Home & Kitchen,Appliances,3,54225.01,0.25,122006.27,Cash on Delivery,Completed,Returning
O101111,2025-05-12,C1426,Customer 1426,Male,27,Bengaluru,Karnataka,South,P2038,Accessories Product 2038,Electronics,Accessories,1,15304.17,0.05,14538.96,Credit Card,Completed,Returning
O101112,2026-07-14,C1154,Customer 1154,Male,45,Udaipur,Rajasthan,North,P2097,Footwear Product 2097,Fashion,Footwear,3,70862.68,0.05,201958.64,Debit Card,Completed,Returning
O101113,2026-01-11,C1492,Customer 1492,Male,36,Udaipur,Rajasthan,North,P2018,Women Product 2018,Fashion,Women,2,15516.48,0.1,27929.66,Credit Card,Completed,Returning
O101114,2025-04-09,C1376,Customer 1376,Female,22,Pune,Maharashtra,West,P2071,Mobiles Product 2071,Electronics,Mobiles,2,29513.79,0,59027.58,Debit Card,Completed,Returning
O101115,2025-02-03,C1384,Customer 1384,Male,34,Mumbai,Maharashtra,West,P2065,Makeup Product 2065,Beauty,Makeup,2,58267.22,0.1,104881,Cash on Delivery,Completed,New
O101116,2026-08-05,C1142,Customer 1142,Male,32,Coimbatore,Tamil Nadu,South,P2097,Footwear Product 2097,Fashion,Footwear,1,70862.68,0,70862.68,UPI,Completed,Returning
O101117,2025-06-20,C1313,Customer 1313,Female,52,Chennai,Tamil Nadu,South,P2001,Accessories Product 2001,Electronics,Accessories,1,63975.38,0.1,57577.84,Net Banking,Completed,Returning
O101118,2026-01-01,C1165,Customer 1165,Female,29,Warangal,Telangana,South,P2088,Men Product 2088,Fashion,Men,3,36148.31,0.1,97600.44,Debit Card,Cancelled,Returning
O101119,2025-02-28,C1314,Customer 1314,Male,39,Jaipur,Rajasthan,North,P2004,Kitchen Product 2004,Home & Kitchen,Kitchen,1,1952.63,0,1952.63,UPI,Completed,Returning
O101120,2025-06-30,C1021,Customer 1021,Female,52,Lucknow,Uttar Pradesh,North,P2004,Kitchen Product 2004,Home & Kitchen,Kitchen,1,1952.63,0,1952.63,Net Banking,Completed,Returning
O101121,2025-01-19,C1082,Customer 1082,Female,35,New Delhi,Delhi,North,P2082,Makeup Product 2082,Beauty,Makeup,1,65159.86,0.05,61901.87,Credit Card,Completed,New
O101122,2025-08-14,C1069,Customer 1069,Female,45,Salem,Tamil Nadu,South,P2027,Kitchen Product 2027,Home & Kitchen,Kitchen,2,11473.67,0.05,21799.97,UPI,Returned,Returning
O101123,2026-04-18,C1131,Customer 1131,Female,54,Hyderabad,Telangana,South,P2043,Furniture Product 2043,Home & Kitchen,Furniture,1,47010.26,0.15,39958.72,Cash on Delivery,Completed,Returning
O101124,2025-04-05,C1087,Customer 1087,Female,22,Patna,Bihar,East,P2059,Mobiles Product 2059,Electronics,Mobiles,2,38695.49,0.1,69651.88,Credit Card,Completed,Returning
O101125,2025-10-24,C1218,Customer 1218,Male,42,Noida,Uttar Pradesh,North,P2032,Mobiles Product 2032,Electronics,Mobiles,1,7978.59,0.05,7579.66,Credit Card,Completed,Returning
O101126,2026-08-16,C1421,Customer 1421,Female,42,Mysuru,Karnataka,South,P2033,Footwear Product 2033,Fashion,Footwear,5,37566.95,0.1,169051.28,Net Banking,Completed,Returning
O101127,2025-06-24,C1472,Customer 1472,Female,21,Mumbai,Maharashtra,West,P2028,Furniture Product 2028,Home & Kitchen,Furniture,1,29619.27,0,29619.27,Cash on Delivery,Completed,Returning
O101128,2025-08-10,C1305,Customer 1305,Female,47,Madurai,Tamil Nadu,South,P2055,Accessories Product 2055,Electronics,Accessories,2,15507.3,0.15,26362.41,Cash on Delivery,Completed,Returning
O101129,2025-02-23,C1403,Customer 1403,Male,34,Mumbai,Maharashtra,West,P2100,Mobiles Product 2100,Electronics,Mobiles,2,51807.65,0,103615.3,Credit Card,Completed,New
O101130,2026-02-07,C1371,Customer 1371,Female,50,Cuttack,Odisha,East,P2060,Women Product 2060,Fashion,Women,3,54476.75,0.15,138915.71,Credit Card,Completed,Returning
O101131,2025-11-14,C1345,Customer 1345,Male,25,Udaipur,Rajasthan,North,P2070,Men Product 2070,Fashion,Men,1,49797.81,0.1,44818.03,UPI,Completed,Returning
O101132,2025-12-15,C1341,Customer 1341,Male,60,Kozhikode,Kerala,South,P2062,Makeup Product 2062,Beauty,Makeup,2,20979.04,0.1,37762.27,Credit Card,Completed,Returning
O101133,2026-03-19,C1384,Customer 1384,Male,34,Mumbai,Maharashtra,West,P2080,Mobiles Product 2080,Electronics,Mobiles,1,26947.88,0.15,22905.7,Cash on Delivery,Completed,Returning
O101134,2026-08-03,C1396,Customer 1396,Female,49,Bengaluru,Karnataka,South,P2034,Men Product 2034,Fashion,Men,1,42105.76,0.2,33684.61,Debit Card,Completed,Returning
O101135,2026-06-24,C1445,Customer 1445,Female,20,Lucknow,Uttar Pradesh,North,P2087,Kitchen Product 2087,Home & Kitchen,Kitchen,2,43974.9,0.2,70359.84,UPI,Completed,Returning
O101136,2025-10-09,C1425,Customer 1425,Female,35,New Delhi,Delhi,North,P2088,Men Product 2088,Fashion,Men,3,36148.31,0.1,97600.44,UPI,Completed,Returning
O101137,2025-12-26,C1161,Customer 1161,Male,55,New Delhi,Delhi,North,P2056,Fitness Product 2056,Sports,Fitness,2,65159.96,0,130319.92,Cash on Delivery,Completed,Returning
O101138,2025-01-08,C1178,Customer 1178,Male,56,Mysuru,Karnataka,South,P2013,Appliances Product 2013,Home & Kitchen,Appliances,3,72349.68,0.2,173639.23,Net Banking,Returned,Returning
O101139,2026-07-17,C1117,Customer 1117,Male,51,Vadodara,Gujarat,West,P2056,Fitness Product 2056,Sports,Fitness,1,65159.96,0,65159.96,Credit Card,Completed,Returning
O101140,2026-05-06,C1196,Customer 1196,Female,31,Kochi,Kerala,South,P2018,Women Product 2018,Fashion,Women,4,15516.48,0.15,52756.03,Debit Card,Completed,Returning
O101141,2025-12-07,C1383,Customer 1383,Female,42,Jodhpur,Rajasthan,North,P2054,Accessories Product 2054,Electronics,Accessories,1,51113.05,0.15,43446.09,UPI,Completed,Returning
O101142,2026-04-17,C1490,Customer 1490,Male,45,Salem,Tamil Nadu,South,P2077,Men Product 2077,Fashion,Men,2,32487.3,0.2,51979.68,Net Banking,Cancelled,Returning
O101143,2025-09-06,C1327,Customer 1327,Male,24,Ahmedabad,Gujarat,West,P2043,Furniture Product 2043,Home & Kitchen,Furniture,2,47010.26,0.2,75216.42,Debit Card,Completed,Returning
O101144,2025-08-23,C1086,Customer 1086,Male,48,Kolkata,West Bengal,East,P2039,Footwear Product 2039,Fashion,Footwear,2,15251.22,0,30502.44,Debit Card,Completed,Returning
O101145,2025-03-24,C1289,Customer 1289,Male,42,Vadodara,Gujarat,West,P2061,Women Product 2061,Fashion,Women,1,44949.95,0.1,40454.96,Credit Card,Completed,New
O101146,2025-04-03,C1081,Customer 1081,Male,20,Mysuru,Karnataka,South,P2042,Sportswear Product 2042,Sports,Sportswear,2,46086.93,0,92173.86,Credit Card,Completed,Returning
O101147,2026-01-29,C1152,Customer 1152,Male,45,New Delhi,Delhi,North,P2081,Men Product 2081,Fashion,Men,1,63359.53,0,63359.53,UPI,Cancelled,Returning
O101148,2025-09-25,C1061,Customer 1061,Male,59,Vadodara,Gujarat,West,P2079,Laptops Product 2079,Electronics,Laptops,1,12821.16,0.1,11539.04,Cash on Delivery,Cancelled,Returning
O101149,2026-02-21,C1061,Customer 1061,Male,59,Vadodara,Gujarat,West,P2018,Women Product 2018,Fashion,Women,1,15516.48,0,15516.48,Cash on Delivery,Completed,Returning
O101150,2026-08-06,C1354,Customer 1354,Female,56,Thrissur,Kerala,South,P2023,Accessories Product 2023,Electronics,Accessories,2,9651.38,0.15,16407.35,Net Banking,Completed,Returning
O101151,2026-06-13,C1028,Customer 1028,Female,43,Jaipur,Rajasthan,North,P2054,Accessories Product 2054,Electronics,Accessories,1,51113.05,0.25,38334.79,Cash on Delivery,Completed,Returning
O101152,2025-09-10,C1442,Customer 1442,Female,41,Pune,Maharashtra,West,P2030,Men Product 2030,Fashion,Men,1,64551.14,0.1,58096.03,Debit Card,Completed,Returning
O101153,2025-05-02,C1043,Customer 1043,Female,51,Warangal,Telangana,South,P2098,Women Product 2098,Fashion,Women,1,18537.8,0.05,17610.91,UPI,Completed,Returning
O101154,2025-01-10,C1169,Customer 1169,Male,54,Ahmedabad,Gujarat,West,P2058,Women Product 2058,Fashion,Women,1,74077.42,0.15,62965.81,Net Banking,Returned,New
O101155,2025-11-12,C1423,Customer 1423,Female,50,Chennai,Tamil Nadu,South,P2068,Furniture Product 2068,Home & Kitchen,Furniture,3,37073.16,0.2,88975.58,UPI,Completed,Returning
O101156,2025-09-30,C1086,Customer 1086,Male,48,Kolkata,West Bengal,East,P2067,Laptops Product 2067,Electronics,Laptops,4,38592.36,0.15,131214.02,Credit Card,Completed,Returning
O101157,2025-11-02,C1177,Customer 1177,Male,51,Surat,Gujarat,West,P2071,Mobiles Product 2071,Electronics,Mobiles,1,29513.79,0.1,26562.41,UPI,Completed,Returning
O101158,2025-07-29,C1017,Customer 1017,Female,21,New Delhi,Delhi,North,P2018,Women Product 2018,Fashion,Women,2,15516.48,0.2,24826.37,Credit Card,Returned,Returning
O101159,2026-04-09,C1098,Customer 1098,Female,24,New Delhi,Delhi,North,P2007,Mobiles Product 2007,Electronics,Mobiles,2,70839.48,0,141678.96,Debit Card,Completed,Returning
O101160,2026-02-20,C1454,Customer 1454,Female,28,Jaipur,Rajasthan,North,P2040,Mobiles Product 2040,Electronics,Mobiles,2,71380.78,0.2,114209.25,UPI,Completed,Returning
O101161,2025-08-04,C1494,Customer 1494,Female,39,Kochi,Kerala,South,P2070,Men Product 2070,Fashion,Men,2,49797.81,0.2,79676.5,UPI,Completed,Returning
O101162,2025-03-21,C1198,Customer 1198,Female,26,Hyderabad,Telangana,South,P2086,Mobiles Product 2086,Electronics,Mobiles,1,70060.46,0.2,56048.37,Debit Card,Completed,Returning
O101163,2026-04-25,C1098,Customer 1098,Female,24,New Delhi,Delhi,North,P2065,Makeup Product 2065,Beauty,Makeup,2,58267.22,0.05,110707.72,Net Banking,Completed,Returning
O101164,2026-07-01,C1065,Customer 1065,Male,38,Thrissur,Kerala,South,P2068,Furniture Product 2068,Home & Kitchen,Furniture,1,37073.16,0.2,29658.53,Credit Card,Cancelled,Returning
O101165,2025-01-18,C1330,Customer 1330,Female,37,Bengaluru,Karnataka,South,P2049,Appliances Product 2049,Home & Kitchen,Appliances,1,16675.28,0.1,15007.75,UPI,Completed,New
O101166,2025-06-14,C1341,Customer 1341,Male,60,Kozhikode,Kerala,South,P2052,Laptops Product 2052,Electronics,Laptops,2,54024.37,0.1,97243.87,Credit Card,Completed,Returning
O101167,2026-06-09,C1005,Customer 1005,Male,22,New Delhi,Delhi,North,P2029,Appliances Product 2029,Home & Kitchen,Appliances,2,54225.01,0.15,92182.52,Net Banking,Completed,Returning
O101168,2025-07-21,C1002,Customer 1002,Female,51,Ahmedabad,Gujarat,West,P2021,Mobiles Product 2021,Electronics,Mobiles,1,68414.15,0,68414.15,Debit Card,Completed,Returning
O101169,2025-12-12,C1022,Customer 1022,Male,28,Coimbatore,Tamil Nadu,South,P2090,Men Product 2090,Fashion,Men,1,43634.38,0.05,41452.66,UPI,Completed,Returning
O101170,2026-01-01,C1112,Customer 1112,Male,55,Patna,Bihar,East,P2078,Accessories Product 2078,Electronics,Accessories,3,71159.18,0.15,181455.91,Cash on Delivery,Completed,Returning
O101171,2026-03-24,C1057,Customer 1057,Female,25,Kolkata,West Bengal,East,P2009,Skincare Product 2009,Beauty,Skincare,3,22588.57,0.15,57600.85,UPI,Returned,Returning
O101172,2026-05-28,C1066,Customer 1066,Female,36,Warangal,Telangana,South,P2047,Laptops Product 2047,Electronics,Laptops,2,6397.76,0.15,10876.19,UPI,Completed,Returning
O101173,2025-11-15,C1330,Customer 1330,Female,37,Bengaluru,Karnataka,South,P2076,Laptops Product 2076,Electronics,Laptops,1,33823.68,0,33823.68,Credit Card,Completed,Returning
O101174,2025-08-05,C1098,Customer 1098,Female,24,New Delhi,Delhi,North,P2042,Sportswear Product 2042,Sports,Sportswear,2,46086.93,0.15,78347.78,UPI,Completed,Returning
O101175,2025-02-03,C1144,Customer 1144,Female,50,Salem,Tamil Nadu,South,P2051,Makeup Product 2051,Beauty,Makeup,1,3561.53,0,3561.53,Cash on Delivery,Completed,New
O101176,2025-09-23,C1368,Customer 1368,Female,51,Thrissur,Kerala,South,P2056,Fitness Product 2056,Sports,Fitness,1,65159.96,0.15,55385.97,UPI,Completed,Returning
O101177,2025-03-21,C1435,Customer 1435,Female,48,Kolkata,West Bengal,East,P2051,Makeup Product 2051,Beauty,Makeup,1,3561.53,0.05,3383.45,UPI,Completed,Returning
O101178,2026-02-17,C1125,Customer 1125,Male,47,Mumbai,Maharashtra,West,P2070,Men Product 2070,Fashion,Men,2,49797.81,0.15,84656.28,Credit Card,Completed,Returning
O101179,2025-09-09,C1167,Customer 1167,Female,28,Bhubaneswar,Odisha,East,P2020,Footwear Product 2020,Fashion,Footwear,2,47078.66,0.1,84741.59,Credit Card,Completed,Returning
O101180,2025-01-12,C1086,Customer 1086,Male,48,Kolkata,West Bengal,East,P2088,Men Product 2088,Fashion,Men,4,36148.31,0.25,108444.93,UPI,Cancelled,New
O101181,2026-02-05,C1076,Customer 1076,Female,20,Hyderabad,Telangana,South,P2027,Kitchen Product 2027,Home & Kitchen,Kitchen,3,11473.67,0.1,30978.91,UPI,Completed,Returning
O101182,2025-10-09,C1344,Customer 1344,Female,40,Salem,Tamil Nadu,South,P2038,Accessories Product 2038,Electronics,Accessories,1,15304.17,0.1,13773.75,UPI,Completed,Returning
O101183,2025-04-22,C1495,Customer 1495,Male,44,Surat,Gujarat,West,P2072,Outdoor Product 2072,Sports,Outdoor,1,64391.57,0.05,61171.99,Credit Card,Completed,Returning
O101184,2026-01-13,C1424,Customer 1424,Male,30,Noida,Uttar Pradesh,North,P2065,Makeup Product 2065,Beauty,Makeup,1,58267.22,0.15,49527.14,Net Banking,Completed,Returning
O101185,2025-09-25,C1294,Customer 1294,Female,35,Bhubaneswar,Odisha,East,P2054,Accessories Product 2054,Electronics,Accessories,2,51113.05,0.1,92003.49,Debit Card,Cancelled,Returning
O101186,2025-10-25,C1444,Customer 1444,Female,25,Warangal,Telangana,South,P2024,Men Product 2024,Fashion,Men,2,15279.2,0,30558.4,Credit Card,Completed,Returning
O101187,2025-11-13,C1059,Customer 1059,Male,49,Patna,Bihar,East,P2047,Laptops Product 2047,Electronics,Laptops,5,6397.76,0.1,28789.92,Credit Card,Completed,Returning
O101188,2026-07-24,C1138,Customer 1138,Male,52,Jodhpur,Rajasthan,North,P2071,Mobiles Product 2071,Electronics,Mobiles,2,29513.79,0.15,50173.44,Cash on Delivery,Completed,Returning
O101189,2026-05-24,C1099,Customer 1099,Female,31,Vadodara,Gujarat,West,P2083,Mobiles Product 2083,Electronics,Mobiles,3,2853.83,0.05,8133.42,Credit Card,Completed,Returning
O101190,2026-06-30,C1192,Customer 1192,Male,55,Hyderabad,Telangana,South,P2086,Mobiles Product 2086,Electronics,Mobiles,2,70060.46,0.05,133114.87,UPI,Completed,Returning
O101191,2025-12-31,C1243,Customer 1243,Female,44,Chennai,Tamil Nadu,South,P2063,Women Product 2063,Fashion,Women,3,27128.58,0.1,73247.17,Debit Card,Completed,Returning
O101192,2026-07-01,C1319,Customer 1319,Male,54,Coimbatore,Tamil Nadu,South,P2057,Skincare Product 2057,Beauty,Skincare,2,63514.52,0.15,107974.68,Debit Card,Completed,Returning
O101193,2025-09-28,C1049,Customer 1049,Female,25,Salem,Tamil Nadu,South,P2055,Accessories Product 2055,Electronics,Accessories,2,15507.3,0.05,29463.87,Credit Card,Completed,Returning
O101194,2026-04-19,C1448,Customer 1448,Female,31,Coimbatore,Tamil Nadu,South,P2060,Women Product 2060,Fashion,Women,2,54476.75,0.2,87162.8,UPI,Completed,Returning
O101195,2026-06-21,C1032,Customer 1032,Male,39,Udaipur,Rajasthan,North,P2099,Sportswear Product 2099,Sports,Sportswear,2,42924.55,0.2,68679.28,UPI,Completed,Returning
O101196,2025-08-22,C1391,Customer 1391,Male,57,Salem,Tamil Nadu,South,P2062,Makeup Product 2062,Beauty,Makeup,1,20979.04,0,20979.04,Net Banking,Completed,Returning
O101197,2025-02-28,C1277,Customer 1277,Male,55,Cuttack,Odisha,East,P2030,Men Product 2030,Fashion,Men,1,64551.14,0.05,61323.58,UPI,Completed,Returning
O101198,2025-09-08,C1020,Customer 1020,Male,59,Pune,Maharashtra,West,P2093,Furniture Product 2093,Home & Kitchen,Furniture,1,15378.45,0.15,13071.68,Debit Card,Completed,Returning
O101199,2025-03-27,C1154,Customer 1154,Male,45,Udaipur,Rajasthan,North,P2022,Outdoor Product 2022,Sports,Outdoor,1,34818.67,0.25,26114,UPI,Cancelled,Returning
O101200,2026-01-25,C1383,Customer 1383,Female,42,Jodhpur,Rajasthan,North,P2075,Laptops Product 2075,Electronics,Laptops,2,5790.21,0.15,9843.36,UPI,Completed,Returning
O101201,2025-06-29,C1068,Customer 1068,Male,47,Hyderabad,Telangana,South,P2084,Fitness Product 2084,Sports,Fitness,1,39978.36,0.1,35980.52,UPI,Completed,New
O101202,2025-05-29,C1366,Customer 1366,Male,20,New Delhi,Delhi,North,P2029,Appliances Product 2029,Home & Kitchen,Appliances,1,54225.01,0,54225.01,UPI,Completed,New
O101203,2026-08-06,C1372,Customer 1372,Female,27,Hyderabad,Telangana,South,P2041,Accessories Product 2041,Electronics,Accessories,1,2659.49,0.1,2393.54,UPI,Completed,Returning
O101204,2025-05-01,C1214,Customer 1214,Male,33,Patna,Bihar,East,P2042,Sportswear Product 2042,Sports,Sportswear,2,46086.93,0.1,82956.47,Debit Card,Completed,Returning
O101205,2026-08-28,C1143,Customer 1143,Female,31,Udaipur,Rajasthan,North,P2098,Women Product 2098,Fashion,Women,1,18537.8,0.05,17610.91,Credit Card,Cancelled,Returning
O101206,2025-09-13,C1376,Customer 1376,Female,22,Pune,Maharashtra,West,P2065,Makeup Product 2065,Beauty,Makeup,1,58267.22,0.1,52440.5,Net Banking,Completed,Returning
O101207,2025-11-05,C1232,Customer 1232,Female,21,Madurai,Tamil Nadu,South,P2031,Makeup Product 2031,Beauty,Makeup,1,36193.87,0,36193.87,UPI,Completed,Returning
O101208,2025-02-28,C1213,Customer 1213,Male,58,Cuttack,Odisha,East,P2030,Men Product 2030,Fashion,Men,1,64551.14,0.1,58096.03,Cash on Delivery,Completed,Returning
O101209,2025-03-10,C1079,Customer 1079,Male,44,Salem,Tamil Nadu,South,P2018,Women Product 2018,Fashion,Women,3,15516.48,0,46549.44,Cash on Delivery,Completed,New
O101210,2026-03-22,C1214,Customer 1214,Male,33,Patna,Bihar,East,P2017,Appliances Product 2017,Home & Kitchen,Appliances,1,35523.47,0,35523.47,UPI,Returned,Returning
O101211,2026-01-23,C1116,Customer 1116,Female,38,New Delhi,Delhi,North,P2038,Accessories Product 2038,Electronics,Accessories,2,15304.17,0.2,24486.67,Cash on Delivery,Completed,Returning
O101212,2025-03-27,C1092,Customer 1092,Female,41,Chennai,Tamil Nadu,South,P2014,Skincare Product 2014,Beauty,Skincare,2,73803.13,0,147606.26,UPI,Completed,Returning
O101213,2025-08-15,C1270,Customer 1270,Male,25,Cuttack,Odisha,East,P2087,Kitchen Product 2087,Home & Kitchen,Kitchen,5,43974.9,0.1,197887.05,Debit Card,Completed,Returning
O101214,2026-08-16,C1411,Customer 1411,Male,29,Kolkata,West Bengal,East,P2089,Women Product 2089,Fashion,Women,1,71400.34,0,71400.34,UPI,Completed,Returning
O101215,2025-07-03,C1381,Customer 1381,Female,49,Jaipur,Rajasthan,North,P2079,Laptops Product 2079,Electronics,Laptops,1,12821.16,0.05,12180.1,Credit Card,Completed,Returning
O101216,2025-11-18,C1489,Customer 1489,Male,41,Warangal,Telangana,South,P2056,Fitness Product 2056,Sports,Fitness,1,65159.96,0.05,61901.96,Credit Card,Completed,Returning
O101217,2025-11-14,C1168,Customer 1168,Male,43,Warangal,Telangana,South,P2022,Outdoor Product 2022,Sports,Outdoor,1,34818.67,0,34818.67,Credit Card,Completed,Returning
O101218,2026-07-20,C1058,Customer 1058,Male,51,Thrissur,Kerala,South,P2067,Laptops Product 2067,Electronics,Laptops,2,38592.36,0,77184.72,Debit Card,Completed,Returning
O101219,2026-02-03,C1284,Customer 1284,Male,34,Vadodara,Gujarat,West,P2056,Fitness Product 2056,Sports,Fitness,1,65159.96,0.2,52127.97,Debit Card,Completed,Returning
O101220,2025-10-20,C1026,Customer 1026,Female,54,Ahmedabad,Gujarat,West,P2019,Accessories Product 2019,Electronics,Accessories,1,34190.91,0,34190.91,Credit Card,Completed,Returning
O101221,2025-10-20,C1369,Customer 1369,Male,53,New Delhi,Delhi,North,P2057,Skincare Product 2057,Beauty,Skincare,3,63514.52,0,190543.56,Cash on Delivery,Completed,Returning
O101222,2026-04-30,C1447,Customer 1447,Male,60,Mangaluru,Karnataka,South,P2044,Makeup Product 2044,Beauty,Makeup,2,61167.44,0.15,103984.65,Cash on Delivery,Completed,Returning
O101223,2026-03-23,C1066,Customer 1066,Female,36,Warangal,Telangana,South,P2098,Women Product 2098,Fashion,Women,1,18537.8,0.05,17610.91,Cash on Delivery,Completed,Returning
O101224,2026-02-16,C1409,Customer 1409,Female,29,Kozhikode,Kerala,South,P2035,Mobiles Product 2035,Electronics,Mobiles,1,38973.06,0.15,33127.1,Cash on Delivery,Completed,Returning
O101225,2026-05-23,C1248,Customer 1248,Male,38,Vadodara,Gujarat,West,P2001,Accessories Product 2001,Electronics,Accessories,1,63975.38,0,63975.38,UPI,Completed,Returning
O101226,2025-09-01,C1254,Customer 1254,Male,58,Thrissur,Kerala,South,P2052,Laptops Product 2052,Electronics,Laptops,4,54024.37,0.05,205292.61,Credit Card,Completed,Returning
O101227,2026-02-24,C1387,Customer 1387,Male,33,Hyderabad,Telangana,South,P2085,Fitness Product 2085,Sports,Fitness,3,48108.22,0.1,129892.19,UPI,Cancelled,Returning
O101228,2025-06-03,C1456,Customer 1456,Male,41,Kolkata,West Bengal,East,P2093,Furniture Product 2093,Home & Kitchen,Furniture,3,15378.45,0.25,34601.51,Cash on Delivery,Completed,Returning
O101229,2026-02-28,C1044,Customer 1044,Female,42,Patna,Bihar,East,P2070,Men Product 2070,Fashion,Men,4,49797.81,0,199191.24,UPI,Completed,Returning
O101230,2025-09-30,C1097,Customer 1097,Female,49,Cuttack,Odisha,East,P2037,Haircare Product 2037,Beauty,Haircare,2,29950.17,0.05,56905.32,Credit Card,Completed,Returning
O101231,2026-06-04,C1042,Customer 1042,Male,21,Mangaluru,Karnataka,South,P2065,Makeup Product 2065,Beauty,Makeup,1,58267.22,0,58267.22,UPI,Returned,Returning
O101232,2025-05-08,C1500,Customer 1500,Female,37,Ahmedabad,Gujarat,West,P2051,Makeup Product 2051,Beauty,Makeup,1,3561.53,0,3561.53,UPI,Completed,New
O101233,2026-01-08,C1227,Customer 1227,Male,26,Pune,Maharashtra,West,P2001,Accessories Product 2001,Electronics,Accessories,2,63975.38,0.2,102360.61,UPI,Completed,Returning
O101234,2026-07-22,C1262,Customer 1262,Female,58,Kanpur,Uttar Pradesh,North,P2091,Accessories Product 2091,Electronics,Accessories,3,36816.84,0,110450.52,Debit Card,Completed,Returning
O101235,2025-06-08,C1167,Customer 1167,Female,28,Bhubaneswar,Odisha,East,P2021,Mobiles Product 2021,Electronics,Mobiles,1,68414.15,0.2,54731.32,UPI,Completed,Returning
O101236,2026-07-25,C1436,Customer 1436,Female,51,Mangaluru,Karnataka,South,P2053,Mobiles Product 2053,Electronics,Mobiles,2,37147.78,0,74295.56,Debit Card,Completed,Returning
O101237,2026-07-24,C1279,Customer 1279,Male,38,Bhubaneswar,Odisha,East,P2016,Mobiles Product 2016,Electronics,Mobiles,4,48979.51,0.2,156734.43,Net Banking,Cancelled,Returning
O101238,2025-06-25,C1089,Customer 1089,Female,45,New Delhi,Delhi,North,P2061,Women Product 2061,Fashion,Women,1,44949.95,0.1,40454.96,Net Banking,Completed,Returning
O101239,2025-07-30,C1379,Customer 1379,Female,24,Jaipur,Rajasthan,North,P2054,Accessories Product 2054,Electronics,Accessories,3,51113.05,0.2,122671.32,UPI,Completed,Returning
O101240,2026-03-23,C1178,Customer 1178,Male,56,Mysuru,Karnataka,South,P2040,Mobiles Product 2040,Electronics,Mobiles,1,71380.78,0,71380.78,Cash on Delivery,Completed,Returning
O101241,2026-08-09,C1427,Customer 1427,Male,23,Kanpur,Uttar Pradesh,North,P2026,Furniture Product 2026,Home & Kitchen,Furniture,2,59877.66,0.15,101792.02,Net Banking,Completed,Returning
O101242,2025-06-16,C1403,Customer 1403,Male,34,Mumbai,Maharashtra,West,P2080,Mobiles Product 2080,Electronics,Mobiles,1,26947.88,0.15,22905.7,UPI,Completed,Returning
O101243,2026-04-05,C1197,Customer 1197,Female,28,Thrissur,Kerala,South,P2092,Footwear Product 2092,Fashion,Footwear,2,2539.03,0.1,4570.25,Debit Card,Completed,Returning
O101244,2025-12-23,C1307,Customer 1307,Female,56,Ahmedabad,Gujarat,West,P2065,Makeup Product 2065,Beauty,Makeup,2,58267.22,0.15,99054.27,Debit Card,Completed,Returning
O101245,2025-10-31,C1267,Customer 1267,Female,44,Warangal,Telangana,South,P2100,Mobiles Product 2100,Electronics,Mobiles,1,51807.65,0.1,46626.88,Credit Card,Completed,Returning
O101246,2025-08-21,C1268,Customer 1268,Female,52,Noida,Uttar Pradesh,North,P2074,Mobiles Product 2074,Electronics,Mobiles,3,18005.98,0.2,43214.35,UPI,Completed,Returning
O101247,2025-11-23,C1074,Customer 1074,Female,31,Mumbai,Maharashtra,West,P2064,Furniture Product 2064,Home & Kitchen,Furniture,2,47477.55,0.05,90207.34,Debit Card,Completed,Returning
O101248,2025-07-01,C1008,Customer 1008,Male,50,Kozhikode,Kerala,South,P2043,Furniture Product 2043,Home & Kitchen,Furniture,2,47010.26,0.1,84618.47,Net Banking,Completed,Returning
O101249,2025-11-30,C1408,Customer 1408,Female,23,Patna,Bihar,East,P2017,Appliances Product 2017,Home & Kitchen,Appliances,1,35523.47,0.2,28418.78,UPI,Completed,Returning
O101250,2025-01-29,C1476,Customer 1476,Female,22,Patna,Bihar,East,P2059,Mobiles Product 2059,Electronics,Mobiles,3,38695.49,0,116086.47,Debit Card,Completed,New
O101251,2025-04-03,C1297,Customer 1297,Female,31,Patna,Bihar,East,P2023,Accessories Product 2023,Electronics,Accessories,1,9651.38,0.1,8686.24,Credit Card,Completed,Returning
O101252,2025-11-26,C1164,Customer 1164,Female,55,Chennai,Tamil Nadu,South,P2007,Mobiles Product 2007,Electronics,Mobiles,1,70839.48,0.25,53129.61,Debit Card,Completed,Returning
O101253,2025-07-03,C1485,Customer 1485,Male,29,Pune,Maharashtra,West,P2044,Makeup Product 2044,Beauty,Makeup,1,61167.44,0.1,55050.7,Credit Card,Completed,Returning
O101254,2025-04-05,C1085,Customer 1085,Male,41,Udaipur,Rajasthan,North,P2053,Mobiles Product 2053,Electronics,Mobiles,1,37147.78,0.05,35290.39,UPI,Completed,Returning
O101255,2025-12-19,C1072,Customer 1072,Female,42,Kolkata,West Bengal,East,P2071,Mobiles Product 2071,Electronics,Mobiles,3,29513.79,0.05,84114.3,Net Banking,Completed,Returning
O101256,2025-09-22,C1055,Customer 1055,Male,58,Bhubaneswar,Odisha,East,P2079,Laptops Product 2079,Electronics,Laptops,1,12821.16,0.2,10256.93,Net Banking,Completed,Returning
O101257,2025-01-19,C1393,Customer 1393,Female,57,Warangal,Telangana,South,P2034,Men Product 2034,Fashion,Men,1,42105.76,0.25,31579.32,Credit Card,Completed,New
O101258,2026-05-14,C1047,Customer 1047,Female,41,Vadodara,Gujarat,West,P2046,Appliances Product 2046,Home & Kitchen,Appliances,3,3344.33,0.25,7524.74,Credit Card,Cancelled,Returning
O101259,2025-05-19,C1399,Customer 1399,Female,53,Jodhpur,Rajasthan,North,P2068,Furniture Product 2068,Home & Kitchen,Furniture,2,37073.16,0.15,63024.37,Debit Card,Completed,Returning
O101260,2026-07-27,C1432,Customer 1432,Female,51,Cuttack,Odisha,East,P2078,Accessories Product 2078,Electronics,Accessories,2,71159.18,0.1,128086.52,Net Banking,Completed,Returning
O101261,2026-06-09,C1238,Customer 1238,Female,27,New Delhi,Delhi,North,P2078,Accessories Product 2078,Electronics,Accessories,1,71159.18,0,71159.18,Debit Card,Completed,Returning
O101262,2025-09-12,C1104,Customer 1104,Female,58,Patna,Bihar,East,P2016,Mobiles Product 2016,Electronics,Mobiles,2,48979.51,0,97959.02,Credit Card,Completed,Returning
O101263,2025-03-26,C1210,Customer 1210,Male,42,New Delhi,Delhi,North,P2071,Mobiles Product 2071,Electronics,Mobiles,1,29513.79,0,29513.79,Cash on Delivery,Completed,Returning
O101264,2026-04-03,C1042,Customer 1042,Male,21,Mangaluru,Karnataka,South,P2096,Outdoor Product 2096,Sports,Outdoor,5,19371.4,0,96857,Net Banking,Completed,Returning
O101265,2026-06-16,C1316,Customer 1316,Female,47,Cuttack,Odisha,East,P2019,Accessories Product 2019,Electronics,Accessories,2,34190.91,0.2,54705.46,UPI,Completed,Returning
O101266,2026-07-16,C1468,Customer 1468,Male,47,Udaipur,Rajasthan,North,P2002,Sportswear Product 2002,Sports,Sportswear,2,72675.18,0.15,123547.81,Credit Card,Completed,Returning
O101267,2025-04-02,C1454,Customer 1454,Female,28,Jaipur,Rajasthan,North,P2010,Sportswear Product 2010,Sports,Sportswear,1,51133.3,0.1,46019.97,Credit Card,Completed,New
O101268,2026-08-23,C1268,Customer 1268,Female,52,Noida,Uttar Pradesh,North,P2050,Fitness Product 2050,Sports,Fitness,1,13904.21,0.25,10428.16,Net Banking,Completed,Returning
O101269,2025-03-10,C1386,Customer 1386,Female,40,Kochi,Kerala,South,P2081,Men Product 2081,Fashion,Men,1,63359.53,0.25,47519.65,UPI,Completed,New
O101270,2025-02-06,C1263,Customer 1263,Male,20,Nagpur,Maharashtra,West,P2012,Fitness Product 2012,Sports,Fitness,1,70788.11,0.1,63709.3,Credit Card,Completed,Returning
O101271,2025-05-20,C1336,Customer 1336,Female,41,Jodhpur,Rajasthan,North,P2070,Men Product 2070,Fashion,Men,1,49797.81,0.1,44818.03,UPI,Completed,Returning
O101272,2026-07-20,C1387,Customer 1387,Male,33,Hyderabad,Telangana,South,P2022,Outdoor Product 2022,Sports,Outdoor,2,34818.67,0,69637.34,UPI,Completed,Returning
O101273,2025-06-27,C1365,Customer 1365,Male,23,Patna,Bihar,East,P2032,Mobiles Product 2032,Electronics,Mobiles,1,7978.59,0.1,7180.73,Credit Card,Completed,Returning
O101274,2025-05-17,C1259,Customer 1259,Female,47,Noida,Uttar Pradesh,North,P2084,Fitness Product 2084,Sports,Fitness,2,39978.36,0,79956.72,Debit Card,Completed,Returning
O101275,2025-07-09,C1283,Customer 1283,Female,33,Kochi,Kerala,South,P2001,Accessories Product 2001,Electronics,Accessories,1,63975.38,0.05,60776.61,Credit Card,Completed,Returning
O101276,2025-12-08,C1114,Customer 1114,Female,50,Kozhikode,Kerala,South,P2054,Accessories Product 2054,Electronics,Accessories,1,51113.05,0.2,40890.44,Debit Card,Completed,Returning
O101277,2026-07-13,C1363,Customer 1363,Male,20,Thrissur,Kerala,South,P2058,Women Product 2058,Fashion,Women,3,74077.42,0.05,211120.65,Debit Card,Completed,Returning
O101278,2025-01-05,C1040,Customer 1040,Male,47,New Delhi,Delhi,North,P2070,Men Product 2070,Fashion,Men,2,49797.81,0,99595.62,Debit Card,Completed,New
O101279,2025-09-14,C1486,Customer 1486,Female,58,Cuttack,Odisha,East,P2083,Mobiles Product 2083,Electronics,Mobiles,1,2853.83,0.1,2568.45,Credit Card,Cancelled,Returning
O101280,2025-08-31,C1417,Customer 1417,Male,25,New Delhi,Delhi,North,P2018,Women Product 2018,Fashion,Women,1,15516.48,0.1,13964.83,UPI,Completed,Returning
O101281,2026-02-19,C1220,Customer 1220,Male,30,New Delhi,Delhi,North,P2006,Accessories Product 2006,Electronics,Accessories,2,33608.93,0,67217.86,UPI,Completed,Returning
O101282,2025-12-09,C1129,Customer 1129,Female,43,Cuttack,Odisha,East,P2045,Laptops Product 2045,Electronics,Laptops,1,61352.14,0,61352.14,Net Banking,Returned,Returning
O101283,2026-01-14,C1008,Customer 1008,Male,50,Kozhikode,Kerala,South,P2097,Footwear Product 2097,Fashion,Footwear,1,70862.68,0.25,53147.01,Credit Card,Completed,Returning
O101284,2026-08-17,C1101,Customer 1101,Male,45,Kozhikode,Kerala,South,P2023,Accessories Product 2023,Electronics,Accessories,2,9651.38,0.05,18337.62,Debit Card,Completed,Returning
O101285,2025-05-26,C1416,Customer 1416,Male,53,Kolkata,West Bengal,East,P2023,Accessories Product 2023,Electronics,Accessories,1,9651.38,0.15,8203.67,Credit Card,Returned,Returning
O101286,2025-11-19,C1380,Customer 1380,Male,49,Kolkata,West Bengal,East,P2026,Furniture Product 2026,Home & Kitchen,Furniture,1,59877.66,0.1,53889.89,UPI,Completed,Returning
O101287,2025-05-02,C1176,Customer 1176,Female,42,Warangal,Telangana,South,P2077,Men Product 2077,Fashion,Men,4,32487.3,0.1,116954.28,Net Banking,Completed,Returning
O101288,2025-09-09,C1107,Customer 1107,Female,49,Pune,Maharashtra,West,P2007,Mobiles Product 2007,Electronics,Mobiles,3,70839.48,0.05,201892.52,UPI,Completed,Returning
O101289,2025-11-07,C1101,Customer 1101,Male,45,Kozhikode,Kerala,South,P2079,Laptops Product 2079,Electronics,Laptops,1,12821.16,0.15,10897.99,Cash on Delivery,Completed,Returning
O101290,2026-08-24,C1260,Customer 1260,Male,27,Kolkata,West Bengal,East,P2044,Makeup Product 2044,Beauty,Makeup,2,61167.44,0.2,97867.9,UPI,Completed,Returning
O101291,2026-04-20,C1478,Customer 1478,Female,37,Cuttack,Odisha,East,P2027,Kitchen Product 2027,Home & Kitchen,Kitchen,1,11473.67,0.05,10899.99,Credit Card,Completed,Returning
O101292,2026-07-24,C1454,Customer 1454,Female,28,Jaipur,Rajasthan,North,P2026,Furniture Product 2026,Home & Kitchen,Furniture,3,59877.66,0,179632.98,UPI,Returned,Returning
O101293,2026-05-07,C1366,Customer 1366,Male,20,New Delhi,Delhi,North,P2097,Footwear Product 2097,Fashion,Footwear,2,70862.68,0,141725.36,Cash on Delivery,Completed,Returning
O101294,2026-07-29,C1246,Customer 1246,Female,25,Kolkata,West Bengal,East,P2079,Laptops Product 2079,Electronics,Laptops,1,12821.16,0.15,10897.99,Cash on Delivery,Completed,Returning
O101295,2025-12-13,C1275,Customer 1275,Male,30,Cuttack,Odisha,East,P2036,Mobiles Product 2036,Electronics,Mobiles,1,6463.39,0.1,5817.05,UPI,Completed,Returning
O101296,2026-05-02,C1032,Customer 1032,Male,39,Udaipur,Rajasthan,North,P2055,Accessories Product 2055,Electronics,Accessories,1,15507.3,0,15507.3,UPI,Completed,Returning
O101297,2026-04-18,C1137,Customer 1137,Male,20,New Delhi,Delhi,North,P2064,Furniture Product 2064,Home & Kitchen,Furniture,2,47477.55,0.05,90207.34,UPI,Completed,Returning
O101298,2026-01-17,C1012,Customer 1012,Male,51,Vadodara,Gujarat,West,P2091,Accessories Product 2091,Electronics,Accessories,2,36816.84,0.1,66270.31,Net Banking,Completed,Returning
O101299,2025-10-07,C1395,Customer 1395,Male,37,Kolkata,West Bengal,East,P2057,Skincare Product 2057,Beauty,Skincare,1,63514.52,0.2,50811.62,UPI,Completed,Returning
O101300,2025-03-13,C1302,Customer 1302,Male,55,Chennai,Tamil Nadu,South,P2069,Mobiles Product 2069,Electronics,Mobiles,1,33564.3,0.1,30207.87,Debit Card,Completed,Returning
O101301,2026-06-05,C1375,Customer 1375,Male,53,Surat,Gujarat,West,P2061,Women Product 2061,Fashion,Women,1,44949.95,0,44949.95,UPI,Completed,Returning
O101302,2026-01-01,C1016,Customer 1016,Male,46,Bhubaneswar,Odisha,East,P2002,Sportswear Product 2002,Sports,Sportswear,1,72675.18,0,72675.18,Debit Card,Completed,Returning
O101303,2025-04-04,C1129,Customer 1129,Female,43,Cuttack,Odisha,East,P2055,Accessories Product 2055,Electronics,Accessories,1,15507.3,0.05,14731.94,Credit Card,Completed,Returning
O101304,2026-01-08,C1063,Customer 1063,Male,32,Ahmedabad,Gujarat,West,P2097,Footwear Product 2097,Fashion,Footwear,2,70862.68,0,141725.36,Debit Card,Completed,Returning
O101305,2025-12-05,C1109,Customer 1109,Female,42,Bhubaneswar,Odisha,East,P2080,Mobiles Product 2080,Electronics,Mobiles,2,26947.88,0.15,45811.4,Net Banking,Completed,Returning
O101306,2026-03-13,C1375,Customer 1375,Male,53,Surat,Gujarat,West,P2087,Kitchen Product 2087,Home & Kitchen,Kitchen,4,43974.9,0.05,167104.62,UPI,Completed,Returning
O101307,2025-12-02,C1021,Customer 1021,Female,52,Lucknow,Uttar Pradesh,North,P2038,Accessories Product 2038,Electronics,Accessories,4,15304.17,0.05,58155.85,Debit Card,Completed,Returning
O101308,2026-05-07,C1158,Customer 1158,Female,23,Kozhikode,Kerala,South,P2080,Mobiles Product 2080,Electronics,Mobiles,2,26947.88,0.1,48506.18,Debit Card,Cancelled,Returning
O101309,2025-02-09,C1269,Customer 1269,Male,57,Kolkata,West Bengal,East,P2078,Accessories Product 2078,Electronics,Accessories,2,71159.18,0.15,120970.61,Credit Card,Completed,Returning
O101310,2025-12-25,C1162,Customer 1162,Male,44,Kolkata,West Bengal,East,P2029,Appliances Product 2029,Home & Kitchen,Appliances,4,54225.01,0.1,195210.04,UPI,Completed,Returning
O101311,2026-07-28,C1260,Customer 1260,Male,27,Kolkata,West Bengal,East,P2026,Furniture Product 2026,Home & Kitchen,Furniture,1,59877.66,0.15,50896.01,Net Banking,Completed,Returning
O101312,2025-09-11,C1412,Customer 1412,Female,36,Ahmedabad,Gujarat,West,P2035,Mobiles Product 2035,Electronics,Mobiles,1,38973.06,0.1,35075.75,Cash on Delivery,Completed,Returning
O101313,2026-08-04,C1102,Customer 1102,Female,45,Coimbatore,Tamil Nadu,South,P2079,Laptops Product 2079,Electronics,Laptops,1,12821.16,0.15,10897.99,Cash on Delivery,Completed,Returning
O101314,2026-02-02,C1223,Customer 1223,Female,28,Patna,Bihar,East,P2067,Laptops Product 2067,Electronics,Laptops,2,38592.36,0.15,65607.01,Net Banking,Completed,Returning
O101315,2025-06-19,C1059,Customer 1059,Male,49,Patna,Bihar,East,P2087,Kitchen Product 2087,Home & Kitchen,Kitchen,3,43974.9,0,131924.7,Credit Card,Completed,Returning
O101316,2026-05-26,C1247,Customer 1247,Male,50,Warangal,Telangana,South,P2029,Appliances Product 2029,Home & Kitchen,Appliances,1,54225.01,0,54225.01,UPI,Completed,Returning
O101317,2025-09-17,C1128,Customer 1128,Male,39,Thrissur,Kerala,South,P2034,Men Product 2034,Fashion,Men,2,42105.76,0.2,67369.22,UPI,Completed,Returning
O101318,2026-08-07,C1283,Customer 1283,Female,33,Kochi,Kerala,South,P2097,Footwear Product 2097,Fashion,Footwear,2,70862.68,0.2,113380.29,Credit Card,Completed,Returning
O101319,2026-04-04,C1325,Customer 1325,Female,29,Mangaluru,Karnataka,South,P2041,Accessories Product 2041,Electronics,Accessories,1,2659.49,0.15,2260.57,UPI,Completed,Returning
O101320,2026-06-13,C1025,Customer 1025,Female,45,Mumbai,Maharashtra,West,P2041,Accessories Product 2041,Electronics,Accessories,1,2659.49,0.15,2260.57,UPI,Completed,Returning
O101321,2025-12-07,C1131,Customer 1131,Female,54,Hyderabad,Telangana,South,P2023,Accessories Product 2023,Electronics,Accessories,1,9651.38,0.05,9168.81,Cash on Delivery,Completed,Returning
O101322,2025-02-26,C1353,Customer 1353,Male,42,Jodhpur,Rajasthan,North,P2071,Mobiles Product 2071,Electronics,Mobiles,1,29513.79,0.1,26562.41,Cash on Delivery,Completed,New
O101323,2025-08-06,C1196,Customer 1196,Female,31,Kochi,Kerala,South,P2003,Makeup Product 2003,Beauty,Makeup,3,44701.37,0.25,100578.08,Cash on Delivery,Completed,Returning
O101324,2026-04-09,C1281,Customer 1281,Female,37,Patna,Bihar,East,P2058,Women Product 2058,Fashion,Women,3,74077.42,0.2,177785.81,UPI,Completed,Returning
O101325,2025-09-04,C1404,Customer 1404,Male,49,Vadodara,Gujarat,West,P2032,Mobiles Product 2032,Electronics,Mobiles,3,7978.59,0.05,22738.98,Cash on Delivery,Completed,Returning
O101326,2026-01-08,C1418,Customer 1418,Female,21,Cuttack,Odisha,East,P2031,Makeup Product 2031,Beauty,Makeup,2,36193.87,0.05,68768.35,UPI,Completed,Returning
O101327,2026-02-21,C1154,Customer 1154,Male,45,Udaipur,Rajasthan,North,P2082,Makeup Product 2082,Beauty,Makeup,3,65159.86,0.1,175931.62,Credit Card,Completed,Returning
O101328,2025-01-31,C1382,Customer 1382,Female,36,Chennai,Tamil Nadu,South,P2043,Furniture Product 2043,Home & Kitchen,Furniture,2,47010.26,0.05,89319.49,Debit Card,Completed,Returning
O101329,2026-01-03,C1133,Customer 1133,Male,52,Kolkata,West Bengal,East,P2007,Mobiles Product 2007,Electronics,Mobiles,2,70839.48,0.05,134595.01,Credit Card,Completed,Returning
O101330,2026-07-13,C1227,Customer 1227,Male,26,Pune,Maharashtra,West,P2001,Accessories Product 2001,Electronics,Accessories,2,63975.38,0.1,115155.68,Cash on Delivery,Completed,Returning
O101331,2025-04-18,C1189,Customer 1189,Male,41,New Delhi,Delhi,North,P2061,Women Product 2061,Fashion,Women,2,44949.95,0,89899.9,UPI,Completed,Returning
O101332,2026-08-07,C1476,Customer 1476,Female,22,Patna,Bihar,East,P2014,Skincare Product 2014,Beauty,Skincare,1,73803.13,0.15,62732.66,Credit Card,Completed,Returning
O101333,2026-02-22,C1477,Customer 1477,Male,42,Vadodara,Gujarat,West,P2052,Laptops Product 2052,Electronics,Laptops,2,54024.37,0.15,91841.43,UPI,Completed,Returning
O101334,2026-02-02,C1265,Customer 1265,Male,32,Noida,Uttar Pradesh,North,P2096,Outdoor Product 2096,Sports,Outdoor,1,19371.4,0.15,16465.69,Net Banking,Completed,Returning
O101335,2025-09-29,C1372,Customer 1372,Female,27,Hyderabad,Telangana,South,P2006,Accessories Product 2006,Electronics,Accessories,2,33608.93,0.15,57135.18,Credit Card,Returned,Returning
O101336,2025-04-26,C1486,Customer 1486,Female,58,Cuttack,Odisha,East,P2010,Sportswear Product 2010,Sports,Sportswear,1,51133.3,0.1,46019.97,Debit Card,Completed,Returning
O101337,2026-08-09,C1434,Customer 1434,Female,46,Kolkata,West Bengal,East,P2071,Mobiles Product 2071,Electronics,Mobiles,1,29513.79,0.15,25086.72,Debit Card,Completed,Returning
O101338,2025-09-13,C1134,Customer 1134,Male,56,Kanpur,Uttar Pradesh,North,P2090,Men Product 2090,Fashion,Men,5,43634.38,0.1,196354.71,Debit Card,Completed,Returning
O101339,2025-03-22,C1211,Customer 1211,Male,35,Jodhpur,Rajasthan,North,P2098,Women Product 2098,Fashion,Women,1,18537.8,0.25,13903.35,Credit Card,Completed,New
O101340,2025-05-08,C1060,Customer 1060,Male,54,Mumbai,Maharashtra,West,P2030,Men Product 2030,Fashion,Men,1,64551.14,0,64551.14,UPI,Returned,New
O101341,2025-08-23,C1428,Customer 1428,Female,59,Jaipur,Rajasthan,North,P2100,Mobiles Product 2100,Electronics,Mobiles,1,51807.65,0.2,41446.12,Debit Card,Completed,Returning
O101342,2026-07-07,C1377,Customer 1377,Female,31,Jaipur,Rajasthan,North,P2021,Mobiles Product 2021,Electronics,Mobiles,3,68414.15,0.05,194980.33,Cash on Delivery,Completed,Returning
O101343,2025-06-30,C1395,Customer 1395,Male,37,Kolkata,West Bengal,East,P2060,Women Product 2060,Fashion,Women,2,54476.75,0,108953.5,Net Banking,Completed,Returning
O101344,2025-06-06,C1450,Customer 1450,Female,53,Kanpur,Uttar Pradesh,North,P2081,Men Product 2081,Fashion,Men,2,63359.53,0.1,114047.15,UPI,Returned,Returning
O101345,2026-03-30,C1431,Customer 1431,Male,22,Vadodara,Gujarat,West,P2097,Footwear Product 2097,Fashion,Footwear,3,70862.68,0.1,191329.24,UPI,Completed,Returning
O101346,2026-07-25,C1364,Customer 1364,Female,32,Salem,Tamil Nadu,South,P2074,Mobiles Product 2074,Electronics,Mobiles,1,18005.98,0.05,17105.68,Credit Card,Completed,Returning
O101347,2025-01-24,C1364,Customer 1364,Female,32,Salem,Tamil Nadu,South,P2063,Women Product 2063,Fashion,Women,1,27128.58,0.1,24415.72,Net Banking,Completed,Returning
O101348,2026-04-18,C1457,Customer 1457,Female,49,Ahmedabad,Gujarat,West,P2042,Sportswear Product 2042,Sports,Sportswear,1,46086.93,0.15,39173.89,UPI,Cancelled,Returning
O101349,2026-02-04,C1213,Customer 1213,Male,58,Cuttack,Odisha,East,P2051,Makeup Product 2051,Beauty,Makeup,2,3561.53,0.05,6766.91,Debit Card,Completed,Returning
O101350,2026-08-15,C1216,Customer 1216,Male,24,New Delhi,Delhi,North,P2064,Furniture Product 2064,Home & Kitchen,Furniture,2,47477.55,0.1,85459.59,Cash on Delivery,Completed,Returning
O101351,2025-05-14,C1226,Customer 1226,Female,57,Hyderabad,Telangana,South,P2076,Laptops Product 2076,Electronics,Laptops,1,33823.68,0.05,32132.5,Credit Card,Cancelled,Returning
O101352,2026-02-25,C1470,Customer 1470,Female,33,Coimbatore,Tamil Nadu,South,P2056,Fitness Product 2056,Sports,Fitness,1,65159.96,0.1,58643.96,UPI,Completed,Returning
O101353,2025-08-01,C1131,Customer 1131,Female,54,Hyderabad,Telangana,South,P2080,Mobiles Product 2080,Electronics,Mobiles,1,26947.88,0.1,24253.09,Cash on Delivery,Completed,Returning
O101354,2026-04-27,C1076,Customer 1076,Female,20,Hyderabad,Telangana,South,P2041,Accessories Product 2041,Electronics,Accessories,2,2659.49,0.05,5053.03,Credit Card,Completed,Returning
O101355,2025-12-14,C1476,Customer 1476,Female,22,Patna,Bihar,East,P2032,Mobiles Product 2032,Electronics,Mobiles,1,7978.59,0.25,5983.94,Credit Card,Completed,Returning
O101356,2025-06-15,C1286,Customer 1286,Male,20,Lucknow,Uttar Pradesh,North,P2015,Furniture Product 2015,Home & Kitchen,Furniture,1,17477.61,0.1,15729.85,Credit Card,Completed,Returning
O101357,2025-12-14,C1474,Customer 1474,Female,33,Kolkata,West Bengal,East,P2062,Makeup Product 2062,Beauty,Makeup,1,20979.04,0.15,17832.18,Credit Card,Completed,Returning
O101358,2026-02-02,C1496,Customer 1496,Male,23,Bengaluru,Karnataka,South,P2027,Kitchen Product 2027,Home & Kitchen,Kitchen,2,11473.67,0.15,19505.24,Debit Card,Completed,Returning
O101359,2026-08-06,C1277,Customer 1277,Male,55,Cuttack,Odisha,East,P2028,Furniture Product 2028,Home & Kitchen,Furniture,2,29619.27,0.2,47390.83,Credit Card,Returned,Returning
O101360,2026-03-11,C1156,Customer 1156,Female,60,Vadodara,Gujarat,West,P2081,Men Product 2081,Fashion,Men,1,63359.53,0,63359.53,UPI,Completed,Returning
O101361,2026-07-31,C1248,Customer 1248,Male,38,Vadodara,Gujarat,West,P2064,Furniture Product 2064,Home & Kitchen,Furniture,2,47477.55,0.05,90207.34,Debit Card,Completed,Returning
O101362,2025-08-09,C1218,Customer 1218,Male,42,Noida,Uttar Pradesh,North,P2059,Mobiles Product 2059,Electronics,Mobiles,2,38695.49,0.1,69651.88,UPI,Completed,Returning
O101363,2025-11-04,C1190,Customer 1190,Female,32,New Delhi,Delhi,North,P2058,Women Product 2058,Fashion,Women,5,74077.42,0.2,296309.68,UPI,Completed,Returning
O101364,2026-04-11,C1417,Customer 1417,Male,25,New Delhi,Delhi,North,P2002,Sportswear Product 2002,Sports,Sportswear,1,72675.18,0,72675.18,Debit Card,Completed,Returning
O101365,2025-04-09,C1469,Customer 1469,Male,42,Kolkata,West Bengal,East,P2036,Mobiles Product 2036,Electronics,Mobiles,2,6463.39,0.25,9695.09,Net Banking,Completed,Returning
O101366,2025-08-30,C1163,Customer 1163,Female,40,Warangal,Telangana,South,P2071,Mobiles Product 2071,Electronics,Mobiles,2,29513.79,0,59027.58,UPI,Completed,Returning
O101367,2025-06-07,C1180,Customer 1180,Male,32,Nagpur,Maharashtra,West,P2013,Appliances Product 2013,Home & Kitchen,Appliances,1,72349.68,0,72349.68,UPI,Completed,Returning
O101368,2026-07-08,C1034,Customer 1034,Female,27,Jaipur,Rajasthan,North,P2015,Furniture Product 2015,Home & Kitchen,Furniture,2,17477.61,0,34955.22,Debit Card,Completed,Returning
O101369,2025-08-15,C1041,Customer 1041,Male,53,Ahmedabad,Gujarat,West,P2089,Women Product 2089,Fashion,Women,1,71400.34,0.1,64260.31,Debit Card,Completed,Returning
O101370,2026-02-27,C1307,Customer 1307,Female,56,Ahmedabad,Gujarat,West,P2087,Kitchen Product 2087,Home & Kitchen,Kitchen,1,43974.9,0.2,35179.92,Credit Card,Completed,Returning
O101371,2025-03-13,C1431,Customer 1431,Male,22,Vadodara,Gujarat,West,P2060,Women Product 2060,Fashion,Women,1,54476.75,0.05,51752.91,UPI,Cancelled,New
O101372,2025-08-31,C1338,Customer 1338,Male,32,Thrissur,Kerala,South,P2022,Outdoor Product 2022,Sports,Outdoor,1,34818.67,0.1,31336.8,UPI,Completed,Returning
O101373,2026-06-14,C1314,Customer 1314,Male,39,Jaipur,Rajasthan,North,P2063,Women Product 2063,Fashion,Women,1,27128.58,0,27128.58,Net Banking,Completed,Returning
O101374,2026-08-12,C1075,Customer 1075,Male,20,Bhubaneswar,Odisha,East,P2090,Men Product 2090,Fashion,Men,1,43634.38,0.1,39270.94,Credit Card,Completed,Returning
O101375,2025-02-14,C1441,Customer 1441,Male,47,Mysuru,Karnataka,South,P2097,Footwear Product 2097,Fashion,Footwear,2,70862.68,0,141725.36,Net Banking,Completed,Returning
O101376,2026-04-17,C1279,Customer 1279,Male,38,Bhubaneswar,Odisha,East,P2075,Laptops Product 2075,Electronics,Laptops,3,5790.21,0.1,15633.57,Debit Card,Completed,Returning
O101377,2026-01-06,C1176,Customer 1176,Female,42,Warangal,Telangana,South,P2074,Mobiles Product 2074,Electronics,Mobiles,1,18005.98,0.1,16205.38,Debit Card,Completed,Returning
O101378,2025-04-02,C1384,Customer 1384,Male,34,Mumbai,Maharashtra,West,P2025,Footwear Product 2025,Fashion,Footwear,2,48968.5,0.1,88143.3,Cash on Delivery,Returned,Returning
O101379,2025-01-22,C1150,Customer 1150,Female,27,Nagpur,Maharashtra,West,P2048,Accessories Product 2048,Electronics,Accessories,3,48876.98,0,146630.94,UPI,Completed,New
O101380,2025-06-21,C1273,Customer 1273,Female,35,Jaipur,Rajasthan,North,P2043,Furniture Product 2043,Home & Kitchen,Furniture,1,47010.26,0,47010.26,Credit Card,Completed,Returning
O101381,2026-08-27,C1325,Customer 1325,Female,29,Mangaluru,Karnataka,South,P2038,Accessories Product 2038,Electronics,Accessories,1,15304.17,0.15,13008.54,UPI,Completed,Returning
O101382,2025-07-11,C1108,Customer 1108,Female,56,New Delhi,Delhi,North,P2041,Accessories Product 2041,Electronics,Accessories,2,2659.49,0.15,4521.13,Credit Card,Completed,Returning
O101383,2025-03-18,C1139,Customer 1139,Male,59,New Delhi,Delhi,North,P2045,Laptops Product 2045,Electronics,Laptops,2,61352.14,0.2,98163.42,UPI,Completed,Returning
O101384,2025-10-08,C1350,Customer 1350,Male,24,New Delhi,Delhi,North,P2088,Men Product 2088,Fashion,Men,1,36148.31,0.15,30726.06,UPI,Completed,Returning
O101385,2025-12-30,C1271,Customer 1271,Female,51,Ahmedabad,Gujarat,West,P2040,Mobiles Product 2040,Electronics,Mobiles,1,71380.78,0.25,53535.58,Cash on Delivery,Completed,Returning
O101386,2025-06-28,C1347,Customer 1347,Male,36,Patna,Bihar,East,P2097,Footwear Product 2097,Fashion,Footwear,2,70862.68,0.05,134639.09,Debit Card,Completed,Returning
O101387,2025-08-26,C1419,Customer 1419,Female,32,Udaipur,Rajasthan,North,P2017,Appliances Product 2017,Home & Kitchen,Appliances,5,35523.47,0.05,168736.48,Cash on Delivery,Completed,Returning
O101388,2025-05-15,C1289,Customer 1289,Male,42,Vadodara,Gujarat,West,P2088,Men Product 2088,Fashion,Men,1,36148.31,0,36148.31,Credit Card,Completed,Returning
O101389,2025-10-07,C1212,Customer 1212,Male,58,Kolkata,West Bengal,East,P2057,Skincare Product 2057,Beauty,Skincare,5,63514.52,0.1,285815.34,Debit Card,Completed,Returning
O101390,2025-01-19,C1381,Customer 1381,Female,49,Jaipur,Rajasthan,North,P2002,Sportswear Product 2002,Sports,Sportswear,1,72675.18,0.1,65407.66,UPI,Completed,New
O101391,2026-08-18,C1272,Customer 1272,Female,40,Mysuru,Karnataka,South,P2096,Outdoor Product 2096,Sports,Outdoor,1,19371.4,0.15,16465.69,Credit Card,Completed,Returning
O101392,2026-01-06,C1418,Customer 1418,Female,21,Cuttack,Odisha,East,P2062,Makeup Product 2062,Beauty,Makeup,1,20979.04,0.05,19930.09,Credit Card,Completed,Returning
O101393,2025-04-22,C1066,Customer 1066,Female,36,Warangal,Telangana,South,P2088,Men Product 2088,Fashion,Men,2,36148.31,0.1,65066.96,UPI,Completed,Returning
O101394,2025-08-09,C1483,Customer 1483,Male,56,Kochi,Kerala,South,P2009,Skincare Product 2009,Beauty,Skincare,1,22588.57,0.1,20329.71,Net Banking,Completed,Returning
O101395,2025-10-31,C1424,Customer 1424,Male,30,Noida,Uttar Pradesh,North,P2068,Furniture Product 2068,Home & Kitchen,Furniture,1,37073.16,0.1,33365.84,UPI,Completed,Returning
O101396,2025-11-21,C1248,Customer 1248,Male,38,Vadodara,Gujarat,West,P2081,Men Product 2081,Fashion,Men,3,63359.53,0.05,180574.66,Credit Card,Completed,Returning
O101397,2026-03-13,C1156,Customer 1156,Female,60,Vadodara,Gujarat,West,P2017,Appliances Product 2017,Home & Kitchen,Appliances,5,35523.47,0.15,150974.75,Credit Card,Completed,Returning
O101398,2026-03-14,C1047,Customer 1047,Female,41,Vadodara,Gujarat,West,P2050,Fitness Product 2050,Sports,Fitness,1,13904.21,0,13904.21,Cash on Delivery,Cancelled,Returning
O101399,2025-06-19,C1423,Customer 1423,Female,50,Chennai,Tamil Nadu,South,P2094,Women Product 2094,Fashion,Women,1,14369.68,0.2,11495.74,UPI,Cancelled,Returning
O101400,2026-01-10,C1454,Customer 1454,Female,28,Jaipur,Rajasthan,North,P2040,Mobiles Product 2040,Electronics,Mobiles,3,71380.78,0.25,160606.76,Credit Card,Completed,Returning
O101401,2026-07-11,C1201,Customer 1201,Male,50,Cuttack,Odisha,East,P2058,Women Product 2058,Fashion,Women,2,74077.42,0.05,140747.1,Credit Card,Cancelled,Returning
O101402,2026-01-16,C1148,Customer 1148,Male,36,Jaipur,Rajasthan,North,P2075,Laptops Product 2075,Electronics,Laptops,1,5790.21,0.05,5500.7,UPI,Completed,Returning
O101403,2025-01-14,C1124,Customer 1124,Male,21,Kozhikode,Kerala,South,P2085,Fitness Product 2085,Sports,Fitness,4,48108.22,0.15,163567.95,Debit Card,Completed,Returning
O101404,2026-05-15,C1001,Customer 1001,Male,40,Hyderabad,Telangana,South,P2021,Mobiles Product 2021,Electronics,Mobiles,1,68414.15,0.1,61572.73,UPI,Completed,Returning
O101405,2026-01-26,C1456,Customer 1456,Male,41,Kolkata,West Bengal,East,P2018,Women Product 2018,Fashion,Women,2,15516.48,0,31032.96,UPI,Completed,Returning
O101406,2026-07-03,C1247,Customer 1247,Male,50,Warangal,Telangana,South,P2055,Accessories Product 2055,Electronics,Accessories,1,15507.3,0.2,12405.84,UPI,Completed,Returning
O101407,2026-07-19,C1343,Customer 1343,Male,20,Patna,Bihar,East,P2029,Appliances Product 2029,Home & Kitchen,Appliances,2,54225.01,0.1,97605.02,Net Banking,Completed,Returning
O101408,2026-06-14,C1128,Customer 1128,Male,39,Thrissur,Kerala,South,P2024,Men Product 2024,Fashion,Men,1,15279.2,0,15279.2,UPI,Completed,Returning
O101409,2026-05-07,C1191,Customer 1191,Male,38,Nagpur,Maharashtra,West,P2074,Mobiles Product 2074,Electronics,Mobiles,2,18005.98,0.1,32410.76,Credit Card,Completed,Returning
O101410,2026-07-04,C1067,Customer 1067,Female,38,Salem,Tamil Nadu,South,P2017,Appliances Product 2017,Home & Kitchen,Appliances,4,35523.47,0,142093.88,UPI,Returned,Returning
O101411,2026-01-20,C1004,Customer 1004,Male,52,New Delhi,Delhi,North,P2018,Women Product 2018,Fashion,Women,1,15516.48,0,15516.48,UPI,Completed,New
O101412,2025-07-15,C1442,Customer 1442,Female,41,Pune,Maharashtra,West,P2042,Sportswear Product 2042,Sports,Sportswear,2,46086.93,0.1,82956.47,UPI,Completed,Returning
O101413,2025-10-27,C1409,Customer 1409,Female,29,Kozhikode,Kerala,South,P2084,Fitness Product 2084,Sports,Fitness,1,39978.36,0.05,37979.44,Credit Card,Completed,Returning
O101414,2026-07-01,C1303,Customer 1303,Male,45,Hyderabad,Telangana,South,P2045,Laptops Product 2045,Electronics,Laptops,3,61352.14,0.1,165650.78,UPI,Completed,Returning
O101415,2026-08-25,C1294,Customer 1294,Female,35,Bhubaneswar,Odisha,East,P2082,Makeup Product 2082,Beauty,Makeup,5,65159.86,0.25,244349.47,UPI,Completed,Returning
O101416,2025-11-04,C1143,Customer 1143,Female,31,Udaipur,Rajasthan,North,P2017,Appliances Product 2017,Home & Kitchen,Appliances,3,35523.47,0.2,85256.33,Net Banking,Completed,Returning
O101417,2025-09-09,C1191,Customer 1191,Male,38,Nagpur,Maharashtra,West,P2073,Mobiles Product 2073,Electronics,Mobiles,2,58078.44,0,116156.88,Credit Card,Returned,Returning
O101418,2025-01-08,C1021,Customer 1021,Female,52,Lucknow,Uttar Pradesh,North,P2014,Skincare Product 2014,Beauty,Skincare,4,73803.13,0,295212.52,UPI,Completed,Returning
O101419,2025-07-27,C1227,Customer 1227,Male,26,Pune,Maharashtra,West,P2049,Appliances Product 2049,Home & Kitchen,Appliances,1,16675.28,0.1,15007.75,Credit Card,Completed,Returning
O101420,2025-05-11,C1313,Customer 1313,Female,52,Chennai,Tamil Nadu,South,P2029,Appliances Product 2029,Home & Kitchen,Appliances,1,54225.01,0.1,48802.51,UPI,Completed,Returning
O101421,2026-08-31,C1117,Customer 1117,Male,51,Vadodara,Gujarat,West,P2095,Skincare Product 2095,Beauty,Skincare,2,33448.14,0.2,53517.02,Debit Card,Cancelled,Returning
O101422,2025-01-26,C1437,Customer 1437,Female,38,Jaipur,Rajasthan,North,P2004,Kitchen Product 2004,Home & Kitchen,Kitchen,2,1952.63,0.1,3514.73,Credit Card,Completed,New
O101423,2026-03-30,C1302,Customer 1302,Male,55,Chennai,Tamil Nadu,South,P2082,Makeup Product 2082,Beauty,Makeup,3,65159.86,0.05,185705.6,UPI,Completed,Returning
O101424,2025-07-05,C1500,Customer 1500,Female,37,Ahmedabad,Gujarat,West,P2020,Footwear Product 2020,Fashion,Footwear,2,47078.66,0.1,84741.59,UPI,Completed,Returning
O101425,2026-04-29,C1142,Customer 1142,Male,32,Coimbatore,Tamil Nadu,South,P2047,Laptops Product 2047,Electronics,Laptops,1,6397.76,0.15,5438.1,Credit Card,Completed,Returning
O101426,2025-02-20,C1484,Customer 1484,Female,47,Kolkata,West Bengal,East,P2009,Skincare Product 2009,Beauty,Skincare,1,22588.57,0.2,18070.86,Net Banking,Completed,New
O101427,2025-01-05,C1460,Customer 1460,Male,55,Lucknow,Uttar Pradesh,North,P2077,Men Product 2077,Fashion,Men,1,32487.3,0.05,30862.94,UPI,Completed,New
O101428,2026-08-12,C1401,Customer 1401,Female,52,Warangal,Telangana,South,P2079,Laptops Product 2079,Electronics,Laptops,2,12821.16,0.1,23078.09,UPI,Completed,Returning
O101429,2025-06-09,C1039,Customer 1039,Male,34,Warangal,Telangana,South,P2027,Kitchen Product 2027,Home & Kitchen,Kitchen,1,11473.67,0,11473.67,Credit Card,Completed,Returning
O101430,2025-07-27,C1393,Customer 1393,Female,57,Warangal,Telangana,South,P2015,Furniture Product 2015,Home & Kitchen,Furniture,1,17477.61,0.1,15729.85,Credit Card,Completed,Returning
O101431,2025-09-14,C1355,Customer 1355,Female,56,New Delhi,Delhi,North,P2092,Footwear Product 2092,Fashion,Footwear,2,2539.03,0,5078.06,UPI,Completed,Returning
O101432,2025-07-24,C1252,Customer 1252,Male,45,Ahmedabad,Gujarat,West,P2019,Accessories Product 2019,Electronics,Accessories,3,34190.91,0.2,82058.18,UPI,Completed,Returning
O101433,2025-01-11,C1333,Customer 1333,Female,40,Hyderabad,Telangana,South,P2090,Men Product 2090,Fashion,Men,4,43634.38,0.1,157083.77,UPI,Completed,New
O101434,2025-01-08,C1207,Customer 1207,Female,44,New Delhi,Delhi,North,P2052,Laptops Product 2052,Electronics,Laptops,5,54024.37,0.2,216097.48,UPI,Returned,New
O101435,2026-02-13,C1210,Customer 1210,Male,42,New Delhi,Delhi,North,P2026,Furniture Product 2026,Home & Kitchen,Furniture,3,59877.66,0.25,134724.74,UPI,Returned,Returning
O101436,2025-02-01,C1115,Customer 1115,Male,29,Chennai,Tamil Nadu,South,P2089,Women Product 2089,Fashion,Women,1,71400.34,0,71400.34,UPI,Returned,New
O101437,2026-06-24,C1225,Customer 1225,Female,36,Hyderabad,Telangana,South,P2026,Furniture Product 2026,Home & Kitchen,Furniture,3,59877.66,0.15,152688.03,Debit Card,Completed,Returning
O101438,2026-01-22,C1134,Customer 1134,Male,56,Kanpur,Uttar Pradesh,North,P2026,Furniture Product 2026,Home & Kitchen,Furniture,1,59877.66,0.2,47902.13,Cash on Delivery,Completed,Returning
O101439,2025-08-16,C1251,Customer 1251,Female,29,Chennai,Tamil Nadu,South,P2046,Appliances Product 2046,Home & Kitchen,Appliances,2,3344.33,0.1,6019.79,Debit Card,Cancelled,Returning
O101440,2026-04-20,C1219,Customer 1219,Female,48,Madurai,Tamil Nadu,South,P2092,Footwear Product 2092,Fashion,Footwear,2,2539.03,0.1,4570.25,Credit Card,Completed,Returning
O101441,2025-07-26,C1407,Customer 1407,Female,48,Mumbai,Maharashtra,West,P2049,Appliances Product 2049,Home & Kitchen,Appliances,3,16675.28,0.05,47524.55,Debit Card,Completed,Returning
O101442,2025-11-14,C1443,Customer 1443,Male,40,Kolkata,West Bengal,East,P2082,Makeup Product 2082,Beauty,Makeup,1,65159.86,0.15,55385.88,Debit Card,Completed,Returning
O101443,2026-07-11,C1091,Customer 1091,Female,56,Hyderabad,Telangana,South,P2096,Outdoor Product 2096,Sports,Outdoor,1,19371.4,0.05,18402.83,Net Banking,Completed,Returning
O101444,2025-12-14,C1354,Customer 1354,Female,56,Thrissur,Kerala,South,P2053,Mobiles Product 2053,Electronics,Mobiles,2,37147.78,0.1,66866,Debit Card,Completed,Returning
O101445,2025-08-22,C1376,Customer 1376,Female,22,Pune,Maharashtra,West,P2003,Makeup Product 2003,Beauty,Makeup,1,44701.37,0,44701.37,Debit Card,Completed,Returning
O101446,2025-02-13,C1046,Customer 1046,Female,44,Warangal,Telangana,South,P2066,Furniture Product 2066,Home & Kitchen,Furniture,4,13722.33,0,54889.32,UPI,Completed,New
O101447,2025-05-22,C1038,Customer 1038,Male,42,Nagpur,Maharashtra,West,P2097,Footwear Product 2097,Fashion,Footwear,2,70862.68,0,141725.36,Credit Card,Completed,Returning
O101448,2025-06-25,C1142,Customer 1142,Male,32,Coimbatore,Tamil Nadu,South,P2042,Sportswear Product 2042,Sports,Sportswear,2,46086.93,0,92173.86,Credit Card,Completed,Returning
O101449,2026-03-25,C1100,Customer 1100,Male,35,Jaipur,Rajasthan,North,P2019,Accessories Product 2019,Electronics,Accessories,4,34190.91,0.1,123087.28,UPI,Completed,Returning
O101450,2026-08-15,C1328,Customer 1328,Male,52,Patna,Bihar,East,P2017,Appliances Product 2017,Home & Kitchen,Appliances,2,35523.47,0,71046.94,UPI,Returned,Returning
O101451,2025-03-23,C1190,Customer 1190,Female,32,New Delhi,Delhi,North,P2033,Footwear Product 2033,Fashion,Footwear,1,37566.95,0,37566.95,Credit Card,Returned,Returning
O101452,2025-05-15,C1035,Customer 1035,Female,35,Kozhikode,Kerala,South,P2076,Laptops Product 2076,Electronics,Laptops,1,33823.68,0.15,28750.13,Debit Card,Completed,Returning
O101453,2025-06-26,C1147,Customer 1147,Male,42,Salem,Tamil Nadu,South,P2049,Appliances Product 2049,Home & Kitchen,Appliances,2,16675.28,0.15,28347.98,Cash on Delivery,Returned,Returning
O101454,2026-01-18,C1030,Customer 1030,Female,26,Bhubaneswar,Odisha,East,P2056,Fitness Product 2056,Sports,Fitness,3,65159.96,0.15,166157.9,UPI,Completed,Returning
O101455,2025-08-31,C1334,Customer 1334,Male,45,Salem,Tamil Nadu,South,P2063,Women Product 2063,Fashion,Women,3,27128.58,0.2,65108.59,UPI,Completed,Returning
O101456,2026-07-21,C1084,Customer 1084,Female,24,Mumbai,Maharashtra,West,P2003,Makeup Product 2003,Beauty,Makeup,4,44701.37,0,178805.48,Net Banking,Completed,Returning
O101457,2025-05-21,C1369,Customer 1369,Male,53,New Delhi,Delhi,North,P2049,Appliances Product 2049,Home & Kitchen,Appliances,1,16675.28,0,16675.28,Cash on Delivery,Cancelled,Returning
O101458,2026-04-02,C1281,Customer 1281,Female,37,Patna,Bihar,East,P2055,Accessories Product 2055,Electronics,Accessories,1,15507.3,0.05,14731.94,Credit Card,Completed,Returning
O101459,2026-03-16,C1424,Customer 1424,Male,30,Noida,Uttar Pradesh,North,P2026,Furniture Product 2026,Home & Kitchen,Furniture,1,59877.66,0.2,47902.13,UPI,Completed,Returning
O101460,2025-02-25,C1344,Customer 1344,Female,40,Salem,Tamil Nadu,South,P2099,Sportswear Product 2099,Sports,Sportswear,2,42924.55,0.15,72971.74,Credit Card,Completed,Returning
O101461,2026-06-11,C1270,Customer 1270,Male,25,Cuttack,Odisha,East,P2072,Outdoor Product 2072,Sports,Outdoor,1,64391.57,0.05,61171.99,UPI,Completed,Returning
O101462,2026-02-23,C1154,Customer 1154,Male,45,Udaipur,Rajasthan,North,P2052,Laptops Product 2052,Electronics,Laptops,1,54024.37,0,54024.37,Cash on Delivery,Completed,Returning
O101463,2025-03-29,C1102,Customer 1102,Female,45,Coimbatore,Tamil Nadu,South,P2100,Mobiles Product 2100,Electronics,Mobiles,2,51807.65,0.1,93253.77,Debit Card,Completed,Returning
O101464,2025-01-08,C1215,Customer 1215,Male,50,Kolkata,West Bengal,East,P2007,Mobiles Product 2007,Electronics,Mobiles,1,70839.48,0.05,67297.51,UPI,Completed,New
O101465,2026-04-22,C1150,Customer 1150,Female,27,Nagpur,Maharashtra,West,P2046,Appliances Product 2046,Home & Kitchen,Appliances,2,3344.33,0.1,6019.79,Cash on Delivery,Completed,Returning
O101466,2025-08-03,C1432,Customer 1432,Female,51,Cuttack,Odisha,East,P2046,Appliances Product 2046,Home & Kitchen,Appliances,2,3344.33,0.2,5350.93,Debit Card,Completed,Returning
O101467,2026-07-06,C1083,Customer 1083,Male,58,Kolkata,West Bengal,East,P2100,Mobiles Product 2100,Electronics,Mobiles,1,51807.65,0.1,46626.88,Cash on Delivery,Completed,Returning
O101468,2026-05-12,C1110,Customer 1110,Male,29,Kanpur,Uttar Pradesh,North,P2016,Mobiles Product 2016,Electronics,Mobiles,1,48979.51,0.2,39183.61,Cash on Delivery,Completed,Returning
O101469,2026-05-18,C1435,Customer 1435,Female,48,Kolkata,West Bengal,East,P2024,Men Product 2024,Fashion,Men,3,15279.2,0.05,43545.72,UPI,Completed,Returning
O101470,2025-09-02,C1387,Customer 1387,Male,33,Hyderabad,Telangana,South,P2061,Women Product 2061,Fashion,Women,1,44949.95,0.1,40454.96,UPI,Returned,Returning
O101471,2026-04-23,C1426,Customer 1426,Male,27,Bengaluru,Karnataka,South,P2054,Accessories Product 2054,Electronics,Accessories,1,51113.05,0.2,40890.44,Credit Card,Returned,Returning
O101472,2025-11-05,C1275,Customer 1275,Male,30,Cuttack,Odisha,East,P2062,Makeup Product 2062,Beauty,Makeup,1,20979.04,0.1,18881.14,Cash on Delivery,Completed,Returning
O101473,2025-08-19,C1201,Customer 1201,Male,50,Cuttack,Odisha,East,P2001,Accessories Product 2001,Electronics,Accessories,1,63975.38,0.1,57577.84,Cash on Delivery,Completed,Returning
O101474,2026-01-18,C1284,Customer 1284,Male,34,Vadodara,Gujarat,West,P2049,Appliances Product 2049,Home & Kitchen,Appliances,3,16675.28,0.15,42521.96,Credit Card,Completed,Returning
O101475,2025-06-04,C1468,Customer 1468,Male,47,Udaipur,Rajasthan,North,P2025,Footwear Product 2025,Fashion,Footwear,1,48968.5,0.2,39174.8,UPI,Completed,Returning
O101476,2025-06-24,C1173,Customer 1173,Male,58,Cuttack,Odisha,East,P2010,Sportswear Product 2010,Sports,Sportswear,4,51133.3,0,204533.2,UPI,Returned,Returning
O101477,2025-04-25,C1327,Customer 1327,Male,24,Ahmedabad,Gujarat,West,P2080,Mobiles Product 2080,Electronics,Mobiles,1,26947.88,0.05,25600.49,Net Banking,Completed,Returning
O101478,2026-01-25,C1206,Customer 1206,Male,31,Kolkata,West Bengal,East,P2016,Mobiles Product 2016,Electronics,Mobiles,3,48979.51,0.05,139591.6,Debit Card,Completed,Returning
O101479,2025-11-07,C1063,Customer 1063,Male,32,Ahmedabad,Gujarat,West,P2058,Women Product 2058,Fashion,Women,3,74077.42,0.2,177785.81,Credit Card,Completed,Returning
O101480,2025-10-27,C1073,Customer 1073,Male,28,Ahmedabad,Gujarat,West,P2072,Outdoor Product 2072,Sports,Outdoor,2,64391.57,0.25,96587.36,Credit Card,Completed,Returning
O101481,2025-01-18,C1251,Customer 1251,Female,29,Chennai,Tamil Nadu,South,P2029,Appliances Product 2029,Home & Kitchen,Appliances,2,54225.01,0,108450.02,Debit Card,Completed,New
O101482,2025-01-12,C1124,Customer 1124,Male,21,Kozhikode,Kerala,South,P2092,Footwear Product 2092,Fashion,Footwear,1,2539.03,0,2539.03,Net Banking,Cancelled,New
O101483,2026-02-08,C1375,Customer 1375,Male,53,Surat,Gujarat,West,P2006,Accessories Product 2006,Electronics,Accessories,2,33608.93,0.2,53774.29,UPI,Completed,Returning
O101484,2025-08-20,C1121,Customer 1121,Female,35,Kanpur,Uttar Pradesh,North,P2016,Mobiles Product 2016,Electronics,Mobiles,1,48979.51,0.05,46530.53,UPI,Completed,Returning
O101485,2026-08-28,C1275,Customer 1275,Male,30,Cuttack,Odisha,East,P2020,Footwear Product 2020,Fashion,Footwear,1,47078.66,0.05,44724.73,Debit Card,Completed,Returning
O101486,2025-10-05,C1431,Customer 1431,Male,22,Vadodara,Gujarat,West,P2080,Mobiles Product 2080,Electronics,Mobiles,3,26947.88,0,80843.64,Cash on Delivery,Completed,Returning
O101487,2025-12-19,C1500,Customer 1500,Female,37,Ahmedabad,Gujarat,West,P2071,Mobiles Product 2071,Electronics,Mobiles,1,29513.79,0.05,28038.1,Credit Card,Completed,Returning
O101488,2025-10-30,C1398,Customer 1398,Female,46,Jaipur,Rajasthan,North,P2078,Accessories Product 2078,Electronics,Accessories,3,71159.18,0.15,181455.91,UPI,Completed,Returning
O101489,2026-06-25,C1120,Customer 1120,Male,23,Cuttack,Odisha,East,P2043,Furniture Product 2043,Home & Kitchen,Furniture,1,47010.26,0.1,42309.23,UPI,Completed,Returning
O101490,2026-04-15,C1422,Customer 1422,Female,35,Kozhikode,Kerala,South,P2026,Furniture Product 2026,Home & Kitchen,Furniture,2,59877.66,0.1,107779.79,UPI,Completed,Returning
O101491,2025-03-18,C1437,Customer 1437,Female,38,Jaipur,Rajasthan,North,P2090,Men Product 2090,Fashion,Men,4,43634.38,0.2,139630.02,UPI,Completed,Returning
O101492,2026-06-05,C1317,Customer 1317,Male,48,New Delhi,Delhi,North,P2078,Accessories Product 2078,Electronics,Accessories,2,71159.18,0,142318.36,Debit Card,Completed,Returning
O101493,2025-01-24,C1164,Customer 1164,Female,55,Chennai,Tamil Nadu,South,P2071,Mobiles Product 2071,Electronics,Mobiles,2,29513.79,0,59027.58,UPI,Completed,New
O101494,2025-01-15,C1424,Customer 1424,Male,30,Noida,Uttar Pradesh,North,P2033,Footwear Product 2033,Fashion,Footwear,2,37566.95,0.2,60107.12,Debit Card,Completed,New
O101495,2026-06-09,C1465,Customer 1465,Female,41,Patna,Bihar,East,P2026,Furniture Product 2026,Home & Kitchen,Furniture,4,59877.66,0.15,203584.04,UPI,Completed,Returning
O101496,2025-12-13,C1286,Customer 1286,Male,20,Lucknow,Uttar Pradesh,North,P2045,Laptops Product 2045,Electronics,Laptops,1,61352.14,0.05,58284.53,UPI,Completed,Returning
O101497,2025-06-21,C1265,Customer 1265,Male,32,Noida,Uttar Pradesh,North,P2084,Fitness Product 2084,Sports,Fitness,2,39978.36,0.05,75958.88,Credit Card,Completed,Returning
O101498,2025-11-23,C1320,Customer 1320,Female,25,New Delhi,Delhi,North,P2063,Women Product 2063,Fashion,Women,1,27128.58,0.05,25772.15,Credit Card,Completed,Returning
O101499,2026-04-30,C1161,Customer 1161,Male,55,New Delhi,Delhi,North,P2067,Laptops Product 2067,Electronics,Laptops,1,38592.36,0.1,34733.12,UPI,Cancelled,Returning
O101500,2026-05-04,C1376,Customer 1376,Female,22,Pune,Maharashtra,West,P2052,Laptops Product 2052,Electronics,Laptops,1,54024.37,0,54024.37,Net Banking,Cancelled,Returning
O101501,2026-04-07,C1308,Customer 1308,Female,60,Ahmedabad,Gujarat,West,P2068,Furniture Product 2068,Home & Kitchen,Furniture,1,37073.16,0.1,33365.84,UPI,Completed,Returning
O101502,2026-01-13,C1089,Customer 1089,Female,45,New Delhi,Delhi,North,P2026,Furniture Product 2026,Home & Kitchen,Furniture,2,59877.66,0,119755.32,Credit Card,Completed,Returning
O101503,2026-08-11,C1142,Customer 1142,Male,32,Coimbatore,Tamil Nadu,South,P2075,Laptops Product 2075,Electronics,Laptops,3,5790.21,0.15,14765.04,Credit Card,Completed,Returning
O101504,2025-06-13,C1203,Customer 1203,Male,35,Mumbai,Maharashtra,West,P2002,Sportswear Product 2002,Sports,Sportswear,3,72675.18,0.05,207124.26,Net Banking,Completed,Returning
O101505,2026-01-07,C1309,Customer 1309,Female,55,Patna,Bihar,East,P2014,Skincare Product 2014,Beauty,Skincare,2,73803.13,0.1,132845.63,Credit Card,Completed,Returning
O101506,2026-07-27,C1227,Customer 1227,Male,26,Pune,Maharashtra,West,P2030,Men Product 2030,Fashion,Men,1,64551.14,0,64551.14,Credit Card,Completed,Returning
O101507,2026-02-28,C1489,Customer 1489,Male,41,Warangal,Telangana,South,P2049,Appliances Product 2049,Home & Kitchen,Appliances,1,16675.28,0,16675.28,Debit Card,Completed,Returning
O101508,2026-04-22,C1443,Customer 1443,Male,40,Kolkata,West Bengal,East,P2012,Fitness Product 2012,Sports,Fitness,1,70788.11,0.15,60169.89,UPI,Completed,Returning
O101509,2026-01-17,C1334,Customer 1334,Male,45,Salem,Tamil Nadu,South,P2090,Men Product 2090,Fashion,Men,2,43634.38,0.15,74178.45,Debit Card,Completed,Returning
O101510,2025-06-04,C1222,Customer 1222,Male,31,Cuttack,Odisha,East,P2044,Makeup Product 2044,Beauty,Makeup,1,61167.44,0.15,51992.32,UPI,Completed,Returning
O101511,2025-09-14,C1041,Customer 1041,Male,53,Ahmedabad,Gujarat,West,P2033,Footwear Product 2033,Fashion,Footwear,2,37566.95,0.15,63863.81,Net Banking,Completed,Returning
O101512,2025-03-09,C1196,Customer 1196,Female,31,Kochi,Kerala,South,P2013,Appliances Product 2013,Home & Kitchen,Appliances,4,72349.68,0,289398.72,UPI,Completed,Returning
O101513,2025-12-10,C1068,Customer 1068,Male,47,Hyderabad,Telangana,South,P2078,Accessories Product 2078,Electronics,Accessories,2,71159.18,0.15,120970.61,Cash on Delivery,Completed,Returning
O101514,2025-10-04,C1476,Customer 1476,Female,22,Patna,Bihar,East,P2088,Men Product 2088,Fashion,Men,3,36148.31,0,108444.93,UPI,Completed,Returning
O101515,2026-01-26,C1264,Customer 1264,Male,22,Kolkata,West Bengal,East,P2098,Women Product 2098,Fashion,Women,2,18537.8,0,37075.6,Cash on Delivery,Completed,Returning
O101516,2026-03-25,C1002,Customer 1002,Female,51,Ahmedabad,Gujarat,West,P2026,Furniture Product 2026,Home & Kitchen,Furniture,1,59877.66,0.15,50896.01,Credit Card,Completed,Returning
O101517,2025-09-16,C1361,Customer 1361,Female,33,Nagpur,Maharashtra,West,P2021,Mobiles Product 2021,Electronics,Mobiles,1,68414.15,0.2,54731.32,UPI,Returned,Returning
O101518,2025-11-03,C1125,Customer 1125,Male,47,Mumbai,Maharashtra,West,P2028,Furniture Product 2028,Home & Kitchen,Furniture,3,29619.27,0.15,75529.14,UPI,Completed,Returning
O101519,2025-04-05,C1110,Customer 1110,Male,29,Kanpur,Uttar Pradesh,North,P2048,Accessories Product 2048,Electronics,Accessories,2,48876.98,0.15,83090.87,Net Banking,Cancelled,Returning
O101520,2026-04-09,C1086,Customer 1086,Male,48,Kolkata,West Bengal,East,P2100,Mobiles Product 2100,Electronics,Mobiles,2,51807.65,0.25,77711.48,UPI,Completed,Returning
O101521,2025-09-03,C1425,Customer 1425,Female,35,New Delhi,Delhi,North,P2040,Mobiles Product 2040,Electronics,Mobiles,1,71380.78,0,71380.78,UPI,Completed,Returning
O101522,2025-07-06,C1120,Customer 1120,Male,23,Cuttack,Odisha,East,P2066,Furniture Product 2066,Home & Kitchen,Furniture,2,13722.33,0.25,20583.5,UPI,Completed,Returning
O101523,2026-01-08,C1127,Customer 1127,Female,46,Nagpur,Maharashtra,West,P2073,Mobiles Product 2073,Electronics,Mobiles,1,58078.44,0.1,52270.6,Cash on Delivery,Completed,Returning
O101524,2026-07-26,C1255,Customer 1255,Male,22,New Delhi,Delhi,North,P2087,Kitchen Product 2087,Home & Kitchen,Kitchen,1,43974.9,0.15,37378.66,UPI,Completed,Returning
O101525,2026-02-10,C1183,Customer 1183,Female,54,Chennai,Tamil Nadu,South,P2079,Laptops Product 2079,Electronics,Laptops,1,12821.16,0.1,11539.04,UPI,Completed,Returning
O101526,2026-02-12,C1016,Customer 1016,Male,46,Bhubaneswar,Odisha,East,P2077,Men Product 2077,Fashion,Men,1,32487.3,0.1,29238.57,Cash on Delivery,Completed,Returning
O101527,2025-05-05,C1477,Customer 1477,Male,42,Vadodara,Gujarat,West,P2023,Accessories Product 2023,Electronics,Accessories,1,9651.38,0.15,8203.67,Cash on Delivery,Completed,New
O101528,2025-12-03,C1062,Customer 1062,Male,35,Kolkata,West Bengal,East,P2081,Men Product 2081,Fashion,Men,1,63359.53,0.05,60191.55,UPI,Cancelled,Returning
O101529,2025-12-07,C1369,Customer 1369,Male,53,New Delhi,Delhi,North,P2048,Accessories Product 2048,Electronics,Accessories,2,48876.98,0.2,78203.17,Net Banking,Completed,Returning
O101530,2026-07-17,C1432,Customer 1432,Female,51,Cuttack,Odisha,East,P2002,Sportswear Product 2002,Sports,Sportswear,2,72675.18,0,145350.36,UPI,Completed,Returning
O101531,2025-06-27,C1158,Customer 1158,Female,23,Kozhikode,Kerala,South,P2084,Fitness Product 2084,Sports,Fitness,2,39978.36,0.05,75958.88,UPI,Cancelled,Returning
O101532,2025-06-19,C1268,Customer 1268,Female,52,Noida,Uttar Pradesh,North,P2020,Footwear Product 2020,Fashion,Footwear,1,47078.66,0,47078.66,Net Banking,Completed,Returning
O101533,2025-02-08,C1035,Customer 1035,Female,35,Kozhikode,Kerala,South,P2059,Mobiles Product 2059,Electronics,Mobiles,5,38695.49,0.05,183803.58,Net Banking,Completed,Returning
O101534,2025-03-10,C1267,Customer 1267,Female,44,Warangal,Telangana,South,P2046,Appliances Product 2046,Home & Kitchen,Appliances,1,3344.33,0,3344.33,UPI,Cancelled,New
O101535,2025-08-24,C1064,Customer 1064,Male,49,Hyderabad,Telangana,South,P2003,Makeup Product 2003,Beauty,Makeup,1,44701.37,0,44701.37,UPI,Returned,Returning
O101536,2026-07-14,C1494,Customer 1494,Female,39,Kochi,Kerala,South,P2055,Accessories Product 2055,Electronics,Accessories,2,15507.3,0.1,27913.14,UPI,Completed,Returning
O101537,2026-01-16,C1050,Customer 1050,Female,34,New Delhi,Delhi,North,P2012,Fitness Product 2012,Sports,Fitness,1,70788.11,0.1,63709.3,Net Banking,Completed,Returning
O101538,2025-02-26,C1469,Customer 1469,Male,42,Kolkata,West Bengal,East,P2040,Mobiles Product 2040,Electronics,Mobiles,2,71380.78,0,142761.56,Cash on Delivery,Completed,Returning
O101539,2025-10-04,C1255,Customer 1255,Male,22,New Delhi,Delhi,North,P2066,Furniture Product 2066,Home & Kitchen,Furniture,2,13722.33,0.05,26072.43,UPI,Completed,Returning
O101540,2025-04-09,C1149,Customer 1149,Male,45,Mysuru,Karnataka,South,P2100,Mobiles Product 2100,Electronics,Mobiles,5,51807.65,0.25,194278.69,Net Banking,Completed,Returning
O101541,2026-06-11,C1325,Customer 1325,Female,29,Mangaluru,Karnataka,South,P2078,Accessories Product 2078,Electronics,Accessories,3,71159.18,0,213477.54,UPI,Completed,Returning
O101542,2025-11-21,C1304,Customer 1304,Female,27,Kanpur,Uttar Pradesh,North,P2016,Mobiles Product 2016,Electronics,Mobiles,4,48979.51,0.05,186122.14,Debit Card,Completed,Returning
O101543,2026-04-06,C1276,Customer 1276,Female,56,Mangaluru,Karnataka,South,P2083,Mobiles Product 2083,Electronics,Mobiles,1,2853.83,0,2853.83,UPI,Completed,Returning
O101544,2025-06-28,C1357,Customer 1357,Female,29,Bhubaneswar,Odisha,East,P2034,Men Product 2034,Fashion,Men,3,42105.76,0,126317.28,Debit Card,Completed,Returning
O101545,2026-07-28,C1451,Customer 1451,Female,33,Vadodara,Gujarat,West,P2044,Makeup Product 2044,Beauty,Makeup,1,61167.44,0.15,51992.32,UPI,Completed,Returning
O101546,2025-04-29,C1172,Customer 1172,Male,37,Pune,Maharashtra,West,P2006,Accessories Product 2006,Electronics,Accessories,2,33608.93,0.05,63856.97,Cash on Delivery,Completed,Returning
O101547,2026-04-14,C1417,Customer 1417,Male,25,New Delhi,Delhi,North,P2077,Men Product 2077,Fashion,Men,2,32487.3,0.1,58477.14,UPI,Cancelled,Returning
O101548,2026-07-03,C1201,Customer 1201,Male,50,Cuttack,Odisha,East,P2064,Furniture Product 2064,Home & Kitchen,Furniture,1,47477.55,0,47477.55,Credit Card,Completed,Returning
O101549,2026-03-31,C1445,Customer 1445,Female,20,Lucknow,Uttar Pradesh,North,P2100,Mobiles Product 2100,Electronics,Mobiles,2,51807.65,0.15,88073,Net Banking,Completed,Returning
O101550,2025-01-26,C1393,Customer 1393,Female,57,Warangal,Telangana,South,P2022,Outdoor Product 2022,Sports,Outdoor,1,34818.67,0.15,29595.87,Credit Card,Returned,Returning
O101551,2026-05-05,C1324,Customer 1324,Female,21,Kozhikode,Kerala,South,P2018,Women Product 2018,Fashion,Women,1,15516.48,0,15516.48,UPI,Completed,Returning
O101552,2025-01-08,C1035,Customer 1035,Female,35,Kozhikode,Kerala,South,P2012,Fitness Product 2012,Sports,Fitness,4,70788.11,0,283152.44,Credit Card,Completed,New
O101553,2026-05-31,C1465,Customer 1465,Female,41,Patna,Bihar,East,P2052,Laptops Product 2052,Electronics,Laptops,1,54024.37,0,54024.37,Net Banking,Completed,Returning
O101554,2026-06-17,C1482,Customer 1482,Female,44,Hyderabad,Telangana,South,P2094,Women Product 2094,Fashion,Women,1,14369.68,0.1,12932.71,Credit Card,Returned,Returning
O101555,2025-05-29,C1216,Customer 1216,Male,24,New Delhi,Delhi,North,P2051,Makeup Product 2051,Beauty,Makeup,1,3561.53,0,3561.53,UPI,Completed,Returning
O101556,2026-05-03,C1480,Customer 1480,Female,54,Kozhikode,Kerala,South,P2071,Mobiles Product 2071,Electronics,Mobiles,3,29513.79,0.1,79687.23,Credit Card,Completed,Returning
O101557,2025-01-25,C1065,Customer 1065,Male,38,Thrissur,Kerala,South,P2096,Outdoor Product 2096,Sports,Outdoor,1,19371.4,0,19371.4,Cash on Delivery,Completed,New
O101558,2026-07-09,C1008,Customer 1008,Male,50,Kozhikode,Kerala,South,P2048,Accessories Product 2048,Electronics,Accessories,1,48876.98,0,48876.98,UPI,Completed,Returning
O101559,2026-03-01,C1301,Customer 1301,Male,47,Jodhpur,Rajasthan,North,P2019,Accessories Product 2019,Electronics,Accessories,3,34190.91,0,102572.73,Credit Card,Completed,Returning
O101560,2025-10-20,C1343,Customer 1343,Male,20,Patna,Bihar,East,P2006,Accessories Product 2006,Electronics,Accessories,1,33608.93,0.05,31928.48,Debit Card,Completed,Returning
O101561,2025-07-04,C1431,Customer 1431,Male,22,Vadodara,Gujarat,West,P2084,Fitness Product 2084,Sports,Fitness,1,39978.36,0,39978.36,UPI,Completed,Returning
O101562,2026-07-08,C1424,Customer 1424,Male,30,Noida,Uttar Pradesh,North,P2027,Kitchen Product 2027,Home & Kitchen,Kitchen,3,11473.67,0.05,32699.96,Credit Card,Completed,Returning
O101563,2026-03-07,C1332,Customer 1332,Male,30,Kochi,Kerala,South,P2053,Mobiles Product 2053,Electronics,Mobiles,2,37147.78,0.1,66866,Cash on Delivery,Completed,Returning
O101564,2026-08-27,C1438,Customer 1438,Female,40,Pune,Maharashtra,West,P2048,Accessories Product 2048,Electronics,Accessories,3,48876.98,0.05,139299.39,UPI,Completed,Returning
O101565,2025-11-13,C1076,Customer 1076,Female,20,Hyderabad,Telangana,South,P2007,Mobiles Product 2007,Electronics,Mobiles,1,70839.48,0.15,60213.56,Net Banking,Completed,Returning
O101566,2026-02-02,C1174,Customer 1174,Female,51,Udaipur,Rajasthan,North,P2059,Mobiles Product 2059,Electronics,Mobiles,4,38695.49,0.15,131564.67,Net Banking,Completed,Returning
O101567,2025-11-20,C1047,Customer 1047,Female,41,Vadodara,Gujarat,West,P2069,Mobiles Product 2069,Electronics,Mobiles,4,33564.3,0.15,114118.62,UPI,Cancelled,Returning
O101568,2026-07-19,C1015,Customer 1015,Female,21,Mysuru,Karnataka,South,P2011,Footwear Product 2011,Fashion,Footwear,1,65143.66,0.2,52114.93,UPI,Completed,Returning
O101569,2026-08-19,C1361,Customer 1361,Female,33,Nagpur,Maharashtra,West,P2015,Furniture Product 2015,Home & Kitchen,Furniture,1,17477.61,0.05,16603.73,Cash on Delivery,Completed,Returning
O101570,2026-06-30,C1147,Customer 1147,Male,42,Salem,Tamil Nadu,South,P2064,Furniture Product 2064,Home & Kitchen,Furniture,5,47477.55,0,237387.75,Net Banking,Completed,Returning
O101571,2025-03-17,C1026,Customer 1026,Female,54,Ahmedabad,Gujarat,West,P2003,Makeup Product 2003,Beauty,Makeup,2,44701.37,0.1,80462.47,UPI,Completed,Returning
O101572,2026-05-01,C1308,Customer 1308,Female,60,Ahmedabad,Gujarat,West,P2069,Mobiles Product 2069,Electronics,Mobiles,2,33564.3,0.1,60415.74,UPI,Completed,Returning
O101573,2025-03-29,C1093,Customer 1093,Female,48,Pune,Maharashtra,West,P2023,Accessories Product 2023,Electronics,Accessories,2,9651.38,0.1,17372.48,Debit Card,Cancelled,Returning
O101574,2025-08-20,C1406,Customer 1406,Female,24,Bengaluru,Karnataka,South,P2053,Mobiles Product 2053,Electronics,Mobiles,3,37147.78,0,111443.34,Credit Card,Completed,Returning
O101575,2025-01-07,C1232,Customer 1232,Female,21,Madurai,Tamil Nadu,South,P2037,Haircare Product 2037,Beauty,Haircare,3,29950.17,0.1,80865.46,Credit Card,Completed,New
O101576,2026-07-04,C1021,Customer 1021,Female,52,Lucknow,Uttar Pradesh,North,P2009,Skincare Product 2009,Beauty,Skincare,1,22588.57,0.2,18070.86,Cash on Delivery,Completed,Returning
O101577,2025-02-21,C1307,Customer 1307,Female,56,Ahmedabad,Gujarat,West,P2015,Furniture Product 2015,Home & Kitchen,Furniture,1,17477.61,0.05,16603.73,Credit Card,Completed,Returning
O101578,2026-01-31,C1038,Customer 1038,Male,42,Nagpur,Maharashtra,West,P2003,Makeup Product 2003,Beauty,Makeup,3,44701.37,0.25,100578.08,Cash on Delivery,Completed,Returning
O101579,2025-08-09,C1276,Customer 1276,Female,56,Mangaluru,Karnataka,South,P2093,Furniture Product 2093,Home & Kitchen,Furniture,3,15378.45,0.05,43828.58,Debit Card,Completed,Returning
O101580,2026-03-04,C1157,Customer 1157,Male,26,Vadodara,Gujarat,West,P2070,Men Product 2070,Fashion,Men,2,49797.81,0,99595.62,UPI,Cancelled,Returning
O101581,2025-05-23,C1179,Customer 1179,Male,31,Kolkata,West Bengal,East,P2017,Appliances Product 2017,Home & Kitchen,Appliances,5,35523.47,0.05,168736.48,Debit Card,Completed,Returning
O101582,2025-12-29,C1132,Customer 1132,Male,52,Noida,Uttar Pradesh,North,P2026,Furniture Product 2026,Home & Kitchen,Furniture,2,59877.66,0.1,107779.79,Credit Card,Completed,Returning
O101583,2026-01-17,C1311,Customer 1311,Female,36,Madurai,Tamil Nadu,South,P2021,Mobiles Product 2021,Electronics,Mobiles,1,68414.15,0.1,61572.73,UPI,Completed,Returning
O101584,2026-07-15,C1455,Customer 1455,Male,45,Mumbai,Maharashtra,West,P2072,Outdoor Product 2072,Sports,Outdoor,3,64391.57,0.1,173857.24,UPI,Completed,Returning
O101585,2025-10-04,C1348,Customer 1348,Female,24,Bengaluru,Karnataka,South,P2021,Mobiles Product 2021,Electronics,Mobiles,1,68414.15,0.1,61572.73,Credit Card,Cancelled,Returning
O101586,2025-09-28,C1028,Customer 1028,Female,43,Jaipur,Rajasthan,North,P2011,Footwear Product 2011,Fashion,Footwear,1,65143.66,0,65143.66,Debit Card,Completed,Returning
O101587,2025-01-14,C1260,Customer 1260,Male,27,Kolkata,West Bengal,East,P2038,Accessories Product 2038,Electronics,Accessories,1,15304.17,0.05,14538.96,Cash on Delivery,Completed,Returning
O101588,2025-10-25,C1406,Customer 1406,Female,24,Bengaluru,Karnataka,South,P2072,Outdoor Product 2072,Sports,Outdoor,3,64391.57,0.05,183515.97,Net Banking,Completed,Returning
O101589,2026-04-09,C1076,Customer 1076,Female,20,Hyderabad,Telangana,South,P2088,Men Product 2088,Fashion,Men,4,36148.31,0.25,108444.93,UPI,Completed,Returning
O101590,2026-06-11,C1429,Customer 1429,Male,23,Noida,Uttar Pradesh,North,P2035,Mobiles Product 2035,Electronics,Mobiles,1,38973.06,0.05,37024.41,Net Banking,Completed,Returning
O101591,2025-08-22,C1067,Customer 1067,Female,38,Salem,Tamil Nadu,South,P2014,Skincare Product 2014,Beauty,Skincare,1,73803.13,0.2,59042.5,UPI,Completed,Returning
O101592,2026-07-29,C1342,Customer 1342,Female,54,Bengaluru,Karnataka,South,P2014,Skincare Product 2014,Beauty,Skincare,2,73803.13,0.05,140225.95,UPI,Returned,Returning
O101593,2025-01-27,C1492,Customer 1492,Male,36,Udaipur,Rajasthan,North,P2010,Sportswear Product 2010,Sports,Sportswear,3,51133.3,0,153399.9,UPI,Completed,New
O101594,2026-04-16,C1194,Customer 1194,Male,60,Mangaluru,Karnataka,South,P2012,Fitness Product 2012,Sports,Fitness,2,70788.11,0.05,134497.41,Debit Card,Completed,Returning
O101595,2025-04-03,C1472,Customer 1472,Female,21,Mumbai,Maharashtra,West,P2038,Accessories Product 2038,Electronics,Accessories,2,15304.17,0.05,29077.92,UPI,Returned,Returning
O101596,2025-11-05,C1162,Customer 1162,Male,44,Kolkata,West Bengal,East,P2034,Men Product 2034,Fashion,Men,2,42105.76,0.25,63158.64,Credit Card,Completed,Returning
O101597,2025-02-21,C1347,Customer 1347,Male,36,Patna,Bihar,East,P2041,Accessories Product 2041,Electronics,Accessories,1,2659.49,0.15,2260.57,UPI,Completed,Returning
O101598,2025-11-15,C1439,Customer 1439,Male,24,Bhubaneswar,Odisha,East,P2010,Sportswear Product 2010,Sports,Sportswear,1,51133.3,0.2,40906.64,UPI,Completed,Returning
O101599,2025-06-30,C1361,Customer 1361,Female,33,Nagpur,Maharashtra,West,P2017,Appliances Product 2017,Home & Kitchen,Appliances,1,35523.47,0.15,30194.95,Cash on Delivery,Completed,Returning
O101600,2026-07-23,C1257,Customer 1257,Male,47,Lucknow,Uttar Pradesh,North,P2017,Appliances Product 2017,Home & Kitchen,Appliances,3,35523.47,0.1,95913.37,Cash on Delivery,Completed,Returning
O101601,2025-04-30,C1072,Customer 1072,Female,42,Kolkata,West Bengal,East,P2067,Laptops Product 2067,Electronics,Laptops,1,38592.36,0.15,32803.51,Debit Card,Completed,Returning
O101602,2025-02-12,C1087,Customer 1087,Female,22,Patna,Bihar,East,P2062,Makeup Product 2062,Beauty,Makeup,2,20979.04,0.1,37762.27,Debit Card,Completed,Returning
O101603,2025-09-17,C1422,Customer 1422,Female,35,Kozhikode,Kerala,South,P2095,Skincare Product 2095,Beauty,Skincare,1,33448.14,0.1,30103.33,Debit Card,Completed,Returning
O101604,2025-07-16,C1262,Customer 1262,Female,58,Kanpur,Uttar Pradesh,North,P2001,Accessories Product 2001,Electronics,Accessories,1,63975.38,0.05,60776.61,Net Banking,Cancelled,Returning
O101605,2025-09-12,C1214,Customer 1214,Male,33,Patna,Bihar,East,P2012,Fitness Product 2012,Sports,Fitness,1,70788.11,0.05,67248.7,Debit Card,Cancelled,Returning
O101606,2025-12-02,C1153,Customer 1153,Male,29,Kochi,Kerala,South,P2004,Kitchen Product 2004,Home & Kitchen,Kitchen,1,1952.63,0.1,1757.37,UPI,Completed,Returning
O101607,2026-07-07,C1210,Customer 1210,Male,42,New Delhi,Delhi,North,P2042,Sportswear Product 2042,Sports,Sportswear,1,46086.93,0,46086.93,UPI,Completed,Returning
O101608,2026-05-17,C1401,Customer 1401,Female,52,Warangal,Telangana,South,P2013,Appliances Product 2013,Home & Kitchen,Appliances,2,72349.68,0.1,130229.42,Credit Card,Completed,Returning
O101609,2025-09-12,C1061,Customer 1061,Male,59,Vadodara,Gujarat,West,P2098,Women Product 2098,Fashion,Women,1,18537.8,0.2,14830.24,Credit Card,Cancelled,Returning
O101610,2026-05-29,C1268,Customer 1268,Female,52,Noida,Uttar Pradesh,North,P2085,Fitness Product 2085,Sports,Fitness,2,48108.22,0.1,86594.8,Credit Card,Completed,Returning
O101611,2025-08-30,C1262,Customer 1262,Female,58,Kanpur,Uttar Pradesh,North,P2086,Mobiles Product 2086,Electronics,Mobiles,1,70060.46,0.1,63054.41,Net Banking,Completed,Returning
O101612,2025-05-29,C1218,Customer 1218,Male,42,Noida,Uttar Pradesh,North,P2004,Kitchen Product 2004,Home & Kitchen,Kitchen,2,1952.63,0,3905.26,Debit Card,Completed,Returning
O101613,2025-10-26,C1283,Customer 1283,Female,33,Kochi,Kerala,South,P2082,Makeup Product 2082,Beauty,Makeup,2,65159.86,0.15,110771.76,UPI,Cancelled,Returning
O101614,2026-03-29,C1136,Customer 1136,Male,22,New Delhi,Delhi,North,P2069,Mobiles Product 2069,Electronics,Mobiles,5,33564.3,0.05,159430.42,UPI,Completed,Returning
O101615,2026-01-28,C1467,Customer 1467,Female,45,Pune,Maharashtra,West,P2019,Accessories Product 2019,Electronics,Accessories,1,34190.91,0.25,25643.18,Debit Card,Returned,Returning
O101616,2025-07-31,C1380,Customer 1380,Male,49,Kolkata,West Bengal,East,P2002,Sportswear Product 2002,Sports,Sportswear,1,72675.18,0.25,54506.38,UPI,Completed,Returning
O101617,2026-06-22,C1362,Customer 1362,Male,28,Kozhikode,Kerala,South,P2012,Fitness Product 2012,Sports,Fitness,4,70788.11,0.2,226521.95,UPI,Returned,Returning
O101618,2026-08-17,C1449,Customer 1449,Male,45,Mumbai,Maharashtra,West,P2081,Men Product 2081,Fashion,Men,1,63359.53,0,63359.53,Net Banking,Completed,Returning
O101619,2026-08-18,C1441,Customer 1441,Male,47,Mysuru,Karnataka,South,P2074,Mobiles Product 2074,Electronics,Mobiles,3,18005.98,0.05,51317.04,Credit Card,Completed,Returning
O101620,2025-05-11,C1093,Customer 1093,Female,48,Pune,Maharashtra,West,P2098,Women Product 2098,Fashion,Women,1,18537.8,0.2,14830.24,Net Banking,Completed,Returning
O101621,2025-11-25,C1109,Customer 1109,Female,42,Bhubaneswar,Odisha,East,P2006,Accessories Product 2006,Electronics,Accessories,2,33608.93,0.15,57135.18,Net Banking,Cancelled,Returning
O101622,2025-09-13,C1241,Customer 1241,Female,36,Cuttack,Odisha,East,P2008,Mobiles Product 2008,Electronics,Mobiles,1,12522.7,0.2,10018.16,Cash on Delivery,Completed,Returning
O101623,2026-04-24,C1355,Customer 1355,Female,56,New Delhi,Delhi,North,P2051,Makeup Product 2051,Beauty,Makeup,4,3561.53,0.1,12821.51,UPI,Completed,Returning
O101624,2026-07-15,C1424,Customer 1424,Male,30,Noida,Uttar Pradesh,North,P2011,Footwear Product 2011,Fashion,Footwear,2,65143.66,0.1,117258.59,UPI,Completed,Returning
O101625,2025-03-04,C1142,Customer 1142,Male,32,Coimbatore,Tamil Nadu,South,P2063,Women Product 2063,Fashion,Women,1,27128.58,0,27128.58,UPI,Completed,New
O101626,2025-11-07,C1291,Customer 1291,Male,31,New Delhi,Delhi,North,P2057,Skincare Product 2057,Beauty,Skincare,1,63514.52,0.15,53987.34,UPI,Completed,Returning
O101627,2026-02-11,C1432,Customer 1432,Female,51,Cuttack,Odisha,East,P2012,Fitness Product 2012,Sports,Fitness,1,70788.11,0.15,60169.89,Credit Card,Completed,Returning
O101628,2025-04-15,C1237,Customer 1237,Female,38,Thrissur,Kerala,South,P2073,Mobiles Product 2073,Electronics,Mobiles,2,58078.44,0,116156.88,Net Banking,Completed,Returning
O101629,2025-01-15,C1340,Customer 1340,Female,53,Kolkata,West Bengal,East,P2002,Sportswear Product 2002,Sports,Sportswear,1,72675.18,0,72675.18,Cash on Delivery,Completed,New
O101630,2025-09-16,C1312,Customer 1312,Male,28,Jodhpur,Rajasthan,North,P2008,Mobiles Product 2008,Electronics,Mobiles,1,12522.7,0.1,11270.43,Cash on Delivery,Completed,Returning
O101631,2026-02-16,C1177,Customer 1177,Male,51,Surat,Gujarat,West,P2011,Footwear Product 2011,Fashion,Footwear,2,65143.66,0.15,110744.22,Credit Card,Completed,Returning
O101632,2025-09-16,C1141,Customer 1141,Female,48,Ahmedabad,Gujarat,West,P2053,Mobiles Product 2053,Electronics,Mobiles,1,37147.78,0,37147.78,Debit Card,Completed,Returning
O101633,2025-09-17,C1189,Customer 1189,Male,41,New Delhi,Delhi,North,P2100,Mobiles Product 2100,Electronics,Mobiles,1,51807.65,0.05,49217.27,UPI,Completed,Returning
O101634,2025-02-14,C1486,Customer 1486,Female,58,Cuttack,Odisha,East,P2010,Sportswear Product 2010,Sports,Sportswear,1,51133.3,0,51133.3,Credit Card,Completed,New
O101635,2025-11-27,C1049,Customer 1049,Female,25,Salem,Tamil Nadu,South,P2085,Fitness Product 2085,Sports,Fitness,2,48108.22,0,96216.44,Cash on Delivery,Completed,Returning
O101636,2025-06-14,C1302,Customer 1302,Male,55,Chennai,Tamil Nadu,South,P2084,Fitness Product 2084,Sports,Fitness,5,39978.36,0.2,159913.44,UPI,Completed,Returning
O101637,2025-07-12,C1369,Customer 1369,Male,53,New Delhi,Delhi,North,P2008,Mobiles Product 2008,Electronics,Mobiles,1,12522.7,0.15,10644.3,Credit Card,Completed,Returning
O101638,2026-06-05,C1190,Customer 1190,Female,32,New Delhi,Delhi,North,P2036,Mobiles Product 2036,Electronics,Mobiles,3,6463.39,0.15,16481.64,Cash on Delivery,Completed,Returning
O101639,2026-02-05,C1136,Customer 1136,Male,22,New Delhi,Delhi,North,P2093,Furniture Product 2093,Home & Kitchen,Furniture,1,15378.45,0.15,13071.68,UPI,Completed,Returning
O101640,2026-01-09,C1043,Customer 1043,Female,51,Warangal,Telangana,South,P2076,Laptops Product 2076,Electronics,Laptops,1,33823.68,0.05,32132.5,Cash on Delivery,Completed,Returning
O101641,2025-03-06,C1404,Customer 1404,Male,49,Vadodara,Gujarat,West,P2014,Skincare Product 2014,Beauty,Skincare,2,73803.13,0.15,125465.32,UPI,Completed,New
O101642,2026-01-22,C1380,Customer 1380,Male,49,Kolkata,West Bengal,East,P2054,Accessories Product 2054,Electronics,Accessories,1,51113.05,0.25,38334.79,Cash on Delivery,Completed,Returning
O101643,2026-05-10,C1353,Customer 1353,Male,42,Jodhpur,Rajasthan,North,P2085,Fitness Product 2085,Sports,Fitness,2,48108.22,0.15,81783.97,Credit Card,Cancelled,Returning
O101644,2026-02-19,C1090,Customer 1090,Female,35,Mysuru,Karnataka,South,P2086,Mobiles Product 2086,Electronics,Mobiles,3,70060.46,0.05,199672.31,UPI,Completed,Returning
O101645,2025-01-30,C1295,Customer 1295,Female,27,Ahmedabad,Gujarat,West,P2021,Mobiles Product 2021,Electronics,Mobiles,4,68414.15,0.15,232608.11,UPI,Completed,New
O101646,2025-09-23,C1341,Customer 1341,Male,60,Kozhikode,Kerala,South,P2050,Fitness Product 2050,Sports,Fitness,1,13904.21,0.2,11123.37,Debit Card,Completed,Returning
O101647,2025-11-24,C1245,Customer 1245,Male,55,Mumbai,Maharashtra,West,P2094,Women Product 2094,Fashion,Women,1,14369.68,0,14369.68,Cash on Delivery,Completed,Returning
O101648,2026-05-07,C1433,Customer 1433,Male,22,Warangal,Telangana,South,P2039,Footwear Product 2039,Fashion,Footwear,5,15251.22,0.05,72443.29,Debit Card,Completed,Returning
O101649,2025-08-05,C1192,Customer 1192,Male,55,Hyderabad,Telangana,South,P2020,Footwear Product 2020,Fashion,Footwear,1,47078.66,0.2,37662.93,Cash on Delivery,Completed,Returning
O101650,2025-11-16,C1318,Customer 1318,Male,32,Kozhikode,Kerala,South,P2088,Men Product 2088,Fashion,Men,2,36148.31,0.2,57837.3,Net Banking,Completed,Returning
O101651,2026-02-03,C1106,Customer 1106,Female,52,Mysuru,Karnataka,South,P2087,Kitchen Product 2087,Home & Kitchen,Kitchen,1,43974.9,0.1,39577.41,UPI,Completed,Returning
O101652,2025-04-15,C1363,Customer 1363,Male,20,Thrissur,Kerala,South,P2007,Mobiles Product 2007,Electronics,Mobiles,1,70839.48,0.05,67297.51,Debit Card,Completed,Returning
O101653,2025-11-26,C1310,Customer 1310,Female,46,New Delhi,Delhi,North,P2009,Skincare Product 2009,Beauty,Skincare,1,22588.57,0.05,21459.14,UPI,Completed,Returning
O101654,2025-02-16,C1382,Customer 1382,Female,36,Chennai,Tamil Nadu,South,P2001,Accessories Product 2001,Electronics,Accessories,3,63975.38,0.1,172733.53,Credit Card,Completed,Returning
O101655,2026-08-22,C1233,Customer 1233,Female,24,Patna,Bihar,East,P2026,Furniture Product 2026,Home & Kitchen,Furniture,3,59877.66,0.2,143706.38,UPI,Completed,Returning
O101656,2025-11-10,C1265,Customer 1265,Male,32,Noida,Uttar Pradesh,North,P2038,Accessories Product 2038,Electronics,Accessories,1,15304.17,0,15304.17,UPI,Completed,Returning
O101657,2025-05-27,C1344,Customer 1344,Female,40,Salem,Tamil Nadu,South,P2038,Accessories Product 2038,Electronics,Accessories,3,15304.17,0.05,43616.88,Debit Card,Cancelled,Returning
O101658,2026-04-07,C1037,Customer 1037,Female,31,New Delhi,Delhi,North,P2061,Women Product 2061,Fashion,Women,1,44949.95,0.2,35959.96,UPI,Completed,Returning
O101659,2026-08-07,C1305,Customer 1305,Female,47,Madurai,Tamil Nadu,South,P2044,Makeup Product 2044,Beauty,Makeup,1,61167.44,0.05,58109.07,Debit Card,Completed,Returning
O101660,2026-05-01,C1041,Customer 1041,Male,53,Ahmedabad,Gujarat,West,P2086,Mobiles Product 2086,Electronics,Mobiles,2,70060.46,0.15,119102.78,Cash on Delivery,Cancelled,Returning
O101661,2026-02-14,C1017,Customer 1017,Female,21,New Delhi,Delhi,North,P2044,Makeup Product 2044,Beauty,Makeup,2,61167.44,0.05,116218.14,UPI,Completed,Returning
O101662,2025-01-27,C1344,Customer 1344,Female,40,Salem,Tamil Nadu,South,P2074,Mobiles Product 2074,Electronics,Mobiles,1,18005.98,0.15,15305.08,Net Banking,Completed,New
O101663,2025-01-29,C1277,Customer 1277,Male,55,Cuttack,Odisha,East,P2062,Makeup Product 2062,Beauty,Makeup,1,20979.04,0.25,15734.28,Debit Card,Completed,Returning
O101664,2025-09-28,C1307,Customer 1307,Female,56,Ahmedabad,Gujarat,West,P2006,Accessories Product 2006,Electronics,Accessories,5,33608.93,0.05,159642.42,UPI,Completed,Returning
O101665,2026-05-16,C1059,Customer 1059,Male,49,Patna,Bihar,East,P2017,Appliances Product 2017,Home & Kitchen,Appliances,3,35523.47,0.15,90584.85,Net Banking,Cancelled,Returning
O101666,2025-09-10,C1423,Customer 1423,Female,50,Chennai,Tamil Nadu,South,P2051,Makeup Product 2051,Beauty,Makeup,3,3561.53,0.25,8013.44,UPI,Completed,Returning
O101667,2026-01-20,C1183,Customer 1183,Female,54,Chennai,Tamil Nadu,South,P2038,Accessories Product 2038,Electronics,Accessories,1,15304.17,0.25,11478.13,UPI,Completed,Returning
O101668,2025-03-01,C1041,Customer 1041,Male,53,Ahmedabad,Gujarat,West,P2024,Men Product 2024,Fashion,Men,2,15279.2,0.1,27502.56,UPI,Completed,New
O101669,2025-04-17,C1039,Customer 1039,Male,34,Warangal,Telangana,South,P2051,Makeup Product 2051,Beauty,Makeup,1,3561.53,0.1,3205.38,Credit Card,Completed,Returning
O101670,2025-08-08,C1397,Customer 1397,Female,34,Kochi,Kerala,South,P2010,Sportswear Product 2010,Sports,Sportswear,5,51133.3,0.05,242883.18,Credit Card,Cancelled,Returning
O101671,2026-03-17,C1192,Customer 1192,Male,55,Hyderabad,Telangana,South,P2072,Outdoor Product 2072,Sports,Outdoor,1,64391.57,0.05,61171.99,Credit Card,Completed,Returning
O101672,2026-07-18,C1267,Customer 1267,Female,44,Warangal,Telangana,South,P2021,Mobiles Product 2021,Electronics,Mobiles,1,68414.15,0.1,61572.73,UPI,Completed,Returning
O101673,2026-07-26,C1494,Customer 1494,Female,39,Kochi,Kerala,South,P2070,Men Product 2070,Fashion,Men,1,49797.81,0,49797.81,Net Banking,Returned,Returning
O101674,2026-06-30,C1147,Customer 1147,Male,42,Salem,Tamil Nadu,South,P2085,Fitness Product 2085,Sports,Fitness,3,48108.22,0.15,122675.96,Cash on Delivery,Completed,Returning
O101675,2025-04-06,C1395,Customer 1395,Male,37,Kolkata,West Bengal,East,P2057,Skincare Product 2057,Beauty,Skincare,3,63514.52,0.1,171489.2,Credit Card,Completed,Returning
O101676,2025-03-30,C1333,Customer 1333,Female,40,Hyderabad,Telangana,South,P2039,Footwear Product 2039,Fashion,Footwear,1,15251.22,0.2,12200.98,UPI,Completed,Returning
O101677,2025-08-19,C1127,Customer 1127,Female,46,Nagpur,Maharashtra,West,P2088,Men Product 2088,Fashion,Men,2,36148.31,0.15,61452.13,UPI,Completed,Returning
O101678,2025-10-02,C1046,Customer 1046,Female,44,Warangal,Telangana,South,P2033,Footwear Product 2033,Fashion,Footwear,3,37566.95,0.05,107065.81,Net Banking,Completed,Returning
O101679,2025-09-03,C1045,Customer 1045,Female,41,Cuttack,Odisha,East,P2059,Mobiles Product 2059,Electronics,Mobiles,1,38695.49,0.1,34825.94,UPI,Completed,Returning
O101680,2025-04-21,C1001,Customer 1001,Male,40,Hyderabad,Telangana,South,P2018,Women Product 2018,Fashion,Women,3,15516.48,0.15,39567.02,UPI,Completed,New
O101681,2025-08-22,C1168,Customer 1168,Male,43,Warangal,Telangana,South,P2056,Fitness Product 2056,Sports,Fitness,4,65159.96,0,260639.84,Credit Card,Completed,Returning
O101682,2025-10-05,C1108,Customer 1108,Female,56,New Delhi,Delhi,North,P2092,Footwear Product 2092,Fashion,Footwear,1,2539.03,0,2539.03,Debit Card,Completed,Returning
O101683,2026-04-22,C1019,Customer 1019,Female,36,Vadodara,Gujarat,West,P2057,Skincare Product 2057,Beauty,Skincare,1,63514.52,0.2,50811.62,Credit Card,Completed,Returning
O101684,2026-02-21,C1332,Customer 1332,Male,30,Kochi,Kerala,South,P2096,Outdoor Product 2096,Sports,Outdoor,1,19371.4,0,19371.4,UPI,Completed,Returning
O101685,2025-05-08,C1072,Customer 1072,Female,42,Kolkata,West Bengal,East,P2076,Laptops Product 2076,Electronics,Laptops,1,33823.68,0.2,27058.94,Debit Card,Cancelled,Returning
O101686,2025-08-25,C1456,Customer 1456,Male,41,Kolkata,West Bengal,East,P2048,Accessories Product 2048,Electronics,Accessories,1,48876.98,0.2,39101.58,Debit Card,Completed,Returning
O101687,2025-05-08,C1445,Customer 1445,Female,20,Lucknow,Uttar Pradesh,North,P2042,Sportswear Product 2042,Sports,Sportswear,2,46086.93,0.1,82956.47,Debit Card,Completed,Returning
O101688,2026-01-29,C1109,Customer 1109,Female,42,Bhubaneswar,Odisha,East,P2027,Kitchen Product 2027,Home & Kitchen,Kitchen,2,11473.67,0.15,19505.24,UPI,Cancelled,Returning
O101689,2026-04-20,C1268,Customer 1268,Female,52,Noida,Uttar Pradesh,North,P2074,Mobiles Product 2074,Electronics,Mobiles,1,18005.98,0.05,17105.68,Net Banking,Completed,Returning
O101690,2026-01-30,C1445,Customer 1445,Female,20,Lucknow,Uttar Pradesh,North,P2052,Laptops Product 2052,Electronics,Laptops,2,54024.37,0.2,86438.99,Credit Card,Completed,Returning
O101691,2025-04-21,C1240,Customer 1240,Female,41,Surat,Gujarat,West,P2042,Sportswear Product 2042,Sports,Sportswear,2,46086.93,0.15,78347.78,Credit Card,Completed,Returning
O101692,2025-03-31,C1417,Customer 1417,Male,25,New Delhi,Delhi,North,P2032,Mobiles Product 2032,Electronics,Mobiles,4,7978.59,0,31914.36,Credit Card,Completed,Returning
O101693,2025-10-07,C1301,Customer 1301,Male,47,Jodhpur,Rajasthan,North,P2026,Furniture Product 2026,Home & Kitchen,Furniture,1,59877.66,0.1,53889.89,UPI,Completed,Returning
O101694,2025-11-29,C1090,Customer 1090,Female,35,Mysuru,Karnataka,South,P2025,Footwear Product 2025,Fashion,Footwear,2,48968.5,0.1,88143.3,UPI,Completed,Returning
O101695,2025-08-12,C1103,Customer 1103,Female,40,Mumbai,Maharashtra,West,P2075,Laptops Product 2075,Electronics,Laptops,4,5790.21,0,23160.84,UPI,Completed,Returning
O101696,2025-04-11,C1476,Customer 1476,Female,22,Patna,Bihar,East,P2023,Accessories Product 2023,Electronics,Accessories,2,9651.38,0.25,14477.07,Credit Card,Completed,Returning
O101697,2025-05-12,C1250,Customer 1250,Male,46,Noida,Uttar Pradesh,North,P2098,Women Product 2098,Fashion,Women,1,18537.8,0.05,17610.91,Credit Card,Completed,Returning
O101698,2025-01-13,C1453,Customer 1453,Female,46,Patna,Bihar,East,P2057,Skincare Product 2057,Beauty,Skincare,1,63514.52,0.1,57163.07,Debit Card,Completed,Returning
O101699,2026-04-02,C1008,Customer 1008,Male,50,Kozhikode,Kerala,South,P2052,Laptops Product 2052,Electronics,Laptops,3,54024.37,0,162073.11,UPI,Completed,Returning
O101700,2026-03-17,C1153,Customer 1153,Male,29,Kochi,Kerala,South,P2087,Kitchen Product 2087,Home & Kitchen,Kitchen,1,43974.9,0.1,39577.41,Cash on Delivery,Completed,Returning
O101701,2025-04-08,C1347,Customer 1347,Male,36,Patna,Bihar,East,P2093,Furniture Product 2093,Home & Kitchen,Furniture,4,15378.45,0.15,52286.73,UPI,Completed,Returning
O101702,2025-04-30,C1174,Customer 1174,Female,51,Udaipur,Rajasthan,North,P2031,Makeup Product 2031,Beauty,Makeup,3,36193.87,0.1,97723.45,Credit Card,Completed,Returning
O101703,2025-10-20,C1343,Customer 1343,Male,20,Patna,Bihar,East,P2064,Furniture Product 2064,Home & Kitchen,Furniture,1,47477.55,0.15,40355.92,UPI,Completed,Returning
O101704,2025-01-01,C1158,Customer 1158,Female,23,Kozhikode,Kerala,South,P2071,Mobiles Product 2071,Electronics,Mobiles,2,29513.79,0.15,50173.44,Debit Card,Cancelled,New
O101705,2026-07-26,C1493,Customer 1493,Male,32,New Delhi,Delhi,North,P2033,Footwear Product 2033,Fashion,Footwear,1,37566.95,0.05,35688.6,Debit Card,Completed,Returning
O101706,2025-09-07,C1431,Customer 1431,Male,22,Vadodara,Gujarat,West,P2085,Fitness Product 2085,Sports,Fitness,1,48108.22,0.1,43297.4,Cash on Delivery,Completed,Returning
O101707,2025-05-29,C1215,Customer 1215,Male,50,Kolkata,West Bengal,East,P2002,Sportswear Product 2002,Sports,Sportswear,2,72675.18,0,145350.36,UPI,Cancelled,Returning
O101708,2026-01-30,C1177,Customer 1177,Male,51,Surat,Gujarat,West,P2018,Women Product 2018,Fashion,Women,2,15516.48,0,31032.96,UPI,Returned,Returning
O101709,2025-02-13,C1175,Customer 1175,Female,43,Madurai,Tamil Nadu,South,P2047,Laptops Product 2047,Electronics,Laptops,1,6397.76,0,6397.76,Debit Card,Completed,Returning
O101710,2025-02-13,C1340,Customer 1340,Female,53,Kolkata,West Bengal,East,P2033,Footwear Product 2033,Fashion,Footwear,3,37566.95,0.2,90160.68,Debit Card,Completed,Returning
O101711,2025-03-19,C1338,Customer 1338,Male,32,Thrissur,Kerala,South,P2098,Women Product 2098,Fashion,Women,1,18537.8,0.25,13903.35,Cash on Delivery,Completed,Returning
O101712,2025-08-14,C1146,Customer 1146,Male,54,Salem,Tamil Nadu,South,P2084,Fitness Product 2084,Sports,Fitness,1,39978.36,0,39978.36,UPI,Completed,Returning
O101713,2025-06-11,C1450,Customer 1450,Female,53,Kanpur,Uttar Pradesh,North,P2035,Mobiles Product 2035,Electronics,Mobiles,1,38973.06,0.05,37024.41,Debit Card,Completed,Returning
O101714,2025-09-10,C1324,Customer 1324,Female,21,Kozhikode,Kerala,South,P2051,Makeup Product 2051,Beauty,Makeup,1,3561.53,0,3561.53,UPI,Completed,Returning
O101715,2025-05-12,C1478,Customer 1478,Female,37,Cuttack,Odisha,East,P2018,Women Product 2018,Fashion,Women,4,15516.48,0.15,52756.03,Credit Card,Completed,New
O101716,2026-03-24,C1161,Customer 1161,Male,55,New Delhi,Delhi,North,P2088,Men Product 2088,Fashion,Men,2,36148.31,0.1,65066.96,UPI,Completed,Returning
O101717,2026-04-19,C1127,Customer 1127,Female,46,Nagpur,Maharashtra,West,P2072,Outdoor Product 2072,Sports,Outdoor,2,64391.57,0.1,115904.83,Debit Card,Completed,Returning
O101718,2025-04-19,C1420,Customer 1420,Female,30,Madurai,Tamil Nadu,South,P2030,Men Product 2030,Fashion,Men,2,64551.14,0.1,116192.05,Debit Card,Returned,Returning
O101719,2025-02-04,C1082,Customer 1082,Female,35,New Delhi,Delhi,North,P2044,Makeup Product 2044,Beauty,Makeup,1,61167.44,0.15,51992.32,UPI,Returned,Returning
O101720,2026-04-12,C1485,Customer 1485,Male,29,Pune,Maharashtra,West,P2053,Mobiles Product 2053,Electronics,Mobiles,1,37147.78,0.05,35290.39,UPI,Completed,Returning
O101721,2025-10-02,C1147,Customer 1147,Male,42,Salem,Tamil Nadu,South,P2010,Sportswear Product 2010,Sports,Sportswear,2,51133.3,0,102266.6,Credit Card,Completed,Returning
O101722,2025-07-06,C1239,Customer 1239,Male,20,Kanpur,Uttar Pradesh,North,P2087,Kitchen Product 2087,Home & Kitchen,Kitchen,4,43974.9,0,175899.6,UPI,Returned,Returning
O101723,2025-08-31,C1412,Customer 1412,Female,36,Ahmedabad,Gujarat,West,P2052,Laptops Product 2052,Electronics,Laptops,3,54024.37,0.1,145865.8,UPI,Completed,Returning
O101724,2025-09-21,C1424,Customer 1424,Male,30,Noida,Uttar Pradesh,North,P2049,Appliances Product 2049,Home & Kitchen,Appliances,1,16675.28,0.2,13340.22,UPI,Completed,Returning
O101725,2026-06-06,C1084,Customer 1084,Female,24,Mumbai,Maharashtra,West,P2011,Footwear Product 2011,Fashion,Footwear,1,65143.66,0.05,61886.48,Net Banking,Completed,Returning
O101726,2026-06-25,C1113,Customer 1113,Female,53,Kochi,Kerala,South,P2066,Furniture Product 2066,Home & Kitchen,Furniture,1,13722.33,0,13722.33,Credit Card,Completed,Returning
O101727,2025-03-28,C1225,Customer 1225,Female,36,Hyderabad,Telangana,South,P2058,Women Product 2058,Fashion,Women,1,74077.42,0.2,59261.94,UPI,Completed,New
O101728,2026-06-19,C1332,Customer 1332,Male,30,Kochi,Kerala,South,P2090,Men Product 2090,Fashion,Men,1,43634.38,0,43634.38,Cash on Delivery,Completed,Returning
O101729,2025-07-29,C1378,Customer 1378,Male,20,Bengaluru,Karnataka,South,P2036,Mobiles Product 2036,Electronics,Mobiles,2,6463.39,0,12926.78,UPI,Completed,Returning
O101730,2025-02-15,C1243,Customer 1243,Female,44,Chennai,Tamil Nadu,South,P2033,Footwear Product 2033,Fashion,Footwear,1,37566.95,0.2,30053.56,Net Banking,Cancelled,New
O101731,2026-04-12,C1143,Customer 1143,Female,31,Udaipur,Rajasthan,North,P2047,Laptops Product 2047,Electronics,Laptops,2,6397.76,0.15,10876.19,Credit Card,Completed,Returning
O101732,2026-06-24,C1041,Customer 1041,Male,53,Ahmedabad,Gujarat,West,P2013,Appliances Product 2013,Home & Kitchen,Appliances,2,72349.68,0.1,130229.42,Cash on Delivery,Completed,Returning
O101733,2025-01-26,C1423,Customer 1423,Female,50,Chennai,Tamil Nadu,South,P2040,Mobiles Product 2040,Electronics,Mobiles,1,71380.78,0.15,60673.66,Credit Card,Completed,New
O101734,2025-09-23,C1258,Customer 1258,Female,39,Mumbai,Maharashtra,West,P2089,Women Product 2089,Fashion,Women,2,71400.34,0.15,121380.58,Debit Card,Completed,Returning
O101735,2025-06-24,C1447,Customer 1447,Male,60,Mangaluru,Karnataka,South,P2068,Furniture Product 2068,Home & Kitchen,Furniture,1,37073.16,0,37073.16,UPI,Completed,Returning
O101736,2026-05-31,C1285,Customer 1285,Female,50,New Delhi,Delhi,North,P2042,Sportswear Product 2042,Sports,Sportswear,2,46086.93,0.15,78347.78,Cash on Delivery,Completed,Returning
O101737,2025-11-07,C1105,Customer 1105,Female,55,Patna,Bihar,East,P2019,Accessories Product 2019,Electronics,Accessories,3,34190.91,0.1,92315.46,Credit Card,Completed,Returning
O101738,2025-11-18,C1202,Customer 1202,Female,38,Bhubaneswar,Odisha,East,P2082,Makeup Product 2082,Beauty,Makeup,2,65159.86,0.25,97739.79,Credit Card,Completed,Returning
O101739,2026-08-02,C1450,Customer 1450,Female,53,Kanpur,Uttar Pradesh,North,P2094,Women Product 2094,Fashion,Women,4,14369.68,0.25,43109.04,UPI,Completed,Returning
O101740,2025-05-15,C1307,Customer 1307,Female,56,Ahmedabad,Gujarat,West,P2019,Accessories Product 2019,Electronics,Accessories,1,34190.91,0.05,32481.36,Cash on Delivery,Cancelled,Returning
O101741,2025-02-24,C1331,Customer 1331,Male,51,Vadodara,Gujarat,West,P2058,Women Product 2058,Fashion,Women,2,74077.42,0.1,133339.36,Debit Card,Completed,Returning
O101742,2026-06-27,C1461,Customer 1461,Female,20,Vadodara,Gujarat,West,P2023,Accessories Product 2023,Electronics,Accessories,2,9651.38,0,19302.76,UPI,Completed,Returning
O101743,2026-08-09,C1266,Customer 1266,Female,47,Thrissur,Kerala,South,P2054,Accessories Product 2054,Electronics,Accessories,2,51113.05,0,102226.1,UPI,Completed,Returning
O101744,2026-06-15,C1398,Customer 1398,Female,46,Jaipur,Rajasthan,North,P2080,Mobiles Product 2080,Electronics,Mobiles,3,26947.88,0.1,72759.28,Credit Card,Completed,Returning
O101745,2025-06-05,C1210,Customer 1210,Male,42,New Delhi,Delhi,North,P2065,Makeup Product 2065,Beauty,Makeup,2,58267.22,0.15,99054.27,UPI,Completed,Returning
O101746,2025-05-27,C1051,Customer 1051,Male,56,Vadodara,Gujarat,West,P2012,Fitness Product 2012,Sports,Fitness,3,70788.11,0.1,191127.9,UPI,Returned,Returning
O101747,2026-04-30,C1118,Customer 1118,Female,20,Patna,Bihar,East,P2024,Men Product 2024,Fashion,Men,1,15279.2,0.1,13751.28,Cash on Delivery,Completed,Returning
O101748,2026-08-22,C1201,Customer 1201,Male,50,Cuttack,Odisha,East,P2034,Men Product 2034,Fashion,Men,1,42105.76,0.15,35789.9,Debit Card,Completed,Returning
O101749,2025-01-20,C1377,Customer 1377,Female,31,Jaipur,Rajasthan,North,P2053,Mobiles Product 2053,Electronics,Mobiles,2,37147.78,0.15,63151.23,Cash on Delivery,Cancelled,New
O101750,2025-09-26,C1039,Customer 1039,Male,34,Warangal,Telangana,South,P2008,Mobiles Product 2008,Electronics,Mobiles,2,12522.7,0.15,21288.59,Credit Card,Completed,Returning
O101751,2025-11-29,C1028,Customer 1028,Female,43,Jaipur,Rajasthan,North,P2018,Women Product 2018,Fashion,Women,4,15516.48,0,62065.92,Debit Card,Completed,Returning
O101752,2026-07-09,C1259,Customer 1259,Female,47,Noida,Uttar Pradesh,North,P2057,Skincare Product 2057,Beauty,Skincare,1,63514.52,0.15,53987.34,Credit Card,Completed,Returning
O101753,2026-02-05,C1084,Customer 1084,Female,24,Mumbai,Maharashtra,West,P2005,Appliances Product 2005,Home & Kitchen,Appliances,1,61463.29,0.2,49170.63,UPI,Returned,Returning
O101754,2025-11-02,C1454,Customer 1454,Female,28,Jaipur,Rajasthan,North,P2026,Furniture Product 2026,Home & Kitchen,Furniture,2,59877.66,0,119755.32,Credit Card,Completed,Returning
O101755,2025-01-28,C1155,Customer 1155,Male,53,Thrissur,Kerala,South,P2030,Men Product 2030,Fashion,Men,3,64551.14,0.05,183970.75,Credit Card,Cancelled,New
O101756,2026-04-12,C1117,Customer 1117,Male,51,Vadodara,Gujarat,West,P2054,Accessories Product 2054,Electronics,Accessories,4,51113.05,0.25,153339.15,Cash on Delivery,Completed,Returning
O101757,2025-09-17,C1002,Customer 1002,Female,51,Ahmedabad,Gujarat,West,P2013,Appliances Product 2013,Home & Kitchen,Appliances,1,72349.68,0.1,65114.71,Credit Card,Completed,Returning
O101758,2026-06-18,C1093,Customer 1093,Female,48,Pune,Maharashtra,West,P2083,Mobiles Product 2083,Electronics,Mobiles,1,2853.83,0.1,2568.45,Net Banking,Completed,Returning
O101759,2025-04-11,C1166,Customer 1166,Male,56,Jaipur,Rajasthan,North,P2029,Appliances Product 2029,Home & Kitchen,Appliances,1,54225.01,0,54225.01,Debit Card,Completed,Returning
O101760,2026-07-05,C1387,Customer 1387,Male,33,Hyderabad,Telangana,South,P2003,Makeup Product 2003,Beauty,Makeup,1,44701.37,0.1,40231.23,Credit Card,Returned,Returning
O101761,2025-12-19,C1400,Customer 1400,Male,57,Patna,Bihar,East,P2090,Men Product 2090,Fashion,Men,5,43634.38,0.1,196354.71,Credit Card,Completed,Returning
O101762,2025-10-27,C1350,Customer 1350,Male,24,New Delhi,Delhi,North,P2058,Women Product 2058,Fashion,Women,1,74077.42,0,74077.42,Credit Card,Completed,Returning
O101763,2025-10-23,C1296,Customer 1296,Female,57,Kolkata,West Bengal,East,P2076,Laptops Product 2076,Electronics,Laptops,1,33823.68,0.1,30441.31,UPI,Completed,Returning
O101764,2025-12-19,C1258,Customer 1258,Female,39,Mumbai,Maharashtra,West,P2002,Sportswear Product 2002,Sports,Sportswear,1,72675.18,0,72675.18,Net Banking,Completed,Returning
O101765,2025-05-10,C1081,Customer 1081,Male,20,Mysuru,Karnataka,South,P2075,Laptops Product 2075,Electronics,Laptops,1,5790.21,0.15,4921.68,Cash on Delivery,Completed,Returning
O101766,2025-06-05,C1425,Customer 1425,Female,35,New Delhi,Delhi,North,P2028,Furniture Product 2028,Home & Kitchen,Furniture,3,29619.27,0.25,66643.36,UPI,Cancelled,Returning
O101767,2025-03-15,C1268,Customer 1268,Female,52,Noida,Uttar Pradesh,North,P2082,Makeup Product 2082,Beauty,Makeup,1,65159.86,0.1,58643.87,Cash on Delivery,Completed,New
O101768,2025-12-08,C1419,Customer 1419,Female,32,Udaipur,Rajasthan,North,P2077,Men Product 2077,Fashion,Men,1,32487.3,0.1,29238.57,UPI,Completed,Returning
O101769,2026-04-10,C1235,Customer 1235,Female,56,Lucknow,Uttar Pradesh,North,P2086,Mobiles Product 2086,Electronics,Mobiles,4,70060.46,0.1,252217.66,Credit Card,Completed,Returning
O101770,2025-03-31,C1321,Customer 1321,Female,37,Thrissur,Kerala,South,P2076,Laptops Product 2076,Electronics,Laptops,1,33823.68,0,33823.68,Credit Card,Completed,Returning
O101771,2026-08-02,C1311,Customer 1311,Female,36,Madurai,Tamil Nadu,South,P2002,Sportswear Product 2002,Sports,Sportswear,2,72675.18,0.25,109012.77,UPI,Completed,Returning
O101772,2026-03-31,C1301,Customer 1301,Male,47,Jodhpur,Rajasthan,North,P2007,Mobiles Product 2007,Electronics,Mobiles,1,70839.48,0,70839.48,UPI,Returned,Returning
O101773,2025-11-28,C1463,Customer 1463,Female,54,New Delhi,Delhi,North,P2026,Furniture Product 2026,Home & Kitchen,Furniture,2,59877.66,0,119755.32,Credit Card,Completed,Returning
O101774,2025-12-14,C1474,Customer 1474,Female,33,Kolkata,West Bengal,East,P2090,Men Product 2090,Fashion,Men,1,43634.38,0.1,39270.94,UPI,Completed,Returning
O101775,2025-08-21,C1357,Customer 1357,Female,29,Bhubaneswar,Odisha,East,P2088,Men Product 2088,Fashion,Men,1,36148.31,0.1,32533.48,UPI,Cancelled,Returning
O101776,2026-08-21,C1213,Customer 1213,Male,58,Cuttack,Odisha,East,P2076,Laptops Product 2076,Electronics,Laptops,2,33823.68,0.05,64264.99,UPI,Cancelled,Returning
O101777,2025-04-12,C1062,Customer 1062,Male,35,Kolkata,West Bengal,East,P2016,Mobiles Product 2016,Electronics,Mobiles,1,48979.51,0,48979.51,UPI,Completed,Returning
O101778,2026-04-26,C1049,Customer 1049,Female,25,Salem,Tamil Nadu,South,P2023,Accessories Product 2023,Electronics,Accessories,2,9651.38,0.15,16407.35,UPI,Completed,Returning
O101779,2025-08-02,C1127,Customer 1127,Female,46,Nagpur,Maharashtra,West,P2040,Mobiles Product 2040,Electronics,Mobiles,1,71380.78,0.05,67811.74,Debit Card,Completed,Returning
O101780,2025-04-18,C1223,Customer 1223,Female,28,Patna,Bihar,East,P2060,Women Product 2060,Fashion,Women,2,54476.75,0,108953.5,Net Banking,Completed,Returning
O101781,2025-06-14,C1409,Customer 1409,Female,29,Kozhikode,Kerala,South,P2073,Mobiles Product 2073,Electronics,Mobiles,4,58078.44,0.05,220698.07,UPI,Completed,Returning
O101782,2026-08-26,C1279,Customer 1279,Male,38,Bhubaneswar,Odisha,East,P2032,Mobiles Product 2032,Electronics,Mobiles,1,7978.59,0,7978.59,UPI,Completed,Returning
O101783,2025-12-01,C1408,Customer 1408,Female,23,Patna,Bihar,East,P2015,Furniture Product 2015,Home & Kitchen,Furniture,1,17477.61,0.1,15729.85,Debit Card,Completed,Returning
O101784,2025-03-27,C1294,Customer 1294,Female,35,Bhubaneswar,Odisha,East,P2013,Appliances Product 2013,Home & Kitchen,Appliances,3,72349.68,0.1,195344.14,UPI,Cancelled,Returning
O101785,2026-02-28,C1284,Customer 1284,Male,34,Vadodara,Gujarat,West,P2005,Appliances Product 2005,Home & Kitchen,Appliances,2,61463.29,0.15,104487.59,Debit Card,Completed,Returning
O101786,2025-12-30,C1277,Customer 1277,Male,55,Cuttack,Odisha,East,P2075,Laptops Product 2075,Electronics,Laptops,1,5790.21,0.05,5500.7,UPI,Returned,Returning
O101787,2025-03-01,C1438,Customer 1438,Female,40,Pune,Maharashtra,West,P2074,Mobiles Product 2074,Electronics,Mobiles,2,18005.98,0,36011.96,UPI,Cancelled,Returning
O101788,2026-04-27,C1107,Customer 1107,Female,49,Pune,Maharashtra,West,P2052,Laptops Product 2052,Electronics,Laptops,1,54024.37,0,54024.37,UPI,Completed,Returning
O101789,2025-09-07,C1146,Customer 1146,Male,54,Salem,Tamil Nadu,South,P2077,Men Product 2077,Fashion,Men,1,32487.3,0.05,30862.94,UPI,Completed,Returning
O101790,2026-07-14,C1420,Customer 1420,Female,30,Madurai,Tamil Nadu,South,P2041,Accessories Product 2041,Electronics,Accessories,4,2659.49,0,10637.96,Net Banking,Completed,Returning
O101791,2025-04-27,C1099,Customer 1099,Female,31,Vadodara,Gujarat,West,P2053,Mobiles Product 2053,Electronics,Mobiles,3,37147.78,0.05,105871.17,UPI,Completed,New
O101792,2026-06-29,C1429,Customer 1429,Male,23,Noida,Uttar Pradesh,North,P2050,Fitness Product 2050,Sports,Fitness,2,13904.21,0,27808.42,Cash on Delivery,Completed,Returning
O101793,2025-02-13,C1375,Customer 1375,Male,53,Surat,Gujarat,West,P2015,Furniture Product 2015,Home & Kitchen,Furniture,1,17477.61,0.1,15729.85,UPI,Completed,New
O101794,2026-05-24,C1073,Customer 1073,Male,28,Ahmedabad,Gujarat,West,P2007,Mobiles Product 2007,Electronics,Mobiles,1,70839.48,0.05,67297.51,Cash on Delivery,Completed,Returning
O101795,2025-06-14,C1437,Customer 1437,Female,38,Jaipur,Rajasthan,North,P2040,Mobiles Product 2040,Electronics,Mobiles,3,71380.78,0,214142.34,UPI,Completed,Returning
O101796,2026-01-03,C1486,Customer 1486,Female,58,Cuttack,Odisha,East,P2028,Furniture Product 2028,Home & Kitchen,Furniture,1,29619.27,0.05,28138.31,UPI,Cancelled,Returning
O101797,2025-10-19,C1122,Customer 1122,Male,43,Nagpur,Maharashtra,West,P2032,Mobiles Product 2032,Electronics,Mobiles,1,7978.59,0,7978.59,Credit Card,Completed,Returning
O101798,2025-10-13,C1030,Customer 1030,Female,26,Bhubaneswar,Odisha,East,P2099,Sportswear Product 2099,Sports,Sportswear,1,42924.55,0.15,36485.87,UPI,Completed,Returning
O101799,2025-07-23,C1188,Customer 1188,Male,44,Warangal,Telangana,South,P2015,Furniture Product 2015,Home & Kitchen,Furniture,2,17477.61,0.05,33207.46,Net Banking,Completed,Returning
O101800,2026-06-08,C1364,Customer 1364,Female,32,Salem,Tamil Nadu,South,P2100,Mobiles Product 2100,Electronics,Mobiles,1,51807.65,0,51807.65,Credit Card,Completed,Returning
O101801,2025-05-01,C1354,Customer 1354,Female,56,Thrissur,Kerala,South,P2085,Fitness Product 2085,Sports,Fitness,1,48108.22,0.05,45702.81,Debit Card,Completed,Returning
O101802,2025-07-07,C1288,Customer 1288,Male,35,Warangal,Telangana,South,P2070,Men Product 2070,Fashion,Men,3,49797.81,0.05,141923.76,UPI,Completed,Returning
O101803,2025-01-13,C1451,Customer 1451,Female,33,Vadodara,Gujarat,West,P2065,Makeup Product 2065,Beauty,Makeup,2,58267.22,0.15,99054.27,Debit Card,Completed,New
O101804,2026-08-26,C1195,Customer 1195,Male,38,Cuttack,Odisha,East,P2004,Kitchen Product 2004,Home & Kitchen,Kitchen,1,1952.63,0.25,1464.47,Debit Card,Completed,Returning
O101805,2025-07-19,C1156,Customer 1156,Female,60,Vadodara,Gujarat,West,P2011,Footwear Product 2011,Fashion,Footwear,2,65143.66,0,130287.32,Net Banking,Completed,Returning
O101806,2026-08-09,C1172,Customer 1172,Male,37,Pune,Maharashtra,West,P2026,Furniture Product 2026,Home & Kitchen,Furniture,1,59877.66,0.15,50896.01,UPI,Completed,Returning
O101807,2026-04-01,C1335,Customer 1335,Female,44,New Delhi,Delhi,North,P2061,Women Product 2061,Fashion,Women,1,44949.95,0.05,42702.45,Cash on Delivery,Completed,Returning
O101808,2026-03-24,C1041,Customer 1041,Male,53,Ahmedabad,Gujarat,West,P2037,Haircare Product 2037,Beauty,Haircare,2,29950.17,0,59900.34,Cash on Delivery,Completed,Returning
O101809,2025-03-12,C1063,Customer 1063,Male,32,Ahmedabad,Gujarat,West,P2023,Accessories Product 2023,Electronics,Accessories,1,9651.38,0,9651.38,Net Banking,Completed,Returning
O101810,2026-08-13,C1023,Customer 1023,Female,58,Pune,Maharashtra,West,P2093,Furniture Product 2093,Home & Kitchen,Furniture,1,15378.45,0.2,12302.76,Debit Card,Completed,Returning
O101811,2025-05-10,C1360,Customer 1360,Male,40,Lucknow,Uttar Pradesh,North,P2085,Fitness Product 2085,Sports,Fitness,2,48108.22,0.05,91405.62,Credit Card,Completed,Returning
O101812,2025-02-12,C1075,Customer 1075,Male,20,Bhubaneswar,Odisha,East,P2091,Accessories Product 2091,Electronics,Accessories,4,36816.84,0.25,110450.52,UPI,Completed,New
O101813,2026-06-04,C1048,Customer 1048,Male,41,Ahmedabad,Gujarat,West,P2040,Mobiles Product 2040,Electronics,Mobiles,2,71380.78,0.1,128485.4,Cash on Delivery,Completed,Returning
O101814,2025-01-13,C1160,Customer 1160,Female,48,Kochi,Kerala,South,P2077,Men Product 2077,Fashion,Men,1,32487.3,0,32487.3,Cash on Delivery,Completed,New
O101815,2026-06-19,C1313,Customer 1313,Female,52,Chennai,Tamil Nadu,South,P2023,Accessories Product 2023,Electronics,Accessories,1,9651.38,0.15,8203.67,UPI,Completed,Returning
O101816,2025-10-29,C1118,Customer 1118,Female,20,Patna,Bihar,East,P2016,Mobiles Product 2016,Electronics,Mobiles,1,48979.51,0.2,39183.61,Credit Card,Cancelled,Returning
O101817,2026-06-11,C1100,Customer 1100,Male,35,Jaipur,Rajasthan,North,P2094,Women Product 2094,Fashion,Women,1,14369.68,0.15,12214.23,Cash on Delivery,Completed,Returning
O101818,2026-07-27,C1380,Customer 1380,Male,49,Kolkata,West Bengal,East,P2061,Women Product 2061,Fashion,Women,1,44949.95,0.15,38207.46,UPI,Cancelled,Returning
O101819,2025-04-25,C1417,Customer 1417,Male,25,New Delhi,Delhi,North,P2068,Furniture Product 2068,Home & Kitchen,Furniture,2,37073.16,0.05,70439,UPI,Completed,Returning
O101820,2026-04-05,C1408,Customer 1408,Female,23,Patna,Bihar,East,P2080,Mobiles Product 2080,Electronics,Mobiles,1,26947.88,0,26947.88,Cash on Delivery,Completed,Returning
O101821,2026-05-20,C1167,Customer 1167,Female,28,Bhubaneswar,Odisha,East,P2031,Makeup Product 2031,Beauty,Makeup,1,36193.87,0,36193.87,Net Banking,Completed,Returning
O101822,2025-11-04,C1290,Customer 1290,Female,30,Pune,Maharashtra,West,P2053,Mobiles Product 2053,Electronics,Mobiles,2,37147.78,0.1,66866,Cash on Delivery,Completed,Returning
O101823,2025-11-21,C1440,Customer 1440,Male,37,Vadodara,Gujarat,West,P2025,Footwear Product 2025,Fashion,Footwear,1,48968.5,0.25,36726.38,UPI,Returned,Returning
O101824,2026-08-02,C1156,Customer 1156,Female,60,Vadodara,Gujarat,West,P2044,Makeup Product 2044,Beauty,Makeup,5,61167.44,0.15,259961.62,UPI,Completed,Returning
O101825,2025-06-24,C1421,Customer 1421,Female,42,Mysuru,Karnataka,South,P2012,Fitness Product 2012,Sports,Fitness,1,70788.11,0.15,60169.89,Debit Card,Completed,Returning
O101826,2026-05-29,C1007,Customer 1007,Male,44,Patna,Bihar,East,P2090,Men Product 2090,Fashion,Men,3,43634.38,0.05,124357.98,Credit Card,Completed,Returning
O101827,2025-06-21,C1196,Customer 1196,Female,31,Kochi,Kerala,South,P2097,Footwear Product 2097,Fashion,Footwear,3,70862.68,0.15,180699.83,UPI,Returned,Returning
O101828,2026-05-17,C1421,Customer 1421,Female,42,Mysuru,Karnataka,South,P2092,Footwear Product 2092,Fashion,Footwear,3,2539.03,0.2,6093.67,Cash on Delivery,Cancelled,Returning
O101829,2025-11-30,C1056,Customer 1056,Female,23,New Delhi,Delhi,North,P2009,Skincare Product 2009,Beauty,Skincare,1,22588.57,0.1,20329.71,Cash on Delivery,Completed,Returning
O101830,2025-10-11,C1321,Customer 1321,Female,37,Thrissur,Kerala,South,P2012,Fitness Product 2012,Sports,Fitness,4,70788.11,0.1,254837.2,UPI,Completed,Returning
O101831,2026-04-20,C1193,Customer 1193,Male,31,Patna,Bihar,East,P2069,Mobiles Product 2069,Electronics,Mobiles,1,33564.3,0.15,28529.66,UPI,Completed,Returning
O101832,2025-02-23,C1047,Customer 1047,Female,41,Vadodara,Gujarat,West,P2054,Accessories Product 2054,Electronics,Accessories,1,51113.05,0.1,46001.74,UPI,Completed,New
O101833,2026-04-03,C1148,Customer 1148,Male,36,Jaipur,Rajasthan,North,P2054,Accessories Product 2054,Electronics,Accessories,1,51113.05,0.25,38334.79,Credit Card,Completed,Returning
O101834,2026-08-02,C1275,Customer 1275,Male,30,Cuttack,Odisha,East,P2028,Furniture Product 2028,Home & Kitchen,Furniture,1,29619.27,0.1,26657.34,UPI,Completed,Returning
O101835,2026-02-24,C1157,Customer 1157,Male,26,Vadodara,Gujarat,West,P2056,Fitness Product 2056,Sports,Fitness,1,65159.96,0,65159.96,Credit Card,Completed,Returning
O101836,2026-02-13,C1202,Customer 1202,Female,38,Bhubaneswar,Odisha,East,P2099,Sportswear Product 2099,Sports,Sportswear,1,42924.55,0.1,38632.1,Credit Card,Cancelled,Returning
O101837,2025-10-31,C1444,Customer 1444,Female,25,Warangal,Telangana,South,P2069,Mobiles Product 2069,Electronics,Mobiles,1,33564.3,0.05,31886.09,Cash on Delivery,Completed,Returning
O101838,2026-07-13,C1402,Customer 1402,Female,43,Nagpur,Maharashtra,West,P2098,Women Product 2098,Fashion,Women,2,18537.8,0.1,33368.04,UPI,Completed,Returning
O101839,2025-08-10,C1476,Customer 1476,Female,22,Patna,Bihar,East,P2098,Women Product 2098,Fashion,Women,1,18537.8,0,18537.8,Credit Card,Completed,Returning
O101840,2026-06-17,C1419,Customer 1419,Female,32,Udaipur,Rajasthan,North,P2077,Men Product 2077,Fashion,Men,2,32487.3,0.2,51979.68,Debit Card,Returned,Returning
O101841,2025-06-07,C1427,Customer 1427,Male,23,Kanpur,Uttar Pradesh,North,P2058,Women Product 2058,Fashion,Women,5,74077.42,0.2,296309.68,Debit Card,Completed,New
O101842,2025-12-14,C1495,Customer 1495,Male,44,Surat,Gujarat,West,P2078,Accessories Product 2078,Electronics,Accessories,1,71159.18,0,71159.18,Cash on Delivery,Completed,Returning
O101843,2025-06-08,C1479,Customer 1479,Male,57,Salem,Tamil Nadu,South,P2075,Laptops Product 2075,Electronics,Laptops,2,5790.21,0,11580.42,Debit Card,Completed,Returning
O101844,2025-08-23,C1475,Customer 1475,Male,26,Mysuru,Karnataka,South,P2042,Sportswear Product 2042,Sports,Sportswear,4,46086.93,0.1,165912.95,Cash on Delivery,Completed,Returning
O101845,2026-02-09,C1126,Customer 1126,Female,51,Pune,Maharashtra,West,P2038,Accessories Product 2038,Electronics,Accessories,1,15304.17,0.15,13008.54,UPI,Completed,Returning
O101846,2025-09-14,C1395,Customer 1395,Male,37,Kolkata,West Bengal,East,P2068,Furniture Product 2068,Home & Kitchen,Furniture,1,37073.16,0,37073.16,Credit Card,Completed,Returning
O101847,2026-08-12,C1305,Customer 1305,Female,47,Madurai,Tamil Nadu,South,P2053,Mobiles Product 2053,Electronics,Mobiles,3,37147.78,0,111443.34,Credit Card,Completed,Returning
O101848,2026-08-20,C1369,Customer 1369,Male,53,New Delhi,Delhi,North,P2033,Footwear Product 2033,Fashion,Footwear,4,37566.95,0.1,135241.02,Cash on Delivery,Completed,Returning
O101849,2026-07-12,C1294,Customer 1294,Female,35,Bhubaneswar,Odisha,East,P2071,Mobiles Product 2071,Electronics,Mobiles,2,29513.79,0.15,50173.44,UPI,Completed,Returning
O101850,2025-02-16,C1064,Customer 1064,Male,49,Hyderabad,Telangana,South,P2056,Fitness Product 2056,Sports,Fitness,1,65159.96,0.05,61901.96,UPI,Completed,New
O101851,2025-08-01,C1325,Customer 1325,Female,29,Mangaluru,Karnataka,South,P2072,Outdoor Product 2072,Sports,Outdoor,4,64391.57,0.15,218931.34,Debit Card,Completed,Returning
O101852,2026-04-24,C1392,Customer 1392,Male,53,Pune,Maharashtra,West,P2051,Makeup Product 2051,Beauty,Makeup,1,3561.53,0.25,2671.15,UPI,Completed,Returning
O101853,2026-05-02,C1418,Customer 1418,Female,21,Cuttack,Odisha,East,P2074,Mobiles Product 2074,Electronics,Mobiles,1,18005.98,0,18005.98,Debit Card,Completed,Returning
O101854,2026-07-25,C1176,Customer 1176,Female,42,Warangal,Telangana,South,P2043,Furniture Product 2043,Home & Kitchen,Furniture,1,47010.26,0.1,42309.23,Cash on Delivery,Completed,Returning
O101855,2026-07-20,C1116,Customer 1116,Female,38,New Delhi,Delhi,North,P2015,Furniture Product 2015,Home & Kitchen,Furniture,1,17477.61,0,17477.61,Cash on Delivery,Completed,Returning
O101856,2025-12-08,C1440,Customer 1440,Male,37,Vadodara,Gujarat,West,P2038,Accessories Product 2038,Electronics,Accessories,3,15304.17,0,45912.51,UPI,Completed,Returning
O101857,2026-06-08,C1204,Customer 1204,Male,24,Warangal,Telangana,South,P2015,Furniture Product 2015,Home & Kitchen,Furniture,3,17477.61,0,52432.83,UPI,Completed,Returning
O101858,2026-05-18,C1486,Customer 1486,Female,58,Cuttack,Odisha,East,P2005,Appliances Product 2005,Home & Kitchen,Appliances,2,61463.29,0.05,116780.25,Credit Card,Completed,Returning
O101859,2025-01-06,C1321,Customer 1321,Female,37,Thrissur,Kerala,South,P2093,Furniture Product 2093,Home & Kitchen,Furniture,1,15378.45,0.15,13071.68,Debit Card,Completed,New
O101860,2025-05-24,C1031,Customer 1031,Male,55,New Delhi,Delhi,North,P2083,Mobiles Product 2083,Electronics,Mobiles,2,2853.83,0.1,5136.89,Debit Card,Completed,Returning
O101861,2025-09-18,C1388,Customer 1388,Male,21,Patna,Bihar,East,P2054,Accessories Product 2054,Electronics,Accessories,2,51113.05,0.05,97114.8,Debit Card,Completed,Returning
O101862,2026-08-08,C1113,Customer 1113,Female,53,Kochi,Kerala,South,P2051,Makeup Product 2051,Beauty,Makeup,1,3561.53,0,3561.53,Debit Card,Returned,Returning
O101863,2025-08-20,C1365,Customer 1365,Male,23,Patna,Bihar,East,P2010,Sportswear Product 2010,Sports,Sportswear,4,51133.3,0.1,184079.88,UPI,Cancelled,Returning
O101864,2025-09-27,C1434,Customer 1434,Female,46,Kolkata,West Bengal,East,P2012,Fitness Product 2012,Sports,Fitness,3,70788.11,0,212364.33,Net Banking,Completed,Returning
O101865,2026-03-23,C1325,Customer 1325,Female,29,Mangaluru,Karnataka,South,P2004,Kitchen Product 2004,Home & Kitchen,Kitchen,2,1952.63,0.05,3710,UPI,Completed,Returning
O101866,2025-08-10,C1414,Customer 1414,Male,43,New Delhi,Delhi,North,P2095,Skincare Product 2095,Beauty,Skincare,1,33448.14,0.1,30103.33,UPI,Returned,Returning
O101867,2025-02-21,C1376,Customer 1376,Female,22,Pune,Maharashtra,West,P2018,Women Product 2018,Fashion,Women,2,15516.48,0.2,24826.37,Net Banking,Completed,Returning
O101868,2025-04-26,C1344,Customer 1344,Female,40,Salem,Tamil Nadu,South,P2080,Mobiles Product 2080,Electronics,Mobiles,4,26947.88,0,107791.52,Credit Card,Completed,Returning
O101869,2026-06-22,C1443,Customer 1443,Male,40,Kolkata,West Bengal,East,P2036,Mobiles Product 2036,Electronics,Mobiles,1,6463.39,0.1,5817.05,Debit Card,Completed,Returning
O101870,2026-07-19,C1067,Customer 1067,Female,38,Salem,Tamil Nadu,South,P2025,Footwear Product 2025,Fashion,Footwear,3,48968.5,0,146905.5,Credit Card,Completed,Returning
O101871,2026-06-25,C1075,Customer 1075,Male,20,Bhubaneswar,Odisha,East,P2087,Kitchen Product 2087,Home & Kitchen,Kitchen,1,43974.9,0.1,39577.41,UPI,Completed,Returning
O101872,2025-01-19,C1045,Customer 1045,Female,41,Cuttack,Odisha,East,P2076,Laptops Product 2076,Electronics,Laptops,2,33823.68,0.1,60882.62,UPI,Completed,New
O101873,2026-01-27,C1260,Customer 1260,Male,27,Kolkata,West Bengal,East,P2098,Women Product 2098,Fashion,Women,2,18537.8,0.15,31514.26,Debit Card,Completed,Returning
O101874,2026-02-23,C1154,Customer 1154,Male,45,Udaipur,Rajasthan,North,P2036,Mobiles Product 2036,Electronics,Mobiles,2,6463.39,0.1,11634.1,UPI,Completed,Returning
O101875,2025-11-05,C1155,Customer 1155,Male,53,Thrissur,Kerala,South,P2067,Laptops Product 2067,Electronics,Laptops,3,38592.36,0.05,109988.23,Debit Card,Completed,Returning
O101876,2025-07-05,C1430,Customer 1430,Female,44,Vadodara,Gujarat,West,P2009,Skincare Product 2009,Beauty,Skincare,1,22588.57,0.05,21459.14,Net Banking,Completed,Returning
O101877,2025-09-18,C1363,Customer 1363,Male,20,Thrissur,Kerala,South,P2061,Women Product 2061,Fashion,Women,1,44949.95,0,44949.95,Credit Card,Completed,Returning
O101878,2026-06-12,C1448,Customer 1448,Female,31,Coimbatore,Tamil Nadu,South,P2053,Mobiles Product 2053,Electronics,Mobiles,2,37147.78,0.1,66866,Cash on Delivery,Completed,Returning
O101879,2025-09-30,C1475,Customer 1475,Male,26,Mysuru,Karnataka,South,P2018,Women Product 2018,Fashion,Women,1,15516.48,0.2,12413.18,Net Banking,Completed,Returning
O101880,2025-06-09,C1234,Customer 1234,Female,48,Kolkata,West Bengal,East,P2043,Furniture Product 2043,Home & Kitchen,Furniture,1,47010.26,0.1,42309.23,Cash on Delivery,Completed,Returning
O101881,2025-08-12,C1051,Customer 1051,Male,56,Vadodara,Gujarat,West,P2035,Mobiles Product 2035,Electronics,Mobiles,1,38973.06,0.15,33127.1,Debit Card,Completed,Returning
O101882,2025-09-13,C1306,Customer 1306,Male,47,Hyderabad,Telangana,South,P2063,Women Product 2063,Fashion,Women,1,27128.58,0.05,25772.15,UPI,Completed,New
O101883,2025-06-29,C1262,Customer 1262,Female,58,Kanpur,Uttar Pradesh,North,P2098,Women Product 2098,Fashion,Women,2,18537.8,0.1,33368.04,Credit Card,Completed,Returning
O101884,2025-01-20,C1315,Customer 1315,Male,32,Kozhikode,Kerala,South,P2078,Accessories Product 2078,Electronics,Accessories,2,71159.18,0.05,135202.44,Debit Card,Completed,Returning
O101885,2026-04-13,C1125,Customer 1125,Male,47,Mumbai,Maharashtra,West,P2004,Kitchen Product 2004,Home & Kitchen,Kitchen,1,1952.63,0,1952.63,UPI,Returned,Returning
O101886,2025-07-29,C1399,Customer 1399,Female,53,Jodhpur,Rajasthan,North,P2093,Furniture Product 2093,Home & Kitchen,Furniture,1,15378.45,0.05,14609.53,Debit Card,Completed,Returning
O101887,2026-05-28,C1245,Customer 1245,Male,55,Mumbai,Maharashtra,West,P2041,Accessories Product 2041,Electronics,Accessories,1,2659.49,0.15,2260.57,Credit Card,Completed,Returning
O101888,2025-02-27,C1030,Customer 1030,Female,26,Bhubaneswar,Odisha,East,P2045,Laptops Product 2045,Electronics,Laptops,1,61352.14,0.05,58284.53,UPI,Completed,Returning
O101889,2025-04-03,C1426,Customer 1426,Male,27,Bengaluru,Karnataka,South,P2050,Fitness Product 2050,Sports,Fitness,1,13904.21,0.1,12513.79,Credit Card,Completed,Returning
O101890,2025-08-09,C1485,Customer 1485,Male,29,Pune,Maharashtra,West,P2079,Laptops Product 2079,Electronics,Laptops,1,12821.16,0.15,10897.99,UPI,Completed,Returning
O101891,2025-08-20,C1122,Customer 1122,Male,43,Nagpur,Maharashtra,West,P2028,Furniture Product 2028,Home & Kitchen,Furniture,2,29619.27,0.05,56276.61,UPI,Completed,Returning
O101892,2025-12-30,C1125,Customer 1125,Male,47,Mumbai,Maharashtra,West,P2042,Sportswear Product 2042,Sports,Sportswear,2,46086.93,0.15,78347.78,Cash on Delivery,Completed,Returning
O101893,2026-07-16,C1037,Customer 1037,Female,31,New Delhi,Delhi,North,P2080,Mobiles Product 2080,Electronics,Mobiles,1,26947.88,0.05,25600.49,Credit Card,Cancelled,Returning
O101894,2026-01-09,C1170,Customer 1170,Female,54,Lucknow,Uttar Pradesh,North,P2076,Laptops Product 2076,Electronics,Laptops,2,33823.68,0.05,64264.99,Credit Card,Completed,Returning
O101895,2026-04-01,C1124,Customer 1124,Male,21,Kozhikode,Kerala,South,P2069,Mobiles Product 2069,Electronics,Mobiles,4,33564.3,0.05,127544.34,UPI,Completed,Returning
O101896,2025-03-29,C1357,Customer 1357,Female,29,Bhubaneswar,Odisha,East,P2098,Women Product 2098,Fashion,Women,1,18537.8,0,18537.8,Credit Card,Completed,Returning
O101897,2025-01-20,C1035,Customer 1035,Female,35,Kozhikode,Kerala,South,P2001,Accessories Product 2001,Electronics,Accessories,1,63975.38,0.15,54379.07,UPI,Completed,Returning
O101898,2025-01-14,C1087,Customer 1087,Female,22,Patna,Bihar,East,P2039,Footwear Product 2039,Fashion,Footwear,2,15251.22,0.2,24401.95,Debit Card,Completed,New
O101899,2025-05-13,C1134,Customer 1134,Male,56,Kanpur,Uttar Pradesh,North,P2096,Outdoor Product 2096,Sports,Outdoor,1,19371.4,0.05,18402.83,Net Banking,Completed,Returning
O101900,2025-02-03,C1196,Customer 1196,Female,31,Kochi,Kerala,South,P2090,Men Product 2090,Fashion,Men,2,43634.38,0,87268.76,Net Banking,Completed,Returning
O101901,2025-07-27,C1274,Customer 1274,Female,40,Mangaluru,Karnataka,South,P2017,Appliances Product 2017,Home & Kitchen,Appliances,3,35523.47,0.05,101241.89,UPI,Cancelled,Returning
O101902,2025-07-18,C1201,Customer 1201,Male,50,Cuttack,Odisha,East,P2091,Accessories Product 2091,Electronics,Accessories,1,36816.84,0.1,33135.16,Credit Card,Completed,New
O101903,2026-08-15,C1369,Customer 1369,Male,53,New Delhi,Delhi,North,P2088,Men Product 2088,Fashion,Men,2,36148.31,0.05,68681.79,Net Banking,Completed,Returning
O101904,2026-08-06,C1285,Customer 1285,Female,50,New Delhi,Delhi,North,P2035,Mobiles Product 2035,Electronics,Mobiles,2,38973.06,0.1,70151.51,UPI,Completed,Returning
O101905,2025-06-04,C1077,Customer 1077,Female,53,Cuttack,Odisha,East,P2046,Appliances Product 2046,Home & Kitchen,Appliances,1,3344.33,0.15,2842.68,UPI,Completed,Returning
O101906,2026-08-13,C1059,Customer 1059,Male,49,Patna,Bihar,East,P2042,Sportswear Product 2042,Sports,Sportswear,1,46086.93,0.05,43782.58,Net Banking,Completed,Returning
O101907,2025-03-19,C1431,Customer 1431,Male,22,Vadodara,Gujarat,West,P2039,Footwear Product 2039,Fashion,Footwear,3,15251.22,0.25,34315.24,Net Banking,Completed,Returning
O101908,2025-06-21,C1126,Customer 1126,Female,51,Pune,Maharashtra,West,P2090,Men Product 2090,Fashion,Men,4,43634.38,0.05,165810.64,Credit Card,Completed,Returning
O101909,2025-10-16,C1500,Customer 1500,Female,37,Ahmedabad,Gujarat,West,P2049,Appliances Product 2049,Home & Kitchen,Appliances,3,16675.28,0.25,37519.38,UPI,Completed,Returning
O101910,2026-06-29,C1401,Customer 1401,Female,52,Warangal,Telangana,South,P2062,Makeup Product 2062,Beauty,Makeup,4,20979.04,0,83916.16,Credit Card,Completed,Returning
O101911,2026-02-24,C1109,Customer 1109,Female,42,Bhubaneswar,Odisha,East,P2038,Accessories Product 2038,Electronics,Accessories,1,15304.17,0,15304.17,Credit Card,Completed,Returning
O101912,2025-01-07,C1224,Customer 1224,Female,29,Patna,Bihar,East,P2023,Accessories Product 2023,Electronics,Accessories,1,9651.38,0.15,8203.67,Credit Card,Completed,New
O101913,2025-06-09,C1496,Customer 1496,Male,23,Bengaluru,Karnataka,South,P2022,Outdoor Product 2022,Sports,Outdoor,1,34818.67,0.15,29595.87,Credit Card,Completed,Returning
O101914,2025-08-28,C1278,Customer 1278,Female,54,Salem,Tamil Nadu,South,P2004,Kitchen Product 2004,Home & Kitchen,Kitchen,1,1952.63,0.15,1659.74,Credit Card,Completed,Returning
O101915,2026-02-27,C1068,Customer 1068,Male,47,Hyderabad,Telangana,South,P2049,Appliances Product 2049,Home & Kitchen,Appliances,3,16675.28,0.05,47524.55,Debit Card,Completed,Returning
O101916,2026-06-20,C1069,Customer 1069,Female,45,Salem,Tamil Nadu,South,P2059,Mobiles Product 2059,Electronics,Mobiles,5,38695.49,0.2,154781.96,Net Banking,Completed,Returning
O101917,2025-03-11,C1165,Customer 1165,Female,29,Warangal,Telangana,South,P2073,Mobiles Product 2073,Electronics,Mobiles,3,58078.44,0,174235.32,Debit Card,Completed,New
O101918,2025-08-04,C1489,Customer 1489,Male,41,Warangal,Telangana,South,P2068,Furniture Product 2068,Home & Kitchen,Furniture,2,37073.16,0,74146.32,UPI,Completed,Returning
O101919,2025-04-14,C1305,Customer 1305,Female,47,Madurai,Tamil Nadu,South,P2071,Mobiles Product 2071,Electronics,Mobiles,1,29513.79,0.05,28038.1,Credit Card,Returned,Returning
O101920,2025-02-23,C1397,Customer 1397,Female,34,Kochi,Kerala,South,P2087,Kitchen Product 2087,Home & Kitchen,Kitchen,1,43974.9,0.15,37378.66,UPI,Completed,Returning
O101921,2025-11-26,C1162,Customer 1162,Male,44,Kolkata,West Bengal,East,P2002,Sportswear Product 2002,Sports,Sportswear,1,72675.18,0.15,61773.9,Credit Card,Completed,Returning
O101922,2025-07-22,C1365,Customer 1365,Male,23,Patna,Bihar,East,P2049,Appliances Product 2049,Home & Kitchen,Appliances,2,16675.28,0.1,30015.5,Cash on Delivery,Completed,Returning
O101923,2025-10-15,C1342,Customer 1342,Female,54,Bengaluru,Karnataka,South,P2088,Men Product 2088,Fashion,Men,1,36148.31,0.05,34340.89,Debit Card,Completed,Returning
O101924,2025-02-14,C1309,Customer 1309,Female,55,Patna,Bihar,East,P2095,Skincare Product 2095,Beauty,Skincare,4,33448.14,0,133792.56,UPI,Completed,New
O101925,2025-07-17,C1379,Customer 1379,Female,24,Jaipur,Rajasthan,North,P2031,Makeup Product 2031,Beauty,Makeup,3,36193.87,0.05,103152.53,UPI,Completed,Returning
O101926,2025-08-04,C1343,Customer 1343,Male,20,Patna,Bihar,East,P2040,Mobiles Product 2040,Electronics,Mobiles,1,71380.78,0.1,64242.7,UPI,Completed,Returning
O101927,2026-04-26,C1435,Customer 1435,Female,48,Kolkata,West Bengal,East,P2048,Accessories Product 2048,Electronics,Accessories,1,48876.98,0.15,41545.43,UPI,Completed,Returning
O101928,2025-11-05,C1387,Customer 1387,Male,33,Hyderabad,Telangana,South,P2051,Makeup Product 2051,Beauty,Makeup,2,3561.53,0.1,6410.75,Credit Card,Completed,Returning
O101929,2026-03-11,C1042,Customer 1042,Male,21,Mangaluru,Karnataka,South,P2043,Furniture Product 2043,Home & Kitchen,Furniture,1,47010.26,0.2,37608.21,Credit Card,Returned,Returning
O101930,2025-11-28,C1354,Customer 1354,Female,56,Thrissur,Kerala,South,P2098,Women Product 2098,Fashion,Women,3,18537.8,0,55613.4,UPI,Completed,Returning
O101931,2025-01-27,C1416,Customer 1416,Male,53,Kolkata,West Bengal,East,P2055,Accessories Product 2055,Electronics,Accessories,2,15507.3,0.05,29463.87,UPI,Completed,Returning
O101932,2025-06-15,C1109,Customer 1109,Female,42,Bhubaneswar,Odisha,East,P2088,Men Product 2088,Fashion,Men,1,36148.31,0.1,32533.48,Debit Card,Completed,Returning
O101933,2025-11-14,C1051,Customer 1051,Male,56,Vadodara,Gujarat,West,P2049,Appliances Product 2049,Home & Kitchen,Appliances,1,16675.28,0.15,14173.99,Credit Card,Completed,Returning
O101934,2025-10-01,C1250,Customer 1250,Male,46,Noida,Uttar Pradesh,North,P2090,Men Product 2090,Fashion,Men,1,43634.38,0.1,39270.94,Net Banking,Completed,Returning
O101935,2026-01-18,C1497,Customer 1497,Male,29,Jodhpur,Rajasthan,North,P2080,Mobiles Product 2080,Electronics,Mobiles,3,26947.88,0.2,64674.91,UPI,Completed,Returning
O101936,2025-12-31,C1341,Customer 1341,Male,60,Kozhikode,Kerala,South,P2057,Skincare Product 2057,Beauty,Skincare,1,63514.52,0.1,57163.07,Net Banking,Completed,Returning
O101937,2025-04-13,C1430,Customer 1430,Female,44,Vadodara,Gujarat,West,P2077,Men Product 2077,Fashion,Men,3,32487.3,0,97461.9,Debit Card,Completed,Returning
O101938,2026-05-18,C1383,Customer 1383,Female,42,Jodhpur,Rajasthan,North,P2015,Furniture Product 2015,Home & Kitchen,Furniture,2,17477.61,0,34955.22,UPI,Completed,Returning
O101939,2026-01-08,C1492,Customer 1492,Male,36,Udaipur,Rajasthan,North,P2027,Kitchen Product 2027,Home & Kitchen,Kitchen,2,11473.67,0.15,19505.24,UPI,Completed,Returning
O101940,2025-09-02,C1021,Customer 1021,Female,52,Lucknow,Uttar Pradesh,North,P2068,Furniture Product 2068,Home & Kitchen,Furniture,1,37073.16,0.15,31512.19,Credit Card,Completed,Returning
O101941,2025-06-18,C1300,Customer 1300,Female,27,Salem,Tamil Nadu,South,P2080,Mobiles Product 2080,Electronics,Mobiles,2,26947.88,0,53895.76,Credit Card,Completed,New
O101942,2026-02-22,C1139,Customer 1139,Male,59,New Delhi,Delhi,North,P2064,Furniture Product 2064,Home & Kitchen,Furniture,2,47477.55,0,94955.1,UPI,Completed,Returning
O101943,2025-12-22,C1359,Customer 1359,Male,36,Ahmedabad,Gujarat,West,P2094,Women Product 2094,Fashion,Women,2,14369.68,0.1,25865.42,Net Banking,Completed,Returning
O101944,2026-04-23,C1324,Customer 1324,Female,21,Kozhikode,Kerala,South,P2030,Men Product 2030,Fashion,Men,3,64551.14,0.1,174288.08,UPI,Completed,Returning
O101945,2025-05-05,C1499,Customer 1499,Male,60,Surat,Gujarat,West,P2036,Mobiles Product 2036,Electronics,Mobiles,2,6463.39,0,12926.78,Credit Card,Completed,Returning
O101946,2026-06-21,C1385,Customer 1385,Male,56,Thrissur,Kerala,South,P2067,Laptops Product 2067,Electronics,Laptops,3,38592.36,0.1,104199.37,Credit Card,Returned,Returning
O101947,2026-02-06,C1092,Customer 1092,Female,41,Chennai,Tamil Nadu,South,P2086,Mobiles Product 2086,Electronics,Mobiles,1,70060.46,0.05,66557.44,Credit Card,Completed,Returning
O101948,2026-06-01,C1447,Customer 1447,Male,60,Mangaluru,Karnataka,South,P2086,Mobiles Product 2086,Electronics,Mobiles,3,70060.46,0.2,168145.1,Cash on Delivery,Completed,Returning
O101949,2026-06-15,C1280,Customer 1280,Female,39,Bhubaneswar,Odisha,East,P2049,Appliances Product 2049,Home & Kitchen,Appliances,1,16675.28,0,16675.28,Cash on Delivery,Completed,Returning
O101950,2025-09-11,C1125,Customer 1125,Male,47,Mumbai,Maharashtra,West,P2076,Laptops Product 2076,Electronics,Laptops,3,33823.68,0.15,86250.38,UPI,Completed,Returning
O101951,2025-05-01,C1483,Customer 1483,Male,56,Kochi,Kerala,South,P2055,Accessories Product 2055,Electronics,Accessories,4,15507.3,0.1,55826.28,Credit Card,Completed,New
O101952,2025-02-01,C1397,Customer 1397,Female,34,Kochi,Kerala,South,P2085,Fitness Product 2085,Sports,Fitness,1,48108.22,0,48108.22,Net Banking,Completed,Returning
O101953,2025-02-06,C1111,Customer 1111,Female,24,Mangaluru,Karnataka,South,P2056,Fitness Product 2056,Sports,Fitness,2,65159.96,0.1,117287.93,UPI,Returned,New
O101954,2025-12-08,C1354,Customer 1354,Female,56,Thrissur,Kerala,South,P2068,Furniture Product 2068,Home & Kitchen,Furniture,2,37073.16,0,74146.32,Debit Card,Completed,Returning
O101955,2025-01-13,C1139,Customer 1139,Male,59,New Delhi,Delhi,North,P2095,Skincare Product 2095,Beauty,Skincare,1,33448.14,0.1,30103.33,Cash on Delivery,Cancelled,New
O101956,2025-07-02,C1484,Customer 1484,Female,47,Kolkata,West Bengal,East,P2044,Makeup Product 2044,Beauty,Makeup,2,61167.44,0.1,110101.39,Debit Card,Completed,Returning
O101957,2025-09-22,C1435,Customer 1435,Female,48,Kolkata,West Bengal,East,P2031,Makeup Product 2031,Beauty,Makeup,1,36193.87,0,36193.87,UPI,Completed,Returning
O101958,2025-03-29,C1273,Customer 1273,Female,35,Jaipur,Rajasthan,North,P2058,Women Product 2058,Fashion,Women,3,74077.42,0,222232.26,Net Banking,Completed,Returning
O101959,2026-04-07,C1099,Customer 1099,Female,31,Vadodara,Gujarat,West,P2087,Kitchen Product 2087,Home & Kitchen,Kitchen,3,43974.9,0.15,112136,Cash on Delivery,Completed,Returning
O101960,2025-02-15,C1252,Customer 1252,Male,45,Ahmedabad,Gujarat,West,P2053,Mobiles Product 2053,Electronics,Mobiles,2,37147.78,0.05,70580.78,Debit Card,Completed,Returning
O101961,2026-01-27,C1338,Customer 1338,Male,32,Thrissur,Kerala,South,P2084,Fitness Product 2084,Sports,Fitness,2,39978.36,0.1,71961.05,Credit Card,Completed,Returning
O101962,2025-04-29,C1104,Customer 1104,Female,58,Patna,Bihar,East,P2079,Laptops Product 2079,Electronics,Laptops,2,12821.16,0.05,24360.2,Cash on Delivery,Completed,Returning
O101963,2026-06-15,C1214,Customer 1214,Male,33,Patna,Bihar,East,P2023,Accessories Product 2023,Electronics,Accessories,1,9651.38,0.2,7721.1,Cash on Delivery,Returned,Returning
O101964,2026-03-23,C1249,Customer 1249,Male,58,Jaipur,Rajasthan,North,P2028,Furniture Product 2028,Home & Kitchen,Furniture,1,29619.27,0.1,26657.34,Cash on Delivery,Completed,Returning
O101965,2026-08-29,C1152,Customer 1152,Male,45,New Delhi,Delhi,North,P2016,Mobiles Product 2016,Electronics,Mobiles,2,48979.51,0.15,83265.17,Credit Card,Completed,Returning
O101966,2025-02-15,C1250,Customer 1250,Male,46,Noida,Uttar Pradesh,North,P2037,Haircare Product 2037,Beauty,Haircare,4,29950.17,0,119800.68,Net Banking,Completed,New
O101967,2026-05-23,C1275,Customer 1275,Male,30,Cuttack,Odisha,East,P2021,Mobiles Product 2021,Electronics,Mobiles,2,68414.15,0,136828.3,Debit Card,Returned,Returning
O101968,2026-07-12,C1165,Customer 1165,Female,29,Warangal,Telangana,South,P2079,Laptops Product 2079,Electronics,Laptops,2,12821.16,0.05,24360.2,UPI,Returned,Returning
O101969,2026-06-10,C1487,Customer 1487,Male,36,New Delhi,Delhi,North,P2017,Appliances Product 2017,Home & Kitchen,Appliances,3,35523.47,0.05,101241.89,Credit Card,Completed,Returning
O101970,2026-08-20,C1341,Customer 1341,Male,60,Kozhikode,Kerala,South,P2037,Haircare Product 2037,Beauty,Haircare,1,29950.17,0.15,25457.64,Debit Card,Completed,Returning
O101971,2025-01-03,C1008,Customer 1008,Male,50,Kozhikode,Kerala,South,P2077,Men Product 2077,Fashion,Men,2,32487.3,0.1,58477.14,Cash on Delivery,Completed,New
O101972,2025-01-28,C1284,Customer 1284,Male,34,Vadodara,Gujarat,West,P2019,Accessories Product 2019,Electronics,Accessories,1,34190.91,0.05,32481.36,Net Banking,Completed,New
O101973,2026-01-16,C1005,Customer 1005,Male,22,New Delhi,Delhi,North,P2030,Men Product 2030,Fashion,Men,1,64551.14,0.1,58096.03,UPI,Completed,Returning
O101974,2025-06-06,C1145,Customer 1145,Female,21,Noida,Uttar Pradesh,North,P2045,Laptops Product 2045,Electronics,Laptops,2,61352.14,0,122704.28,Credit Card,Completed,Returning
O101975,2026-05-26,C1101,Customer 1101,Male,45,Kozhikode,Kerala,South,P2018,Women Product 2018,Fashion,Women,2,15516.48,0,31032.96,Credit Card,Cancelled,Returning
O101976,2025-11-29,C1164,Customer 1164,Female,55,Chennai,Tamil Nadu,South,P2078,Accessories Product 2078,Electronics,Accessories,1,71159.18,0.2,56927.34,Cash on Delivery,Cancelled,Returning
O101977,2025-04-24,C1374,Customer 1374,Female,45,Pune,Maharashtra,West,P2062,Makeup Product 2062,Beauty,Makeup,2,20979.04,0.1,37762.27,UPI,Completed,Returning
O101978,2026-01-24,C1147,Customer 1147,Male,42,Salem,Tamil Nadu,South,P2036,Mobiles Product 2036,Electronics,Mobiles,2,6463.39,0.1,11634.1,Debit Card,Completed,Returning
O101979,2026-05-02,C1064,Customer 1064,Male,49,Hyderabad,Telangana,South,P2100,Mobiles Product 2100,Electronics,Mobiles,3,51807.65,0.05,147651.8,Debit Card,Completed,Returning
O101980,2025-09-07,C1091,Customer 1091,Female,56,Hyderabad,Telangana,South,P2084,Fitness Product 2084,Sports,Fitness,3,39978.36,0.05,113938.33,Cash on Delivery,Completed,Returning
O101981,2026-07-25,C1117,Customer 1117,Male,51,Vadodara,Gujarat,West,P2052,Laptops Product 2052,Electronics,Laptops,1,54024.37,0,54024.37,Credit Card,Cancelled,Returning
O101982,2025-11-11,C1354,Customer 1354,Female,56,Thrissur,Kerala,South,P2019,Accessories Product 2019,Electronics,Accessories,4,34190.91,0.2,109410.91,Debit Card,Completed,Returning
O101983,2025-08-27,C1267,Customer 1267,Female,44,Warangal,Telangana,South,P2044,Makeup Product 2044,Beauty,Makeup,2,61167.44,0.1,110101.39,Cash on Delivery,Completed,Returning
O101984,2025-08-22,C1310,Customer 1310,Female,46,New Delhi,Delhi,North,P2007,Mobiles Product 2007,Electronics,Mobiles,3,70839.48,0,212518.44,Debit Card,Completed,Returning
O101985,2025-10-30,C1173,Customer 1173,Male,58,Cuttack,Odisha,East,P2044,Makeup Product 2044,Beauty,Makeup,2,61167.44,0.15,103984.65,UPI,Completed,Returning
O101986,2026-08-30,C1047,Customer 1047,Female,41,Vadodara,Gujarat,West,P2068,Furniture Product 2068,Home & Kitchen,Furniture,1,37073.16,0.1,33365.84,UPI,Completed,Returning
O101987,2025-11-30,C1140,Customer 1140,Male,29,Kozhikode,Kerala,South,P2034,Men Product 2034,Fashion,Men,1,42105.76,0.15,35789.9,Net Banking,Completed,Returning
O101988,2025-04-23,C1246,Customer 1246,Female,25,Kolkata,West Bengal,East,P2066,Furniture Product 2066,Home & Kitchen,Furniture,2,13722.33,0,27444.66,UPI,Completed,Returning
O101989,2025-12-28,C1149,Customer 1149,Male,45,Mysuru,Karnataka,South,P2069,Mobiles Product 2069,Electronics,Mobiles,2,33564.3,0,67128.6,Debit Card,Completed,Returning
O101990,2025-04-07,C1246,Customer 1246,Female,25,Kolkata,West Bengal,East,P2055,Accessories Product 2055,Electronics,Accessories,2,15507.3,0,31014.6,Debit Card,Completed,Returning
O101991,2025-01-16,C1395,Customer 1395,Male,37,Kolkata,West Bengal,East,P2010,Sportswear Product 2010,Sports,Sportswear,1,51133.3,0,51133.3,Cash on Delivery,Completed,New
O101992,2026-07-10,C1487,Customer 1487,Male,36,New Delhi,Delhi,North,P2096,Outdoor Product 2096,Sports,Outdoor,1,19371.4,0.15,16465.69,Credit Card,Cancelled,Returning
O101993,2026-01-11,C1476,Customer 1476,Female,22,Patna,Bihar,East,P2042,Sportswear Product 2042,Sports,Sportswear,1,46086.93,0.15,39173.89,Debit Card,Completed,Returning
O101994,2026-01-25,C1005,Customer 1005,Male,22,New Delhi,Delhi,North,P2041,Accessories Product 2041,Electronics,Accessories,2,2659.49,0.1,4787.08,UPI,Completed,Returning
O101995,2025-08-05,C1465,Customer 1465,Female,41,Patna,Bihar,East,P2077,Men Product 2077,Fashion,Men,1,32487.3,0.2,25989.84,Credit Card,Completed,Returning
O101996,2026-02-03,C1184,Customer 1184,Male,60,Ahmedabad,Gujarat,West,P2069,Mobiles Product 2069,Electronics,Mobiles,2,33564.3,0.05,63772.17,UPI,Completed,Returning
O101997,2025-09-17,C1020,Customer 1020,Male,59,Pune,Maharashtra,West,P2010,Sportswear Product 2010,Sports,Sportswear,1,51133.3,0.2,40906.64,Net Banking,Completed,Returning
O101998,2025-11-16,C1425,Customer 1425,Female,35,New Delhi,Delhi,North,P2010,Sportswear Product 2010,Sports,Sportswear,3,51133.3,0.2,122719.92,Net Banking,Completed,Returning
O101999,2025-07-15,C1046,Customer 1046,Female,44,Warangal,Telangana,South,P2091,Accessories Product 2091,Electronics,Accessories,1,36816.84,0.1,33135.16,UPI,Completed,Returning
O102000,2026-04-23,C1012,Customer 1012,Male,51,Vadodara,Gujarat,West,P2060,Women Product 2060,Fashion,Women,1,54476.75,0,54476.75,UPI,Completed,Returning
O102001,2026-02-22,C1070,Customer 1070,Female,56,Patna,Bihar,East,P2051,Makeup Product 2051,Beauty,Makeup,2,3561.53,0.15,6054.6,Debit Card,Completed,Returning
O102002,2026-04-20,C1017,Customer 1017,Female,21,New Delhi,Delhi,North,P2021,Mobiles Product 2021,Electronics,Mobiles,2,68414.15,0.05,129986.88,Debit Card,Completed,Returning
O102003,2026-08-30,C1371,Customer 1371,Female,50,Cuttack,Odisha,East,P2008,Mobiles Product 2008,Electronics,Mobiles,1,12522.7,0.15,10644.3,Debit Card,Completed,Returning
O102004,2026-07-22,C1147,Customer 1147,Male,42,Salem,Tamil Nadu,South,P2065,Makeup Product 2065,Beauty,Makeup,4,58267.22,0,233068.88,Cash on Delivery,Completed,Returning
O102005,2026-06-28,C1154,Customer 1154,Male,45,Udaipur,Rajasthan,North,P2092,Footwear Product 2092,Fashion,Footwear,1,2539.03,0.1,2285.13,Net Banking,Completed,Returning
O102006,2025-08-19,C1304,Customer 1304,Female,27,Kanpur,Uttar Pradesh,North,P2078,Accessories Product 2078,Electronics,Accessories,1,71159.18,0.1,64043.26,Credit Card,Completed,Returning
O102007,2026-06-05,C1108,Customer 1108,Female,56,New Delhi,Delhi,North,P2085,Fitness Product 2085,Sports,Fitness,1,48108.22,0,48108.22,UPI,Completed,Returning
O102008,2025-07-19,C1236,Customer 1236,Female,57,Surat,Gujarat,West,P2030,Men Product 2030,Fashion,Men,1,64551.14,0.05,61323.58,Debit Card,Completed,Returning
O102009,2026-08-22,C1308,Customer 1308,Female,60,Ahmedabad,Gujarat,West,P2085,Fitness Product 2085,Sports,Fitness,2,48108.22,0,96216.44,Net Banking,Completed,Returning
O102010,2025-01-21,C1352,Customer 1352,Male,22,Lucknow,Uttar Pradesh,North,P2049,Appliances Product 2049,Home & Kitchen,Appliances,1,16675.28,0.1,15007.75,Credit Card,Completed,Returning
O102011,2025-11-07,C1070,Customer 1070,Female,56,Patna,Bihar,East,P2009,Skincare Product 2009,Beauty,Skincare,3,22588.57,0.15,57600.85,Debit Card,Completed,Returning
O102012,2026-08-11,C1183,Customer 1183,Female,54,Chennai,Tamil Nadu,South,P2017,Appliances Product 2017,Home & Kitchen,Appliances,1,35523.47,0.05,33747.3,UPI,Completed,Returning
O102013,2026-08-19,C1250,Customer 1250,Male,46,Noida,Uttar Pradesh,North,P2069,Mobiles Product 2069,Electronics,Mobiles,2,33564.3,0.15,57059.31,Cash on Delivery,Returned,Returning
O102014,2026-03-10,C1228,Customer 1228,Female,32,New Delhi,Delhi,North,P2058,Women Product 2058,Fashion,Women,1,74077.42,0,74077.42,Net Banking,Completed,Returning
O102015,2026-01-06,C1102,Customer 1102,Female,45,Coimbatore,Tamil Nadu,South,P2057,Skincare Product 2057,Beauty,Skincare,1,63514.52,0.15,53987.34,Credit Card,Completed,Returning
O102016,2026-07-14,C1075,Customer 1075,Male,20,Bhubaneswar,Odisha,East,P2062,Makeup Product 2062,Beauty,Makeup,1,20979.04,0.2,16783.23,Credit Card,Completed,Returning
O102017,2025-03-19,C1417,Customer 1417,Male,25,New Delhi,Delhi,North,P2095,Skincare Product 2095,Beauty,Skincare,2,33448.14,0.05,63551.47,UPI,Cancelled,New
O102018,2026-06-26,C1446,Customer 1446,Male,24,Ahmedabad,Gujarat,West,P2052,Laptops Product 2052,Electronics,Laptops,2,54024.37,0.2,86438.99,Net Banking,Completed,Returning
O102019,2025-10-12,C1216,Customer 1216,Male,24,New Delhi,Delhi,North,P2061,Women Product 2061,Fashion,Women,3,44949.95,0.1,121364.86,Net Banking,Completed,Returning
O102020,2025-05-20,C1407,Customer 1407,Female,48,Mumbai,Maharashtra,West,P2040,Mobiles Product 2040,Electronics,Mobiles,1,71380.78,0.05,67811.74,Debit Card,Completed,Returning
O102021,2026-07-07,C1399,Customer 1399,Female,53,Jodhpur,Rajasthan,North,P2038,Accessories Product 2038,Electronics,Accessories,3,15304.17,0.2,36730.01,UPI,Completed,Returning
O102022,2025-10-09,C1411,Customer 1411,Male,29,Kolkata,West Bengal,East,P2043,Furniture Product 2043,Home & Kitchen,Furniture,2,47010.26,0,94020.52,UPI,Completed,Returning
O102023,2026-07-16,C1203,Customer 1203,Male,35,Mumbai,Maharashtra,West,P2063,Women Product 2063,Fashion,Women,1,27128.58,0,27128.58,Credit Card,Completed,Returning
O102024,2025-09-15,C1192,Customer 1192,Male,55,Hyderabad,Telangana,South,P2019,Accessories Product 2019,Electronics,Accessories,1,34190.91,0.1,30771.82,UPI,Completed,Returning
O102025,2025-12-26,C1249,Customer 1249,Male,58,Jaipur,Rajasthan,North,P2100,Mobiles Product 2100,Electronics,Mobiles,2,51807.65,0.15,88073,Credit Card,Completed,Returning
O102026,2026-03-16,C1499,Customer 1499,Male,60,Surat,Gujarat,West,P2050,Fitness Product 2050,Sports,Fitness,2,13904.21,0.15,23637.16,UPI,Completed,Returning
O102027,2025-09-27,C1242,Customer 1242,Male,26,Jaipur,Rajasthan,North,P2033,Footwear Product 2033,Fashion,Footwear,1,37566.95,0,37566.95,Credit Card,Completed,Returning
O102028,2025-05-14,C1465,Customer 1465,Female,41,Patna,Bihar,East,P2013,Appliances Product 2013,Home & Kitchen,Appliances,2,72349.68,0.25,108524.52,Debit Card,Completed,Returning
O102029,2025-04-14,C1179,Customer 1179,Male,31,Kolkata,West Bengal,East,P2078,Accessories Product 2078,Electronics,Accessories,2,71159.18,0.15,120970.61,Cash on Delivery,Completed,New
O102030,2025-04-05,C1437,Customer 1437,Female,38,Jaipur,Rajasthan,North,P2097,Footwear Product 2097,Fashion,Footwear,2,70862.68,0.2,113380.29,Credit Card,Cancelled,Returning
O102031,2026-07-27,C1462,Customer 1462,Male,27,Cuttack,Odisha,East,P2062,Makeup Product 2062,Beauty,Makeup,1,20979.04,0.05,19930.09,Debit Card,Completed,Returning
O102032,2026-04-25,C1219,Customer 1219,Female,48,Madurai,Tamil Nadu,South,P2093,Furniture Product 2093,Home & Kitchen,Furniture,2,15378.45,0.15,26143.36,UPI,Completed,Returning
O102033,2025-08-29,C1082,Customer 1082,Female,35,New Delhi,Delhi,North,P2043,Furniture Product 2043,Home & Kitchen,Furniture,1,47010.26,0.2,37608.21,Credit Card,Completed,Returning
O102034,2025-01-13,C1092,Customer 1092,Female,41,Chennai,Tamil Nadu,South,P2049,Appliances Product 2049,Home & Kitchen,Appliances,1,16675.28,0.05,15841.52,Cash on Delivery,Completed,New
O102035,2025-05-27,C1435,Customer 1435,Female,48,Kolkata,West Bengal,East,P2036,Mobiles Product 2036,Electronics,Mobiles,2,6463.39,0.25,9695.09,UPI,Completed,Returning
O102036,2026-08-24,C1175,Customer 1175,Female,43,Madurai,Tamil Nadu,South,P2010,Sportswear Product 2010,Sports,Sportswear,1,51133.3,0.05,48576.64,UPI,Completed,Returning
O102037,2025-04-05,C1239,Customer 1239,Male,20,Kanpur,Uttar Pradesh,North,P2095,Skincare Product 2095,Beauty,Skincare,1,33448.14,0.05,31775.73,UPI,Completed,Returning
O102038,2025-10-20,C1260,Customer 1260,Male,27,Kolkata,West Bengal,East,P2006,Accessories Product 2006,Electronics,Accessories,1,33608.93,0.2,26887.14,Credit Card,Completed,Returning
O102039,2025-01-25,C1391,Customer 1391,Male,57,Salem,Tamil Nadu,South,P2057,Skincare Product 2057,Beauty,Skincare,1,63514.52,0.25,47635.89,Debit Card,Completed,New
O102040,2025-09-29,C1365,Customer 1365,Male,23,Patna,Bihar,East,P2001,Accessories Product 2001,Electronics,Accessories,1,63975.38,0.05,60776.61,UPI,Completed,Returning
O102041,2026-05-20,C1163,Customer 1163,Female,40,Warangal,Telangana,South,P2071,Mobiles Product 2071,Electronics,Mobiles,1,29513.79,0,29513.79,UPI,Completed,Returning
O102042,2025-06-15,C1048,Customer 1048,Male,41,Ahmedabad,Gujarat,West,P2058,Women Product 2058,Fashion,Women,2,74077.42,0.15,125931.61,Net Banking,Completed,Returning
O102043,2025-03-28,C1329,Customer 1329,Female,20,Salem,Tamil Nadu,South,P2091,Accessories Product 2091,Electronics,Accessories,1,36816.84,0.2,29453.47,Credit Card,Completed,Returning
O102044,2026-05-06,C1328,Customer 1328,Male,52,Patna,Bihar,East,P2021,Mobiles Product 2021,Electronics,Mobiles,5,68414.15,0.1,307863.68,Credit Card,Completed,Returning
O102045,2025-05-21,C1116,Customer 1116,Female,38,New Delhi,Delhi,North,P2092,Footwear Product 2092,Fashion,Footwear,1,2539.03,0.1,2285.13,Cash on Delivery,Completed,Returning
O102046,2025-04-13,C1429,Customer 1429,Male,23,Noida,Uttar Pradesh,North,P2080,Mobiles Product 2080,Electronics,Mobiles,1,26947.88,0.15,22905.7,UPI,Completed,Returning
O102047,2025-08-14,C1337,Customer 1337,Male,46,Jaipur,Rajasthan,North,P2056,Fitness Product 2056,Sports,Fitness,2,65159.96,0,130319.92,Cash on Delivery,Completed,Returning
O102048,2026-07-29,C1337,Customer 1337,Male,46,Jaipur,Rajasthan,North,P2087,Kitchen Product 2087,Home & Kitchen,Kitchen,1,43974.9,0.25,32981.18,Cash on Delivery,Completed,Returning
O102049,2025-10-21,C1369,Customer 1369,Male,53,New Delhi,Delhi,North,P2020,Footwear Product 2020,Fashion,Footwear,3,47078.66,0.05,134174.18,UPI,Completed,Returning
O102050,2025-11-02,C1225,Customer 1225,Female,36,Hyderabad,Telangana,South,P2054,Accessories Product 2054,Electronics,Accessories,2,51113.05,0.1,92003.49,Credit Card,Completed,Returning
O102051,2025-09-11,C1352,Customer 1352,Male,22,Lucknow,Uttar Pradesh,North,P2025,Footwear Product 2025,Fashion,Footwear,1,48968.5,0.1,44071.65,Credit Card,Completed,Returning
O102052,2025-06-29,C1328,Customer 1328,Male,52,Patna,Bihar,East,P2028,Furniture Product 2028,Home & Kitchen,Furniture,3,29619.27,0.1,79972.03,Net Banking,Completed,Returning
O102053,2025-02-09,C1147,Customer 1147,Male,42,Salem,Tamil Nadu,South,P2005,Appliances Product 2005,Home & Kitchen,Appliances,1,61463.29,0.15,52243.8,UPI,Completed,New
O102054,2026-06-04,C1063,Customer 1063,Male,32,Ahmedabad,Gujarat,West,P2021,Mobiles Product 2021,Electronics,Mobiles,5,68414.15,0.25,256553.06,Net Banking,Completed,Returning
O102055,2026-06-30,C1294,Customer 1294,Female,35,Bhubaneswar,Odisha,East,P2018,Women Product 2018,Fashion,Women,3,15516.48,0.1,41894.5,Cash on Delivery,Completed,Returning
O102056,2025-08-24,C1323,Customer 1323,Female,44,Chennai,Tamil Nadu,South,P2047,Laptops Product 2047,Electronics,Laptops,2,6397.76,0.15,10876.19,Net Banking,Cancelled,Returning
O102057,2026-04-08,C1443,Customer 1443,Male,40,Kolkata,West Bengal,East,P2070,Men Product 2070,Fashion,Men,1,49797.81,0,49797.81,Cash on Delivery,Completed,Returning
O102058,2025-08-16,C1325,Customer 1325,Female,29,Mangaluru,Karnataka,South,P2057,Skincare Product 2057,Beauty,Skincare,1,63514.52,0.15,53987.34,Debit Card,Completed,Returning
O102059,2026-04-28,C1013,Customer 1013,Male,41,Hyderabad,Telangana,South,P2093,Furniture Product 2093,Home & Kitchen,Furniture,1,15378.45,0.05,14609.53,Cash on Delivery,Completed,Returning
O102060,2026-03-06,C1431,Customer 1431,Male,22,Vadodara,Gujarat,West,P2019,Accessories Product 2019,Electronics,Accessories,1,34190.91,0,34190.91,UPI,Completed,Returning
O102061,2025-01-22,C1494,Customer 1494,Female,39,Kochi,Kerala,South,P2097,Footwear Product 2097,Fashion,Footwear,2,70862.68,0,141725.36,Debit Card,Completed,New
O102062,2025-12-09,C1189,Customer 1189,Male,41,New Delhi,Delhi,North,P2065,Makeup Product 2065,Beauty,Makeup,4,58267.22,0.15,198108.55,Debit Card,Completed,Returning
O102063,2025-02-09,C1287,Customer 1287,Male,22,Jodhpur,Rajasthan,North,P2003,Makeup Product 2003,Beauty,Makeup,1,44701.37,0.25,33526.03,Credit Card,Completed,Returning
O102064,2025-06-22,C1208,Customer 1208,Female,40,Vadodara,Gujarat,West,P2042,Sportswear Product 2042,Sports,Sportswear,2,46086.93,0.1,82956.47,UPI,Completed,Returning
O102065,2026-03-15,C1114,Customer 1114,Female,50,Kozhikode,Kerala,South,P2021,Mobiles Product 2021,Electronics,Mobiles,2,68414.15,0.05,129986.88,Debit Card,Completed,Returning
O102066,2025-06-28,C1480,Customer 1480,Female,54,Kozhikode,Kerala,South,P2099,Sportswear Product 2099,Sports,Sportswear,3,42924.55,0,128773.65,UPI,Completed,Returning
O102067,2026-08-21,C1022,Customer 1022,Male,28,Coimbatore,Tamil Nadu,South,P2040,Mobiles Product 2040,Electronics,Mobiles,1,71380.78,0.1,64242.7,Credit Card,Completed,Returning
O102068,2025-05-13,C1349,Customer 1349,Female,50,Jaipur,Rajasthan,North,P2067,Laptops Product 2067,Electronics,Laptops,1,38592.36,0,38592.36,Credit Card,Completed,Returning
O102069,2025-12-17,C1214,Customer 1214,Male,33,Patna,Bihar,East,P2025,Footwear Product 2025,Fashion,Footwear,3,48968.5,0.05,139560.22,Cash on Delivery,Returned,Returning
O102070,2026-06-09,C1171,Customer 1171,Female,55,Coimbatore,Tamil Nadu,South,P2055,Accessories Product 2055,Electronics,Accessories,3,15507.3,0.1,41869.71,UPI,Completed,Returning
O102071,2026-06-24,C1323,Customer 1323,Female,44,Chennai,Tamil Nadu,South,P2084,Fitness Product 2084,Sports,Fitness,4,39978.36,0.25,119935.08,Net Banking,Completed,Returning
O102072,2026-05-21,C1054,Customer 1054,Female,24,Bengaluru,Karnataka,South,P2052,Laptops Product 2052,Electronics,Laptops,2,54024.37,0.1,97243.87,UPI,Completed,Returning
O102073,2025-03-25,C1394,Customer 1394,Female,53,Bhubaneswar,Odisha,East,P2044,Makeup Product 2044,Beauty,Makeup,1,61167.44,0,61167.44,Credit Card,Completed,New
O102074,2026-04-09,C1298,Customer 1298,Male,43,Mysuru,Karnataka,South,P2098,Women Product 2098,Fashion,Women,2,18537.8,0.15,31514.26,Credit Card,Completed,Returning
O102075,2025-12-09,C1320,Customer 1320,Female,25,New Delhi,Delhi,North,P2085,Fitness Product 2085,Sports,Fitness,1,48108.22,0.15,40891.99,Debit Card,Completed,Returning
O102076,2025-10-07,C1126,Customer 1126,Female,51,Pune,Maharashtra,West,P2056,Fitness Product 2056,Sports,Fitness,2,65159.96,0.2,104255.94,Net Banking,Completed,Returning
O102077,2025-09-20,C1277,Customer 1277,Male,55,Cuttack,Odisha,East,P2055,Accessories Product 2055,Electronics,Accessories,2,15507.3,0,31014.6,Net Banking,Completed,Returning
O102078,2025-06-15,C1464,Customer 1464,Male,34,Mysuru,Karnataka,South,P2087,Kitchen Product 2087,Home & Kitchen,Kitchen,2,43974.9,0.05,83552.31,Net Banking,Completed,New
O102079,2025-10-20,C1204,Customer 1204,Male,24,Warangal,Telangana,South,P2070,Men Product 2070,Fashion,Men,4,49797.81,0.25,149393.43,Credit Card,Returned,Returning
O102080,2026-05-24,C1194,Customer 1194,Male,60,Mangaluru,Karnataka,South,P2077,Men Product 2077,Fashion,Men,2,32487.3,0,64974.6,Debit Card,Completed,Returning
O102081,2026-08-03,C1169,Customer 1169,Male,54,Ahmedabad,Gujarat,West,P2087,Kitchen Product 2087,Home & Kitchen,Kitchen,1,43974.9,0.15,37378.66,Credit Card,Completed,Returning
O102082,2025-08-14,C1152,Customer 1152,Male,45,New Delhi,Delhi,North,P2073,Mobiles Product 2073,Electronics,Mobiles,1,58078.44,0.05,55174.52,UPI,Completed,Returning
O102083,2025-06-19,C1035,Customer 1035,Female,35,Kozhikode,Kerala,South,P2081,Men Product 2081,Fashion,Men,3,63359.53,0.1,171070.73,Cash on Delivery,Completed,Returning
O102084,2026-08-21,C1184,Customer 1184,Male,60,Ahmedabad,Gujarat,West,P2066,Furniture Product 2066,Home & Kitchen,Furniture,1,13722.33,0.15,11663.98,Cash on Delivery,Completed,Returning
O102085,2026-03-24,C1286,Customer 1286,Male,20,Lucknow,Uttar Pradesh,North,P2019,Accessories Product 2019,Electronics,Accessories,1,34190.91,0.1,30771.82,UPI,Completed,Returning
O102086,2026-05-17,C1057,Customer 1057,Female,25,Kolkata,West Bengal,East,P2083,Mobiles Product 2083,Electronics,Mobiles,1,2853.83,0.15,2425.76,Cash on Delivery,Completed,Returning
O102087,2026-06-11,C1222,Customer 1222,Male,31,Cuttack,Odisha,East,P2007,Mobiles Product 2007,Electronics,Mobiles,2,70839.48,0.1,127511.06,Net Banking,Cancelled,Returning
O102088,2026-01-14,C1303,Customer 1303,Male,45,Hyderabad,Telangana,South,P2063,Women Product 2063,Fashion,Women,1,27128.58,0.25,20346.44,Credit Card,Completed,Returning
O102089,2025-07-20,C1163,Customer 1163,Female,40,Warangal,Telangana,South,P2042,Sportswear Product 2042,Sports,Sportswear,4,46086.93,0.1,165912.95,UPI,Completed,Returning
O102090,2025-09-07,C1019,Customer 1019,Female,36,Vadodara,Gujarat,West,P2042,Sportswear Product 2042,Sports,Sportswear,4,46086.93,0,184347.72,Cash on Delivery,Completed,Returning
O102091,2026-02-13,C1370,Customer 1370,Male,47,New Delhi,Delhi,North,P2059,Mobiles Product 2059,Electronics,Mobiles,5,38695.49,0.05,183803.58,Debit Card,Completed,Returning
O102092,2026-08-24,C1264,Customer 1264,Male,22,Kolkata,West Bengal,East,P2020,Footwear Product 2020,Fashion,Footwear,1,47078.66,0.15,40016.86,Credit Card,Completed,Returning
O102093,2025-05-05,C1282,Customer 1282,Female,60,Cuttack,Odisha,East,P2073,Mobiles Product 2073,Electronics,Mobiles,4,58078.44,0.15,197466.7,Debit Card,Completed,New
O102094,2025-04-23,C1113,Customer 1113,Female,53,Kochi,Kerala,South,P2017,Appliances Product 2017,Home & Kitchen,Appliances,5,35523.47,0.1,159855.62,Debit Card,Returned,Returning
O102095,2025-05-17,C1488,Customer 1488,Female,58,Cuttack,Odisha,East,P2027,Kitchen Product 2027,Home & Kitchen,Kitchen,4,11473.67,0.1,41305.21,Credit Card,Cancelled,New
O102096,2026-05-11,C1327,Customer 1327,Male,24,Ahmedabad,Gujarat,West,P2047,Laptops Product 2047,Electronics,Laptops,2,6397.76,0.15,10876.19,Debit Card,Completed,Returning
O102097,2025-05-30,C1030,Customer 1030,Female,26,Bhubaneswar,Odisha,East,P2002,Sportswear Product 2002,Sports,Sportswear,2,72675.18,0.15,123547.81,Credit Card,Returned,Returning
O102098,2025-12-09,C1135,Customer 1135,Male,31,Mangaluru,Karnataka,South,P2063,Women Product 2063,Fashion,Women,1,27128.58,0.1,24415.72,Debit Card,Cancelled,Returning
O102099,2026-08-03,C1067,Customer 1067,Female,38,Salem,Tamil Nadu,South,P2062,Makeup Product 2062,Beauty,Makeup,3,20979.04,0.15,53496.55,Cash on Delivery,Completed,Returning
O102100,2025-11-17,C1065,Customer 1065,Male,38,Thrissur,Kerala,South,P2100,Mobiles Product 2100,Electronics,Mobiles,1,51807.65,0.1,46626.88,Cash on Delivery,Completed,Returning
O102101,2026-06-16,C1292,Customer 1292,Male,29,Chennai,Tamil Nadu,South,P2019,Accessories Product 2019,Electronics,Accessories,1,34190.91,0,34190.91,Debit Card,Completed,Returning
O102102,2025-10-16,C1025,Customer 1025,Female,45,Mumbai,Maharashtra,West,P2017,Appliances Product 2017,Home & Kitchen,Appliances,5,35523.47,0,177617.35,Cash on Delivery,Completed,Returning
O102103,2026-05-04,C1037,Customer 1037,Female,31,New Delhi,Delhi,North,P2069,Mobiles Product 2069,Electronics,Mobiles,1,33564.3,0.25,25173.22,Net Banking,Completed,Returning
O102104,2026-05-07,C1001,Customer 1001,Male,40,Hyderabad,Telangana,South,P2039,Footwear Product 2039,Fashion,Footwear,1,15251.22,0,15251.22,UPI,Completed,Returning
O102105,2025-09-09,C1399,Customer 1399,Female,53,Jodhpur,Rajasthan,North,P2082,Makeup Product 2082,Beauty,Makeup,4,65159.86,0.05,247607.47,Cash on Delivery,Completed,Returning
O102106,2025-03-18,C1037,Customer 1037,Female,31,New Delhi,Delhi,North,P2071,Mobiles Product 2071,Electronics,Mobiles,5,29513.79,0.2,118055.16,UPI,Completed,Returning
O102107,2026-01-27,C1141,Customer 1141,Female,48,Ahmedabad,Gujarat,West,P2081,Men Product 2081,Fashion,Men,1,63359.53,0,63359.53,UPI,Completed,Returning
O102108,2026-02-16,C1232,Customer 1232,Female,21,Madurai,Tamil Nadu,South,P2039,Footwear Product 2039,Fashion,Footwear,3,15251.22,0.15,38890.61,Debit Card,Completed,Returning
O102109,2025-06-22,C1136,Customer 1136,Male,22,New Delhi,Delhi,North,P2036,Mobiles Product 2036,Electronics,Mobiles,1,6463.39,0.15,5493.88,Credit Card,Completed,Returning
O102110,2025-07-20,C1389,Customer 1389,Male,30,Mysuru,Karnataka,South,P2040,Mobiles Product 2040,Electronics,Mobiles,1,71380.78,0.25,53535.58,Credit Card,Completed,Returning
O102111,2025-08-05,C1188,Customer 1188,Male,44,Warangal,Telangana,South,P2045,Laptops Product 2045,Electronics,Laptops,1,61352.14,0.05,58284.53,Net Banking,Completed,Returning
O102112,2026-01-11,C1128,Customer 1128,Male,39,Thrissur,Kerala,South,P2004,Kitchen Product 2004,Home & Kitchen,Kitchen,1,1952.63,0.05,1855,UPI,Completed,Returning
O102113,2026-08-09,C1201,Customer 1201,Male,50,Cuttack,Odisha,East,P2025,Footwear Product 2025,Fashion,Footwear,1,48968.5,0.2,39174.8,Cash on Delivery,Completed,Returning
O102114,2025-01-11,C1127,Customer 1127,Female,46,Nagpur,Maharashtra,West,P2069,Mobiles Product 2069,Electronics,Mobiles,1,33564.3,0.05,31886.09,Credit Card,Completed,New
O102115,2025-01-12,C1257,Customer 1257,Male,47,Lucknow,Uttar Pradesh,North,P2030,Men Product 2030,Fashion,Men,4,64551.14,0.1,232384.1,Cash on Delivery,Completed,New
O102116,2026-08-13,C1164,Customer 1164,Female,55,Chennai,Tamil Nadu,South,P2076,Laptops Product 2076,Electronics,Laptops,2,33823.68,0.15,57500.26,Credit Card,Completed,Returning
O102117,2026-03-11,C1035,Customer 1035,Female,35,Kozhikode,Kerala,South,P2068,Furniture Product 2068,Home & Kitchen,Furniture,3,37073.16,0.05,105658.51,Debit Card,Completed,Returning
O102118,2026-08-31,C1194,Customer 1194,Male,60,Mangaluru,Karnataka,South,P2088,Men Product 2088,Fashion,Men,2,36148.31,0.2,57837.3,Credit Card,Completed,Returning
O102119,2026-01-08,C1191,Customer 1191,Male,38,Nagpur,Maharashtra,West,P2029,Appliances Product 2029,Home & Kitchen,Appliances,1,54225.01,0.1,48802.51,Debit Card,Completed,Returning
O102120,2025-09-30,C1104,Customer 1104,Female,58,Patna,Bihar,East,P2073,Mobiles Product 2073,Electronics,Mobiles,4,58078.44,0,232313.76,UPI,Completed,Returning
O102121,2026-07-30,C1023,Customer 1023,Female,58,Pune,Maharashtra,West,P2068,Furniture Product 2068,Home & Kitchen,Furniture,3,37073.16,0,111219.48,Credit Card,Returned,Returning
O102122,2026-05-24,C1265,Customer 1265,Male,32,Noida,Uttar Pradesh,North,P2051,Makeup Product 2051,Beauty,Makeup,1,3561.53,0,3561.53,UPI,Completed,Returning
O102123,2025-05-12,C1290,Customer 1290,Female,30,Pune,Maharashtra,West,P2024,Men Product 2024,Fashion,Men,1,15279.2,0.05,14515.24,Debit Card,Completed,Returning
O102124,2025-11-15,C1430,Customer 1430,Female,44,Vadodara,Gujarat,West,P2014,Skincare Product 2014,Beauty,Skincare,2,73803.13,0.15,125465.32,Cash on Delivery,Completed,Returning
O102125,2025-06-17,C1462,Customer 1462,Male,27,Cuttack,Odisha,East,P2069,Mobiles Product 2069,Electronics,Mobiles,2,33564.3,0,67128.6,UPI,Cancelled,Returning
O102126,2026-02-01,C1384,Customer 1384,Male,34,Mumbai,Maharashtra,West,P2018,Women Product 2018,Fashion,Women,3,15516.48,0.05,44221.97,Debit Card,Completed,Returning
O102127,2025-06-29,C1260,Customer 1260,Male,27,Kolkata,West Bengal,East,P2042,Sportswear Product 2042,Sports,Sportswear,1,46086.93,0.2,36869.54,Net Banking,Completed,Returning
O102128,2025-02-27,C1414,Customer 1414,Male,43,New Delhi,Delhi,North,P2057,Skincare Product 2057,Beauty,Skincare,1,63514.52,0.1,57163.07,UPI,Completed,Returning
O102129,2026-04-25,C1479,Customer 1479,Male,57,Salem,Tamil Nadu,South,P2083,Mobiles Product 2083,Electronics,Mobiles,2,2853.83,0.05,5422.28,UPI,Completed,Returning
O102130,2026-08-14,C1358,Customer 1358,Female,38,New Delhi,Delhi,North,P2012,Fitness Product 2012,Sports,Fitness,2,70788.11,0.25,106182.16,UPI,Completed,Returning
O102131,2026-04-05,C1075,Customer 1075,Male,20,Bhubaneswar,Odisha,East,P2082,Makeup Product 2082,Beauty,Makeup,1,65159.86,0.05,61901.87,UPI,Completed,Returning
O102132,2025-03-02,C1355,Customer 1355,Female,56,New Delhi,Delhi,North,P2017,Appliances Product 2017,Home & Kitchen,Appliances,1,35523.47,0.2,28418.78,UPI,Completed,New
O102133,2026-01-04,C1072,Customer 1072,Female,42,Kolkata,West Bengal,East,P2030,Men Product 2030,Fashion,Men,2,64551.14,0.15,109736.94,Credit Card,Completed,Returning
O102134,2025-05-01,C1259,Customer 1259,Female,47,Noida,Uttar Pradesh,North,P2088,Men Product 2088,Fashion,Men,2,36148.31,0.15,61452.13,Credit Card,Completed,New
O102135,2026-06-30,C1398,Customer 1398,Female,46,Jaipur,Rajasthan,North,P2075,Laptops Product 2075,Electronics,Laptops,1,5790.21,0.15,4921.68,Net Banking,Cancelled,Returning
O102136,2026-08-05,C1188,Customer 1188,Male,44,Warangal,Telangana,South,P2099,Sportswear Product 2099,Sports,Sportswear,2,42924.55,0.1,77264.19,Net Banking,Completed,Returning
O102137,2025-01-17,C1461,Customer 1461,Female,20,Vadodara,Gujarat,West,P2023,Accessories Product 2023,Electronics,Accessories,3,9651.38,0.15,24611.02,Net Banking,Cancelled,Returning
O102138,2026-05-11,C1173,Customer 1173,Male,58,Cuttack,Odisha,East,P2081,Men Product 2081,Fashion,Men,4,63359.53,0.15,215422.4,Credit Card,Completed,Returning
O102139,2026-05-12,C1480,Customer 1480,Female,54,Kozhikode,Kerala,South,P2001,Accessories Product 2001,Electronics,Accessories,1,63975.38,0.05,60776.61,UPI,Completed,Returning
O102140,2026-05-20,C1290,Customer 1290,Female,30,Pune,Maharashtra,West,P2079,Laptops Product 2079,Electronics,Laptops,1,12821.16,0.05,12180.1,Credit Card,Completed,Returning
O102141,2026-06-16,C1045,Customer 1045,Female,41,Cuttack,Odisha,East,P2032,Mobiles Product 2032,Electronics,Mobiles,4,7978.59,0.2,25531.49,UPI,Completed,Returning
O102142,2025-11-11,C1061,Customer 1061,Male,59,Vadodara,Gujarat,West,P2009,Skincare Product 2009,Beauty,Skincare,1,22588.57,0.1,20329.71,Debit Card,Completed,Returning
O102143,2025-03-10,C1083,Customer 1083,Male,58,Kolkata,West Bengal,East,P2015,Furniture Product 2015,Home & Kitchen,Furniture,2,17477.61,0.2,27964.18,Cash on Delivery,Completed,New
O102144,2025-06-10,C1123,Customer 1123,Female,35,Patna,Bihar,East,P2028,Furniture Product 2028,Home & Kitchen,Furniture,2,29619.27,0.1,53314.69,UPI,Completed,New
O102145,2025-05-25,C1358,Customer 1358,Female,38,New Delhi,Delhi,North,P2024,Men Product 2024,Fashion,Men,1,15279.2,0.1,13751.28,Credit Card,Completed,New
O102146,2026-07-23,C1016,Customer 1016,Male,46,Bhubaneswar,Odisha,East,P2060,Women Product 2060,Fashion,Women,2,54476.75,0,108953.5,Debit Card,Completed,Returning
O102147,2026-08-18,C1066,Customer 1066,Female,36,Warangal,Telangana,South,P2035,Mobiles Product 2035,Electronics,Mobiles,2,38973.06,0.05,74048.81,Net Banking,Completed,Returning
O102148,2026-01-20,C1424,Customer 1424,Male,30,Noida,Uttar Pradesh,North,P2086,Mobiles Product 2086,Electronics,Mobiles,2,70060.46,0.1,126108.83,UPI,Completed,Returning
O102149,2025-09-26,C1145,Customer 1145,Female,21,Noida,Uttar Pradesh,North,P2027,Kitchen Product 2027,Home & Kitchen,Kitchen,1,11473.67,0.1,10326.3,UPI,Completed,Returning
O102150,2026-03-30,C1375,Customer 1375,Male,53,Surat,Gujarat,West,P2083,Mobiles Product 2083,Electronics,Mobiles,5,2853.83,0.1,12842.24,Cash on Delivery,Completed,Returning
O102151,2026-06-02,C1162,Customer 1162,Male,44,Kolkata,West Bengal,East,P2076,Laptops Product 2076,Electronics,Laptops,1,33823.68,0.15,28750.13,UPI,Completed,Returning
O102152,2025-12-16,C1234,Customer 1234,Female,48,Kolkata,West Bengal,East,P2020,Footwear Product 2020,Fashion,Footwear,2,47078.66,0.1,84741.59,Debit Card,Completed,Returning
O102153,2025-04-20,C1380,Customer 1380,Male,49,Kolkata,West Bengal,East,P2065,Makeup Product 2065,Beauty,Makeup,3,58267.22,0.15,148581.41,Net Banking,Completed,New
O102154,2026-04-28,C1144,Customer 1144,Female,50,Salem,Tamil Nadu,South,P2085,Fitness Product 2085,Sports,Fitness,1,48108.22,0.05,45702.81,Cash on Delivery,Completed,Returning
O102155,2026-02-11,C1358,Customer 1358,Female,38,New Delhi,Delhi,North,P2049,Appliances Product 2049,Home & Kitchen,Appliances,3,16675.28,0.1,45023.26,UPI,Completed,Returning
O102156,2025-02-20,C1188,Customer 1188,Male,44,Warangal,Telangana,South,P2001,Accessories Product 2001,Electronics,Accessories,5,63975.38,0,319876.9,Credit Card,Returned,New
O102157,2026-02-07,C1322,Customer 1322,Male,24,Mysuru,Karnataka,South,P2010,Sportswear Product 2010,Sports,Sportswear,1,51133.3,0.1,46019.97,UPI,Completed,Returning
O102158,2026-07-17,C1450,Customer 1450,Female,53,Kanpur,Uttar Pradesh,North,P2047,Laptops Product 2047,Electronics,Laptops,1,6397.76,0.05,6077.87,Credit Card,Completed,Returning
O102159,2026-04-21,C1474,Customer 1474,Female,33,Kolkata,West Bengal,East,P2059,Mobiles Product 2059,Electronics,Mobiles,4,38695.49,0.05,147042.86,Debit Card,Completed,Returning
O102160,2025-03-28,C1013,Customer 1013,Male,41,Hyderabad,Telangana,South,P2096,Outdoor Product 2096,Sports,Outdoor,1,19371.4,0.05,18402.83,Cash on Delivery,Completed,Returning
O102161,2025-03-09,C1184,Customer 1184,Male,60,Ahmedabad,Gujarat,West,P2062,Makeup Product 2062,Beauty,Makeup,1,20979.04,0,20979.04,Credit Card,Completed,Returning
O102162,2026-08-19,C1111,Customer 1111,Female,24,Mangaluru,Karnataka,South,P2086,Mobiles Product 2086,Electronics,Mobiles,4,70060.46,0.1,252217.66,Credit Card,Completed,Returning
O102163,2025-02-11,C1415,Customer 1415,Male,24,Chennai,Tamil Nadu,South,P2018,Women Product 2018,Fashion,Women,3,15516.48,0.25,34912.08,Credit Card,Completed,Returning
O102164,2025-02-26,C1290,Customer 1290,Female,30,Pune,Maharashtra,West,P2046,Appliances Product 2046,Home & Kitchen,Appliances,5,3344.33,0.05,15885.57,UPI,Cancelled,New
O102165,2025-07-15,C1295,Customer 1295,Female,27,Ahmedabad,Gujarat,West,P2032,Mobiles Product 2032,Electronics,Mobiles,1,7978.59,0.15,6781.8,UPI,Completed,Returning
O102166,2025-03-03,C1451,Customer 1451,Female,33,Vadodara,Gujarat,West,P2027,Kitchen Product 2027,Home & Kitchen,Kitchen,1,11473.67,0.1,10326.3,UPI,Completed,Returning
O102167,2025-09-20,C1392,Customer 1392,Male,53,Pune,Maharashtra,West,P2092,Footwear Product 2092,Fashion,Footwear,1,2539.03,0.05,2412.08,Net Banking,Completed,Returning
O102168,2025-04-22,C1215,Customer 1215,Male,50,Kolkata,West Bengal,East,P2018,Women Product 2018,Fashion,Women,2,15516.48,0,31032.96,Credit Card,Completed,Returning
O102169,2025-06-27,C1462,Customer 1462,Male,27,Cuttack,Odisha,East,P2039,Footwear Product 2039,Fashion,Footwear,2,15251.22,0,30502.44,UPI,Completed,Returning
O102170,2025-01-26,C1120,Customer 1120,Male,23,Cuttack,Odisha,East,P2049,Appliances Product 2049,Home & Kitchen,Appliances,1,16675.28,0.15,14173.99,Credit Card,Returned,New
O102171,2026-02-14,C1382,Customer 1382,Female,36,Chennai,Tamil Nadu,South,P2093,Furniture Product 2093,Home & Kitchen,Furniture,1,15378.45,0.05,14609.53,UPI,Completed,Returning
O102172,2026-06-15,C1055,Customer 1055,Male,58,Bhubaneswar,Odisha,East,P2082,Makeup Product 2082,Beauty,Makeup,2,65159.86,0,130319.72,UPI,Completed,Returning
O102173,2025-11-13,C1027,Customer 1027,Female,44,Ahmedabad,Gujarat,West,P2044,Makeup Product 2044,Beauty,Makeup,2,61167.44,0.05,116218.14,Net Banking,Completed,Returning
O102174,2026-06-16,C1118,Customer 1118,Female,20,Patna,Bihar,East,P2072,Outdoor Product 2072,Sports,Outdoor,1,64391.57,0.1,57952.41,Cash on Delivery,Completed,Returning
O102175,2025-04-16,C1221,Customer 1221,Male,37,Patna,Bihar,East,P2054,Accessories Product 2054,Electronics,Accessories,4,51113.05,0.15,173784.37,UPI,Completed,Returning
O102176,2026-04-09,C1231,Customer 1231,Female,46,Kolkata,West Bengal,East,P2095,Skincare Product 2095,Beauty,Skincare,1,33448.14,0.05,31775.73,Net Banking,Completed,Returning
O102177,2025-09-03,C1053,Customer 1053,Male,27,Lucknow,Uttar Pradesh,North,P2034,Men Product 2034,Fashion,Men,2,42105.76,0.1,75790.37,Credit Card,Completed,Returning
O102178,2025-03-22,C1295,Customer 1295,Female,27,Ahmedabad,Gujarat,West,P2071,Mobiles Product 2071,Electronics,Mobiles,3,29513.79,0.1,79687.23,Credit Card,Completed,Returning
O102179,2026-01-31,C1321,Customer 1321,Female,37,Thrissur,Kerala,South,P2036,Mobiles Product 2036,Electronics,Mobiles,2,6463.39,0,12926.78,Debit Card,Completed,Returning
O102180,2026-06-06,C1401,Customer 1401,Female,52,Warangal,Telangana,South,P2018,Women Product 2018,Fashion,Women,1,15516.48,0.05,14740.66,UPI,Completed,Returning
O102181,2025-09-21,C1233,Customer 1233,Female,24,Patna,Bihar,East,P2038,Accessories Product 2038,Electronics,Accessories,1,15304.17,0.1,13773.75,UPI,Completed,Returning
O102182,2025-10-01,C1158,Customer 1158,Female,23,Kozhikode,Kerala,South,P2059,Mobiles Product 2059,Electronics,Mobiles,3,38695.49,0.1,104477.82,UPI,Completed,Returning
O102183,2025-06-21,C1437,Customer 1437,Female,38,Jaipur,Rajasthan,North,P2009,Skincare Product 2009,Beauty,Skincare,1,22588.57,0.15,19200.28,UPI,Returned,Returning
O102184,2025-09-22,C1269,Customer 1269,Male,57,Kolkata,West Bengal,East,P2073,Mobiles Product 2073,Electronics,Mobiles,2,58078.44,0.15,98733.35,UPI,Completed,Returning
O102185,2025-01-26,C1021,Customer 1021,Female,52,Lucknow,Uttar Pradesh,North,P2072,Outdoor Product 2072,Sports,Outdoor,5,64391.57,0.05,305859.96,UPI,Completed,Returning
O102186,2026-04-14,C1403,Customer 1403,Male,34,Mumbai,Maharashtra,West,P2051,Makeup Product 2051,Beauty,Makeup,5,3561.53,0.05,16917.27,Credit Card,Completed,Returning
O102187,2026-04-21,C1053,Customer 1053,Male,27,Lucknow,Uttar Pradesh,North,P2035,Mobiles Product 2035,Electronics,Mobiles,2,38973.06,0.1,70151.51,Debit Card,Completed,Returning
O102188,2025-12-22,C1275,Customer 1275,Male,30,Cuttack,Odisha,East,P2082,Makeup Product 2082,Beauty,Makeup,3,65159.86,0.15,166157.64,UPI,Completed,Returning
O102189,2025-01-26,C1313,Customer 1313,Female,52,Chennai,Tamil Nadu,South,P2005,Appliances Product 2005,Home & Kitchen,Appliances,5,61463.29,0,307316.45,UPI,Completed,Returning
O102190,2025-02-03,C1281,Customer 1281,Female,37,Patna,Bihar,East,P2014,Skincare Product 2014,Beauty,Skincare,1,73803.13,0.2,59042.5,UPI,Completed,Returning
O102191,2025-09-21,C1214,Customer 1214,Male,33,Patna,Bihar,East,P2092,Footwear Product 2092,Fashion,Footwear,1,2539.03,0.1,2285.13,Cash on Delivery,Completed,Returning
O102192,2025-05-18,C1031,Customer 1031,Male,55,New Delhi,Delhi,North,P2030,Men Product 2030,Fashion,Men,1,64551.14,0.05,61323.58,UPI,Cancelled,Returning
O102193,2026-07-20,C1337,Customer 1337,Male,46,Jaipur,Rajasthan,North,P2004,Kitchen Product 2004,Home & Kitchen,Kitchen,1,1952.63,0.15,1659.74,Cash on Delivery,Completed,Returning
O102194,2026-04-07,C1183,Customer 1183,Female,54,Chennai,Tamil Nadu,South,P2039,Footwear Product 2039,Fashion,Footwear,3,15251.22,0,45753.66,Credit Card,Cancelled,Returning
O102195,2025-06-17,C1023,Customer 1023,Female,58,Pune,Maharashtra,West,P2084,Fitness Product 2084,Sports,Fitness,2,39978.36,0.1,71961.05,Cash on Delivery,Cancelled,Returning
O102196,2025-03-22,C1032,Customer 1032,Male,39,Udaipur,Rajasthan,North,P2064,Furniture Product 2064,Home & Kitchen,Furniture,3,47477.55,0.1,128189.39,Credit Card,Completed,Returning
O102197,2026-02-11,C1446,Customer 1446,Male,24,Ahmedabad,Gujarat,West,P2025,Footwear Product 2025,Fashion,Footwear,3,48968.5,0,146905.5,UPI,Returned,Returning
O102198,2026-07-28,C1074,Customer 1074,Female,31,Mumbai,Maharashtra,West,P2028,Furniture Product 2028,Home & Kitchen,Furniture,2,29619.27,0.15,50352.76,Credit Card,Completed,Returning
O102199,2025-02-15,C1010,Customer 1010,Female,59,Noida,Uttar Pradesh,North,P2076,Laptops Product 2076,Electronics,Laptops,2,33823.68,0.15,57500.26,Debit Card,Returned,Returning
O102200,2026-08-22,C1484,Customer 1484,Female,47,Kolkata,West Bengal,East,P2066,Furniture Product 2066,Home & Kitchen,Furniture,1,13722.33,0,13722.33,Debit Card,Completed,Returning
O102201,2025-02-22,C1456,Customer 1456,Male,41,Kolkata,West Bengal,East,P2078,Accessories Product 2078,Electronics,Accessories,3,71159.18,0.05,202803.66,Credit Card,Completed,New
O102202,2026-04-21,C1054,Customer 1054,Female,24,Bengaluru,Karnataka,South,P2022,Outdoor Product 2022,Sports,Outdoor,1,34818.67,0,34818.67,UPI,Completed,Returning
O102203,2026-08-15,C1052,Customer 1052,Female,52,Kozhikode,Kerala,South,P2031,Makeup Product 2031,Beauty,Makeup,2,36193.87,0.15,61529.58,Debit Card,Completed,Returning
O102204,2025-01-16,C1148,Customer 1148,Male,36,Jaipur,Rajasthan,North,P2023,Accessories Product 2023,Electronics,Accessories,1,9651.38,0.05,9168.81,Cash on Delivery,Completed,New
O102205,2025-12-26,C1160,Customer 1160,Female,48,Kochi,Kerala,South,P2048,Accessories Product 2048,Electronics,Accessories,4,48876.98,0.1,175957.13,Cash on Delivery,Returned,Returning
O102206,2026-05-02,C1370,Customer 1370,Male,47,New Delhi,Delhi,North,P2020,Footwear Product 2020,Fashion,Footwear,4,47078.66,0.05,178898.91,Debit Card,Cancelled,Returning
O102207,2026-05-17,C1014,Customer 1014,Male,42,Kolkata,West Bengal,East,P2038,Accessories Product 2038,Electronics,Accessories,2,15304.17,0.05,29077.92,UPI,Completed,Returning
O102208,2025-05-21,C1178,Customer 1178,Male,56,Mysuru,Karnataka,South,P2055,Accessories Product 2055,Electronics,Accessories,2,15507.3,0.15,26362.41,UPI,Completed,Returning
O102209,2026-03-23,C1412,Customer 1412,Female,36,Ahmedabad,Gujarat,West,P2068,Furniture Product 2068,Home & Kitchen,Furniture,2,37073.16,0.15,63024.37,Net Banking,Completed,Returning
O102210,2025-10-17,C1366,Customer 1366,Male,20,New Delhi,Delhi,North,P2079,Laptops Product 2079,Electronics,Laptops,1,12821.16,0.1,11539.04,Net Banking,Completed,Returning
O102211,2025-07-28,C1500,Customer 1500,Female,37,Ahmedabad,Gujarat,West,P2088,Men Product 2088,Fashion,Men,1,36148.31,0.1,32533.48,Cash on Delivery,Completed,Returning
O102212,2026-04-20,C1053,Customer 1053,Male,27,Lucknow,Uttar Pradesh,North,P2089,Women Product 2089,Fashion,Women,2,71400.34,0.1,128520.61,Credit Card,Completed,Returning
O102213,2026-02-17,C1408,Customer 1408,Female,23,Patna,Bihar,East,P2001,Accessories Product 2001,Electronics,Accessories,1,63975.38,0,63975.38,Net Banking,Completed,Returning
O102214,2026-03-03,C1335,Customer 1335,Female,44,New Delhi,Delhi,North,P2007,Mobiles Product 2007,Electronics,Mobiles,1,70839.48,0,70839.48,Net Banking,Completed,Returning
O102215,2026-01-06,C1022,Customer 1022,Male,28,Coimbatore,Tamil Nadu,South,P2057,Skincare Product 2057,Beauty,Skincare,2,63514.52,0.05,120677.59,Debit Card,Completed,Returning
O102216,2025-10-17,C1030,Customer 1030,Female,26,Bhubaneswar,Odisha,East,P2095,Skincare Product 2095,Beauty,Skincare,1,33448.14,0.15,28430.92,Net Banking,Completed,Returning
O102217,2026-03-08,C1191,Customer 1191,Male,38,Nagpur,Maharashtra,West,P2012,Fitness Product 2012,Sports,Fitness,1,70788.11,0.2,56630.49,UPI,Completed,Returning
O102218,2025-09-25,C1260,Customer 1260,Male,27,Kolkata,West Bengal,East,P2005,Appliances Product 2005,Home & Kitchen,Appliances,1,61463.29,0,61463.29,Debit Card,Completed,Returning
O102219,2025-05-31,C1205,Customer 1205,Female,54,Cuttack,Odisha,East,P2050,Fitness Product 2050,Sports,Fitness,1,13904.21,0.05,13209,Cash on Delivery,Completed,Returning
O102220,2025-09-12,C1059,Customer 1059,Male,49,Patna,Bihar,East,P2042,Sportswear Product 2042,Sports,Sportswear,2,46086.93,0.05,87565.17,UPI,Completed,Returning
O102221,2025-12-19,C1471,Customer 1471,Male,43,Kolkata,West Bengal,East,P2012,Fitness Product 2012,Sports,Fitness,2,70788.11,0.15,120339.79,Debit Card,Completed,Returning
O102222,2026-01-12,C1264,Customer 1264,Male,22,Kolkata,West Bengal,East,P2018,Women Product 2018,Fashion,Women,4,15516.48,0.15,52756.03,UPI,Completed,Returning
O102223,2025-12-24,C1466,Customer 1466,Male,33,Noida,Uttar Pradesh,North,P2066,Furniture Product 2066,Home & Kitchen,Furniture,1,13722.33,0,13722.33,Net Banking,Completed,Returning
O102224,2026-08-31,C1012,Customer 1012,Male,51,Vadodara,Gujarat,West,P2074,Mobiles Product 2074,Electronics,Mobiles,3,18005.98,0.15,45915.25,Debit Card,Completed,Returning
O102225,2026-01-05,C1119,Customer 1119,Female,24,New Delhi,Delhi,North,P2079,Laptops Product 2079,Electronics,Laptops,1,12821.16,0.15,10897.99,Cash on Delivery,Completed,Returning
O102226,2025-08-15,C1415,Customer 1415,Male,24,Chennai,Tamil Nadu,South,P2094,Women Product 2094,Fashion,Women,2,14369.68,0,28739.36,Debit Card,Completed,Returning
O102227,2025-10-30,C1462,Customer 1462,Male,27,Cuttack,Odisha,East,P2017,Appliances Product 2017,Home & Kitchen,Appliances,2,35523.47,0.1,63942.25,Credit Card,Completed,Returning
O102228,2026-01-24,C1290,Customer 1290,Female,30,Pune,Maharashtra,West,P2068,Furniture Product 2068,Home & Kitchen,Furniture,2,37073.16,0.1,66731.69,UPI,Returned,Returning
O102229,2026-01-12,C1338,Customer 1338,Male,32,Thrissur,Kerala,South,P2071,Mobiles Product 2071,Electronics,Mobiles,2,29513.79,0,59027.58,Net Banking,Completed,Returning
O102230,2025-04-28,C1248,Customer 1248,Male,38,Vadodara,Gujarat,West,P2062,Makeup Product 2062,Beauty,Makeup,1,20979.04,0.05,19930.09,Credit Card,Completed,Returning
O102231,2025-01-05,C1354,Customer 1354,Female,56,Thrissur,Kerala,South,P2041,Accessories Product 2041,Electronics,Accessories,1,2659.49,0,2659.49,Debit Card,Returned,New
O102232,2026-03-20,C1127,Customer 1127,Female,46,Nagpur,Maharashtra,West,P2095,Skincare Product 2095,Beauty,Skincare,3,33448.14,0.1,90309.98,UPI,Completed,Returning
O102233,2025-12-18,C1075,Customer 1075,Male,20,Bhubaneswar,Odisha,East,P2034,Men Product 2034,Fashion,Men,1,42105.76,0.15,35789.9,Cash on Delivery,Completed,Returning
O102234,2026-06-17,C1361,Customer 1361,Female,33,Nagpur,Maharashtra,West,P2070,Men Product 2070,Fashion,Men,1,49797.81,0.1,44818.03,Credit Card,Completed,Returning
O102235,2025-05-04,C1204,Customer 1204,Male,24,Warangal,Telangana,South,P2045,Laptops Product 2045,Electronics,Laptops,1,61352.14,0,61352.14,Cash on Delivery,Completed,New
O102236,2025-10-04,C1049,Customer 1049,Female,25,Salem,Tamil Nadu,South,P2058,Women Product 2058,Fashion,Women,1,74077.42,0,74077.42,Debit Card,Completed,Returning
O102237,2026-01-29,C1079,Customer 1079,Male,44,Salem,Tamil Nadu,South,P2051,Makeup Product 2051,Beauty,Makeup,2,3561.53,0.1,6410.75,UPI,Completed,Returning
O102238,2025-12-26,C1441,Customer 1441,Male,47,Mysuru,Karnataka,South,P2034,Men Product 2034,Fashion,Men,2,42105.76,0.05,80000.94,Debit Card,Completed,Returning
O102239,2026-04-14,C1479,Customer 1479,Male,57,Salem,Tamil Nadu,South,P2044,Makeup Product 2044,Beauty,Makeup,1,61167.44,0.1,55050.7,Cash on Delivery,Completed,Returning
O102240,2025-02-26,C1241,Customer 1241,Female,36,Cuttack,Odisha,East,P2015,Furniture Product 2015,Home & Kitchen,Furniture,1,17477.61,0,17477.61,Net Banking,Completed,New
O102241,2025-09-08,C1349,Customer 1349,Female,50,Jaipur,Rajasthan,North,P2078,Accessories Product 2078,Electronics,Accessories,2,71159.18,0.15,120970.61,Credit Card,Completed,Returning
O102242,2025-05-30,C1154,Customer 1154,Male,45,Udaipur,Rajasthan,North,P2070,Men Product 2070,Fashion,Men,2,49797.81,0.2,79676.5,Cash on Delivery,Completed,Returning
O102243,2026-03-28,C1274,Customer 1274,Female,40,Mangaluru,Karnataka,South,P2050,Fitness Product 2050,Sports,Fitness,5,13904.21,0.2,55616.84,UPI,Completed,Returning
O102244,2025-06-11,C1096,Customer 1096,Female,24,Kanpur,Uttar Pradesh,North,P2032,Mobiles Product 2032,Electronics,Mobiles,4,7978.59,0.05,30318.64,Credit Card,Completed,Returning
O102245,2025-04-30,C1214,Customer 1214,Male,33,Patna,Bihar,East,P2067,Laptops Product 2067,Electronics,Laptops,4,38592.36,0.1,138932.5,Debit Card,Completed,Returning
O102246,2026-08-05,C1294,Customer 1294,Female,35,Bhubaneswar,Odisha,East,P2003,Makeup Product 2003,Beauty,Makeup,3,44701.37,0.05,127398.9,UPI,Completed,Returning
O102247,2025-12-17,C1209,Customer 1209,Female,55,Ahmedabad,Gujarat,West,P2086,Mobiles Product 2086,Electronics,Mobiles,2,70060.46,0.15,119102.78,Credit Card,Completed,Returning
O102248,2025-04-09,C1343,Customer 1343,Male,20,Patna,Bihar,East,P2086,Mobiles Product 2086,Electronics,Mobiles,1,70060.46,0,70060.46,Debit Card,Completed,Returning
O102249,2025-06-16,C1088,Customer 1088,Male,31,Mangaluru,Karnataka,South,P2074,Mobiles Product 2074,Electronics,Mobiles,2,18005.98,0.15,30610.17,Debit Card,Completed,Returning
O102250,2026-05-29,C1306,Customer 1306,Male,47,Hyderabad,Telangana,South,P2051,Makeup Product 2051,Beauty,Makeup,1,3561.53,0.1,3205.38,UPI,Completed,Returning
O102251,2026-02-05,C1264,Customer 1264,Male,22,Kolkata,West Bengal,East,P2067,Laptops Product 2067,Electronics,Laptops,3,38592.36,0.2,92621.66,Debit Card,Completed,Returning
O102252,2025-12-31,C1425,Customer 1425,Female,35,New Delhi,Delhi,North,P2076,Laptops Product 2076,Electronics,Laptops,2,33823.68,0.15,57500.26,Debit Card,Completed,Returning
O102253,2026-07-31,C1390,Customer 1390,Male,58,Mangaluru,Karnataka,South,P2093,Furniture Product 2093,Home & Kitchen,Furniture,2,15378.45,0.05,29219.06,Credit Card,Completed,Returning
O102254,2025-11-22,C1325,Customer 1325,Female,29,Mangaluru,Karnataka,South,P2048,Accessories Product 2048,Electronics,Accessories,1,48876.98,0.2,39101.58,Net Banking,Completed,Returning
O102255,2026-08-04,C1428,Customer 1428,Female,59,Jaipur,Rajasthan,North,P2017,Appliances Product 2017,Home & Kitchen,Appliances,2,35523.47,0.05,67494.59,UPI,Completed,Returning
O102256,2025-09-04,C1377,Customer 1377,Female,31,Jaipur,Rajasthan,North,P2007,Mobiles Product 2007,Electronics,Mobiles,1,70839.48,0.25,53129.61,Net Banking,Completed,Returning
O102257,2026-03-10,C1320,Customer 1320,Female,25,New Delhi,Delhi,North,P2013,Appliances Product 2013,Home & Kitchen,Appliances,1,72349.68,0.15,61497.23,Net Banking,Returned,Returning
O102258,2025-04-03,C1157,Customer 1157,Male,26,Vadodara,Gujarat,West,P2066,Furniture Product 2066,Home & Kitchen,Furniture,1,13722.33,0.25,10291.75,Debit Card,Completed,New
O102259,2025-09-25,C1156,Customer 1156,Female,60,Vadodara,Gujarat,West,P2004,Kitchen Product 2004,Home & Kitchen,Kitchen,1,1952.63,0,1952.63,Credit Card,Completed,Returning
O102260,2025-11-17,C1139,Customer 1139,Male,59,New Delhi,Delhi,North,P2010,Sportswear Product 2010,Sports,Sportswear,1,51133.3,0.05,48576.64,Credit Card,Completed,Returning
O102261,2025-03-03,C1121,Customer 1121,Female,35,Kanpur,Uttar Pradesh,North,P2088,Men Product 2088,Fashion,Men,2,36148.31,0.15,61452.13,Credit Card,Completed,Returning
O102262,2025-10-27,C1065,Customer 1065,Male,38,Thrissur,Kerala,South,P2017,Appliances Product 2017,Home & Kitchen,Appliances,3,35523.47,0.2,85256.33,Debit Card,Completed,Returning
O102263,2026-02-07,C1107,Customer 1107,Female,49,Pune,Maharashtra,West,P2052,Laptops Product 2052,Electronics,Laptops,1,54024.37,0,54024.37,Credit Card,Completed,Returning
O102264,2026-07-21,C1147,Customer 1147,Male,42,Salem,Tamil Nadu,South,P2006,Accessories Product 2006,Electronics,Accessories,1,33608.93,0,33608.93,UPI,Completed,Returning
O102265,2025-10-30,C1137,Customer 1137,Male,20,New Delhi,Delhi,North,P2083,Mobiles Product 2083,Electronics,Mobiles,5,2853.83,0.05,13555.69,Debit Card,Completed,Returning
O102266,2025-09-10,C1411,Customer 1411,Male,29,Kolkata,West Bengal,East,P2069,Mobiles Product 2069,Electronics,Mobiles,2,33564.3,0.2,53702.88,Net Banking,Completed,Returning
O102267,2026-04-23,C1162,Customer 1162,Male,44,Kolkata,West Bengal,East,P2096,Outdoor Product 2096,Sports,Outdoor,1,19371.4,0.15,16465.69,UPI,Completed,Returning
O102268,2026-01-04,C1428,Customer 1428,Female,59,Jaipur,Rajasthan,North,P2074,Mobiles Product 2074,Electronics,Mobiles,2,18005.98,0.05,34211.36,Cash on Delivery,Completed,Returning
O102269,2025-06-09,C1452,Customer 1452,Female,45,Kolkata,West Bengal,East,P2009,Skincare Product 2009,Beauty,Skincare,3,22588.57,0,67765.71,UPI,Completed,Returning
O102270,2025-06-15,C1100,Customer 1100,Male,35,Jaipur,Rajasthan,North,P2091,Accessories Product 2091,Electronics,Accessories,1,36816.84,0.1,33135.16,Credit Card,Completed,Returning
O102271,2025-07-24,C1338,Customer 1338,Male,32,Thrissur,Kerala,South,P2077,Men Product 2077,Fashion,Men,1,32487.3,0.05,30862.94,Credit Card,Cancelled,Returning
O102272,2025-09-24,C1399,Customer 1399,Female,53,Jodhpur,Rajasthan,North,P2083,Mobiles Product 2083,Electronics,Mobiles,2,2853.83,0.15,4851.51,UPI,Completed,Returning
O102273,2025-05-18,C1307,Customer 1307,Female,56,Ahmedabad,Gujarat,West,P2021,Mobiles Product 2021,Electronics,Mobiles,1,68414.15,0.1,61572.73,Cash on Delivery,Completed,Returning
O102274,2026-01-03,C1141,Customer 1141,Female,48,Ahmedabad,Gujarat,West,P2024,Men Product 2024,Fashion,Men,3,15279.2,0.15,38961.96,Credit Card,Completed,Returning
O102275,2026-03-19,C1083,Customer 1083,Male,58,Kolkata,West Bengal,East,P2004,Kitchen Product 2004,Home & Kitchen,Kitchen,1,1952.63,0.2,1562.1,UPI,Completed,Returning
O102276,2026-07-21,C1177,Customer 1177,Male,51,Surat,Gujarat,West,P2024,Men Product 2024,Fashion,Men,2,15279.2,0.1,27502.56,Debit Card,Cancelled,Returning
O102277,2025-01-17,C1198,Customer 1198,Female,26,Hyderabad,Telangana,South,P2059,Mobiles Product 2059,Electronics,Mobiles,2,38695.49,0.05,73521.43,Debit Card,Cancelled,New
O102278,2025-03-09,C1112,Customer 1112,Male,55,Patna,Bihar,East,P2099,Sportswear Product 2099,Sports,Sportswear,1,42924.55,0.15,36485.87,Cash on Delivery,Completed,New
O102279,2025-05-13,C1056,Customer 1056,Female,23,New Delhi,Delhi,North,P2003,Makeup Product 2003,Beauty,Makeup,3,44701.37,0.05,127398.9,Credit Card,Completed,Returning
O102280,2026-03-06,C1460,Customer 1460,Male,55,Lucknow,Uttar Pradesh,North,P2068,Furniture Product 2068,Home & Kitchen,Furniture,5,37073.16,0.2,148292.64,UPI,Completed,Returning
O102281,2025-11-04,C1179,Customer 1179,Male,31,Kolkata,West Bengal,East,P2040,Mobiles Product 2040,Electronics,Mobiles,2,71380.78,0,142761.56,UPI,Completed,Returning
O102282,2025-06-23,C1421,Customer 1421,Female,42,Mysuru,Karnataka,South,P2048,Accessories Product 2048,Electronics,Accessories,4,48876.98,0.15,166181.73,Debit Card,Returned,Returning
O102283,2026-02-16,C1401,Customer 1401,Female,52,Warangal,Telangana,South,P2054,Accessories Product 2054,Electronics,Accessories,1,51113.05,0,51113.05,Debit Card,Completed,Returning
O102284,2025-04-07,C1186,Customer 1186,Male,36,Warangal,Telangana,South,P2035,Mobiles Product 2035,Electronics,Mobiles,3,38973.06,0,116919.18,Cash on Delivery,Completed,Returning
O102285,2025-06-03,C1471,Customer 1471,Male,43,Kolkata,West Bengal,East,P2095,Skincare Product 2095,Beauty,Skincare,1,33448.14,0.05,31775.73,Debit Card,Completed,Returning
O102286,2025-08-30,C1218,Customer 1218,Male,42,Noida,Uttar Pradesh,North,P2056,Fitness Product 2056,Sports,Fitness,1,65159.96,0.25,48869.97,Cash on Delivery,Completed,Returning
O102287,2025-10-31,C1413,Customer 1413,Female,39,Patna,Bihar,East,P2089,Women Product 2089,Fashion,Women,1,71400.34,0.25,53550.26,Cash on Delivery,Completed,Returning
O102288,2025-10-12,C1417,Customer 1417,Male,25,New Delhi,Delhi,North,P2040,Mobiles Product 2040,Electronics,Mobiles,1,71380.78,0,71380.78,Credit Card,Completed,Returning
O102289,2025-01-27,C1316,Customer 1316,Female,47,Cuttack,Odisha,East,P2077,Men Product 2077,Fashion,Men,1,32487.3,0,32487.3,UPI,Completed,Returning
O102290,2026-02-06,C1475,Customer 1475,Male,26,Mysuru,Karnataka,South,P2068,Furniture Product 2068,Home & Kitchen,Furniture,4,37073.16,0.05,140878.01,UPI,Completed,Returning
O102291,2025-12-26,C1217,Customer 1217,Female,54,Bengaluru,Karnataka,South,P2046,Appliances Product 2046,Home & Kitchen,Appliances,3,3344.33,0.05,9531.34,UPI,Returned,Returning
O102292,2025-03-01,C1120,Customer 1120,Male,23,Cuttack,Odisha,East,P2078,Accessories Product 2078,Electronics,Accessories,1,71159.18,0.15,60485.3,Credit Card,Cancelled,Returning
O102293,2025-07-21,C1439,Customer 1439,Male,24,Bhubaneswar,Odisha,East,P2013,Appliances Product 2013,Home & Kitchen,Appliances,1,72349.68,0.1,65114.71,UPI,Completed,Returning
O102294,2026-08-04,C1394,Customer 1394,Female,53,Bhubaneswar,Odisha,East,P2027,Kitchen Product 2027,Home & Kitchen,Kitchen,3,11473.67,0.15,29257.86,UPI,Completed,Returning
O102295,2026-01-05,C1175,Customer 1175,Female,43,Madurai,Tamil Nadu,South,P2006,Accessories Product 2006,Electronics,Accessories,1,33608.93,0.15,28567.59,UPI,Completed,Returning
O102296,2026-06-17,C1023,Customer 1023,Female,58,Pune,Maharashtra,West,P2017,Appliances Product 2017,Home & Kitchen,Appliances,1,35523.47,0.1,31971.12,UPI,Completed,Returning
O102297,2025-06-01,C1213,Customer 1213,Male,58,Cuttack,Odisha,East,P2036,Mobiles Product 2036,Electronics,Mobiles,2,6463.39,0.15,10987.76,Credit Card,Completed,Returning
O102298,2025-04-12,C1405,Customer 1405,Female,36,Noida,Uttar Pradesh,North,P2099,Sportswear Product 2099,Sports,Sportswear,1,42924.55,0,42924.55,UPI,Completed,Returning
O102299,2026-08-30,C1235,Customer 1235,Female,56,Lucknow,Uttar Pradesh,North,P2081,Men Product 2081,Fashion,Men,1,63359.53,0,63359.53,Credit Card,Completed,Returning
O102300,2026-03-22,C1013,Customer 1013,Male,41,Hyderabad,Telangana,South,P2002,Sportswear Product 2002,Sports,Sportswear,2,72675.18,0.15,123547.81,UPI,Completed,Returning
O102301,2025-08-17,C1101,Customer 1101,Male,45,Kozhikode,Kerala,South,P2077,Men Product 2077,Fashion,Men,2,32487.3,0.05,61725.87,Net Banking,Completed,Returning
O102302,2025-05-05,C1417,Customer 1417,Male,25,New Delhi,Delhi,North,P2052,Laptops Product 2052,Electronics,Laptops,1,54024.37,0,54024.37,UPI,Completed,Returning
O102303,2025-08-24,C1024,Customer 1024,Female,48,Ahmedabad,Gujarat,West,P2066,Furniture Product 2066,Home & Kitchen,Furniture,4,13722.33,0.2,43911.46,Net Banking,Completed,Returning
O102304,2025-06-11,C1364,Customer 1364,Female,32,Salem,Tamil Nadu,South,P2052,Laptops Product 2052,Electronics,Laptops,2,54024.37,0.1,97243.87,Debit Card,Completed,Returning
O102305,2026-07-08,C1011,Customer 1011,Male,43,Nagpur,Maharashtra,West,P2092,Footwear Product 2092,Fashion,Footwear,1,2539.03,0.1,2285.13,Credit Card,Returned,Returning
O102306,2025-12-19,C1273,Customer 1273,Female,35,Jaipur,Rajasthan,North,P2043,Furniture Product 2043,Home & Kitchen,Furniture,1,47010.26,0.15,39958.72,Credit Card,Completed,Returning
O102307,2025-03-09,C1452,Customer 1452,Female,45,Kolkata,West Bengal,East,P2090,Men Product 2090,Fashion,Men,1,43634.38,0.05,41452.66,Credit Card,Completed,Returning
O102308,2025-06-22,C1431,Customer 1431,Male,22,Vadodara,Gujarat,West,P2022,Outdoor Product 2022,Sports,Outdoor,1,34818.67,0.25,26114,UPI,Completed,Returning
O102309,2026-07-13,C1281,Customer 1281,Female,37,Patna,Bihar,East,P2055,Accessories Product 2055,Electronics,Accessories,1,15507.3,0,15507.3,Net Banking,Completed,Returning
O102310,2025-09-18,C1094,Customer 1094,Female,33,Noida,Uttar Pradesh,North,P2067,Laptops Product 2067,Electronics,Laptops,1,38592.36,0.1,34733.12,Cash on Delivery,Completed,Returning
O102311,2025-08-05,C1201,Customer 1201,Male,50,Cuttack,Odisha,East,P2099,Sportswear Product 2099,Sports,Sportswear,1,42924.55,0.15,36485.87,Cash on Delivery,Completed,Returning
O102312,2025-05-04,C1021,Customer 1021,Female,52,Lucknow,Uttar Pradesh,North,P2060,Women Product 2060,Fashion,Women,2,54476.75,0.1,98058.15,Debit Card,Completed,Returning
O102313,2025-06-11,C1340,Customer 1340,Female,53,Kolkata,West Bengal,East,P2058,Women Product 2058,Fashion,Women,3,74077.42,0.15,188897.42,Credit Card,Completed,Returning
O102314,2025-07-20,C1467,Customer 1467,Female,45,Pune,Maharashtra,West,P2012,Fitness Product 2012,Sports,Fitness,2,70788.11,0.2,113260.98,Credit Card,Completed,Returning
O102315,2026-03-30,C1211,Customer 1211,Male,35,Jodhpur,Rajasthan,North,P2088,Men Product 2088,Fashion,Men,2,36148.31,0.15,61452.13,Debit Card,Completed,Returning
O102316,2026-02-06,C1140,Customer 1140,Male,29,Kozhikode,Kerala,South,P2069,Mobiles Product 2069,Electronics,Mobiles,4,33564.3,0.05,127544.34,Net Banking,Completed,Returning
O102317,2026-04-07,C1293,Customer 1293,Male,51,Coimbatore,Tamil Nadu,South,P2084,Fitness Product 2084,Sports,Fitness,2,39978.36,0.1,71961.05,Credit Card,Returned,Returning
O102318,2025-10-02,C1298,Customer 1298,Male,43,Mysuru,Karnataka,South,P2039,Footwear Product 2039,Fashion,Footwear,1,15251.22,0.2,12200.98,Cash on Delivery,Completed,Returning
O102319,2025-07-25,C1401,Customer 1401,Female,52,Warangal,Telangana,South,P2013,Appliances Product 2013,Home & Kitchen,Appliances,1,72349.68,0.1,65114.71,UPI,Completed,Returning
O102320,2025-02-09,C1101,Customer 1101,Male,45,Kozhikode,Kerala,South,P2041,Accessories Product 2041,Electronics,Accessories,3,2659.49,0.15,6781.7,Credit Card,Completed,Returning
O102321,2025-09-30,C1304,Customer 1304,Female,27,Kanpur,Uttar Pradesh,North,P2057,Skincare Product 2057,Beauty,Skincare,1,63514.52,0.1,57163.07,Cash on Delivery,Completed,Returning
O102322,2025-04-03,C1359,Customer 1359,Male,36,Ahmedabad,Gujarat,West,P2053,Mobiles Product 2053,Electronics,Mobiles,1,37147.78,0,37147.78,Cash on Delivery,Completed,Returning
O102323,2025-02-11,C1028,Customer 1028,Female,43,Jaipur,Rajasthan,North,P2012,Fitness Product 2012,Sports,Fitness,2,70788.11,0,141576.22,Debit Card,Completed,Returning
O102324,2026-04-10,C1041,Customer 1041,Male,53,Ahmedabad,Gujarat,West,P2013,Appliances Product 2013,Home & Kitchen,Appliances,2,72349.68,0.25,108524.52,UPI,Completed,Returning
O102325,2026-01-14,C1355,Customer 1355,Female,56,New Delhi,Delhi,North,P2074,Mobiles Product 2074,Electronics,Mobiles,3,18005.98,0.1,48616.15,UPI,Completed,Returning
O102326,2025-04-17,C1303,Customer 1303,Male,45,Hyderabad,Telangana,South,P2097,Footwear Product 2097,Fashion,Footwear,1,70862.68,0,70862.68,UPI,Completed,Returning
O102327,2025-11-24,C1496,Customer 1496,Male,23,Bengaluru,Karnataka,South,P2057,Skincare Product 2057,Beauty,Skincare,1,63514.52,0.2,50811.62,Debit Card,Completed,Returning
O102328,2025-03-06,C1146,Customer 1146,Male,54,Salem,Tamil Nadu,South,P2040,Mobiles Product 2040,Electronics,Mobiles,4,71380.78,0.1,256970.81,Credit Card,Completed,Returning
O102329,2025-12-31,C1256,Customer 1256,Male,32,Mumbai,Maharashtra,West,P2080,Mobiles Product 2080,Electronics,Mobiles,1,26947.88,0.15,22905.7,Debit Card,Completed,Returning
O102330,2026-04-29,C1462,Customer 1462,Male,27,Cuttack,Odisha,East,P2045,Laptops Product 2045,Electronics,Laptops,1,61352.14,0,61352.14,Credit Card,Completed,Returning
O102331,2025-01-24,C1227,Customer 1227,Male,26,Pune,Maharashtra,West,P2035,Mobiles Product 2035,Electronics,Mobiles,2,38973.06,0.2,62356.9,Credit Card,Returned,New
O102332,2026-06-24,C1236,Customer 1236,Female,57,Surat,Gujarat,West,P2003,Makeup Product 2003,Beauty,Makeup,3,44701.37,0.1,120693.7,Debit Card,Completed,Returning
O102333,2025-03-03,C1361,Customer 1361,Female,33,Nagpur,Maharashtra,West,P2005,Appliances Product 2005,Home & Kitchen,Appliances,3,61463.29,0.15,156731.39,Cash on Delivery,Completed,New
O102334,2026-05-06,C1380,Customer 1380,Male,49,Kolkata,West Bengal,East,P2090,Men Product 2090,Fashion,Men,4,43634.38,0,174537.52,UPI,Cancelled,Returning
O102335,2025-09-30,C1455,Customer 1455,Male,45,Mumbai,Maharashtra,West,P2011,Footwear Product 2011,Fashion,Footwear,1,65143.66,0.05,61886.48,Net Banking,Cancelled,Returning
O102336,2025-08-17,C1489,Customer 1489,Male,41,Warangal,Telangana,South,P2071,Mobiles Product 2071,Electronics,Mobiles,1,29513.79,0.05,28038.1,Credit Card,Completed,Returning
O102337,2025-01-20,C1013,Customer 1013,Male,41,Hyderabad,Telangana,South,P2056,Fitness Product 2056,Sports,Fitness,1,65159.96,0.2,52127.97,Debit Card,Completed,Returning
O102338,2025-01-03,C1210,Customer 1210,Male,42,New Delhi,Delhi,North,P2010,Sportswear Product 2010,Sports,Sportswear,3,51133.3,0,153399.9,Cash on Delivery,Completed,New
O102339,2026-02-25,C1229,Customer 1229,Male,59,Mumbai,Maharashtra,West,P2034,Men Product 2034,Fashion,Men,2,42105.76,0.15,71579.79,UPI,Cancelled,Returning
O102340,2025-11-03,C1397,Customer 1397,Female,34,Kochi,Kerala,South,P2067,Laptops Product 2067,Electronics,Laptops,1,38592.36,0,38592.36,UPI,Completed,Returning
O102341,2026-03-08,C1100,Customer 1100,Male,35,Jaipur,Rajasthan,North,P2072,Outdoor Product 2072,Sports,Outdoor,2,64391.57,0,128783.14,UPI,Completed,Returning
O102342,2025-05-16,C1031,Customer 1031,Male,55,New Delhi,Delhi,North,P2031,Makeup Product 2031,Beauty,Makeup,1,36193.87,0.05,34384.18,UPI,Completed,Returning
O102343,2026-05-30,C1386,Customer 1386,Female,40,Kochi,Kerala,South,P2075,Laptops Product 2075,Electronics,Laptops,2,5790.21,0.15,9843.36,Debit Card,Returned,Returning
O102344,2025-07-12,C1016,Customer 1016,Male,46,Bhubaneswar,Odisha,East,P2071,Mobiles Product 2071,Electronics,Mobiles,3,29513.79,0.15,75260.16,UPI,Completed,Returning
O102345,2026-08-08,C1137,Customer 1137,Male,20,New Delhi,Delhi,North,P2066,Furniture Product 2066,Home & Kitchen,Furniture,1,13722.33,0.25,10291.75,UPI,Completed,Returning
O102346,2026-02-19,C1329,Customer 1329,Female,20,Salem,Tamil Nadu,South,P2070,Men Product 2070,Fashion,Men,1,49797.81,0.2,39838.25,Debit Card,Completed,Returning
O102347,2025-04-28,C1166,Customer 1166,Male,56,Jaipur,Rajasthan,North,P2041,Accessories Product 2041,Electronics,Accessories,1,2659.49,0,2659.49,Credit Card,Completed,Returning
O102348,2025-07-28,C1459,Customer 1459,Male,45,Cuttack,Odisha,East,P2063,Women Product 2063,Fashion,Women,1,27128.58,0.15,23059.29,Credit Card,Completed,Returning
O102349,2025-02-03,C1310,Customer 1310,Female,46,New Delhi,Delhi,North,P2032,Mobiles Product 2032,Electronics,Mobiles,1,7978.59,0.1,7180.73,Debit Card,Completed,New
O102350,2025-11-14,C1440,Customer 1440,Male,37,Vadodara,Gujarat,West,P2020,Footwear Product 2020,Fashion,Footwear,2,47078.66,0.2,75325.86,Debit Card,Completed,Returning
O102351,2025-04-30,C1470,Customer 1470,Female,33,Coimbatore,Tamil Nadu,South,P2057,Skincare Product 2057,Beauty,Skincare,1,63514.52,0,63514.52,UPI,Completed,Returning
O102352,2026-06-09,C1481,Customer 1481,Female,34,Pune,Maharashtra,West,P2098,Women Product 2098,Fashion,Women,4,18537.8,0.15,63028.52,Credit Card,Completed,Returning
O102353,2026-08-04,C1100,Customer 1100,Male,35,Jaipur,Rajasthan,North,P2050,Fitness Product 2050,Sports,Fitness,1,13904.21,0,13904.21,Net Banking,Completed,Returning
O102354,2025-03-30,C1109,Customer 1109,Female,42,Bhubaneswar,Odisha,East,P2080,Mobiles Product 2080,Electronics,Mobiles,1,26947.88,0.05,25600.49,Credit Card,Returned,Returning
O102355,2026-05-27,C1343,Customer 1343,Male,20,Patna,Bihar,East,P2025,Footwear Product 2025,Fashion,Footwear,1,48968.5,0,48968.5,Net Banking,Completed,Returning
O102356,2025-02-16,C1173,Customer 1173,Male,58,Cuttack,Odisha,East,P2012,Fitness Product 2012,Sports,Fitness,3,70788.11,0,212364.33,Net Banking,Completed,Returning
O102357,2026-06-06,C1237,Customer 1237,Female,38,Thrissur,Kerala,South,P2071,Mobiles Product 2071,Electronics,Mobiles,1,29513.79,0.1,26562.41,Net Banking,Completed,Returning
O102358,2025-10-11,C1162,Customer 1162,Male,44,Kolkata,West Bengal,East,P2039,Footwear Product 2039,Fashion,Footwear,3,15251.22,0.15,38890.61,Debit Card,Completed,Returning
O102359,2026-01-12,C1393,Customer 1393,Female,57,Warangal,Telangana,South,P2017,Appliances Product 2017,Home & Kitchen,Appliances,3,35523.47,0.15,90584.85,Debit Card,Completed,Returning
O102360,2025-05-14,C1216,Customer 1216,Male,24,New Delhi,Delhi,North,P2045,Laptops Product 2045,Electronics,Laptops,4,61352.14,0.05,233138.13,Net Banking,Completed,New
O102361,2025-09-05,C1264,Customer 1264,Male,22,Kolkata,West Bengal,East,P2011,Footwear Product 2011,Fashion,Footwear,2,65143.66,0,130287.32,Debit Card,Completed,Returning
O102362,2025-11-14,C1263,Customer 1263,Male,20,Nagpur,Maharashtra,West,P2070,Men Product 2070,Fashion,Men,1,49797.81,0.05,47307.92,Credit Card,Completed,Returning
O102363,2026-03-12,C1292,Customer 1292,Male,29,Chennai,Tamil Nadu,South,P2023,Accessories Product 2023,Electronics,Accessories,3,9651.38,0.2,23163.31,UPI,Completed,Returning
O102364,2025-06-25,C1274,Customer 1274,Female,40,Mangaluru,Karnataka,South,P2091,Accessories Product 2091,Electronics,Accessories,4,36816.84,0,147267.36,UPI,Completed,New
O102365,2026-08-09,C1003,Customer 1003,Male,42,Mysuru,Karnataka,South,P2070,Men Product 2070,Fashion,Men,5,49797.81,0.1,224090.14,UPI,Returned,Returning
O102366,2025-12-17,C1028,Customer 1028,Female,43,Jaipur,Rajasthan,North,P2038,Accessories Product 2038,Electronics,Accessories,1,15304.17,0,15304.17,Credit Card,Completed,Returning
O102367,2025-05-23,C1326,Customer 1326,Female,49,Mysuru,Karnataka,South,P2002,Sportswear Product 2002,Sports,Sportswear,2,72675.18,0.1,130815.32,Credit Card,Completed,Returning
O102368,2026-02-02,C1492,Customer 1492,Male,36,Udaipur,Rajasthan,North,P2086,Mobiles Product 2086,Electronics,Mobiles,1,70060.46,0,70060.46,Cash on Delivery,Completed,Returning
O102369,2026-01-04,C1428,Customer 1428,Female,59,Jaipur,Rajasthan,North,P2084,Fitness Product 2084,Sports,Fitness,1,39978.36,0,39978.36,Cash on Delivery,Completed,Returning
O102370,2026-05-16,C1149,Customer 1149,Male,45,Mysuru,Karnataka,South,P2089,Women Product 2089,Fashion,Women,2,71400.34,0,142800.68,Net Banking,Completed,Returning
O102371,2026-01-05,C1028,Customer 1028,Female,43,Jaipur,Rajasthan,North,P2079,Laptops Product 2079,Electronics,Laptops,5,12821.16,0.05,60900.51,Cash on Delivery,Completed,Returning
O102372,2026-08-02,C1488,Customer 1488,Female,58,Cuttack,Odisha,East,P2093,Furniture Product 2093,Home & Kitchen,Furniture,2,15378.45,0.05,29219.06,Cash on Delivery,Completed,Returning
O102373,2026-01-17,C1310,Customer 1310,Female,46,New Delhi,Delhi,North,P2072,Outdoor Product 2072,Sports,Outdoor,3,64391.57,0.1,173857.24,Cash on Delivery,Completed,Returning
O102374,2025-03-27,C1438,Customer 1438,Female,40,Pune,Maharashtra,West,P2037,Haircare Product 2037,Beauty,Haircare,1,29950.17,0,29950.17,UPI,Completed,Returning
O102375,2026-04-05,C1065,Customer 1065,Male,38,Thrissur,Kerala,South,P2049,Appliances Product 2049,Home & Kitchen,Appliances,1,16675.28,0,16675.28,Credit Card,Completed,Returning
O102376,2025-11-21,C1356,Customer 1356,Male,29,Jaipur,Rajasthan,North,P2052,Laptops Product 2052,Electronics,Laptops,2,54024.37,0,108048.74,Credit Card,Completed,Returning
O102377,2026-06-06,C1021,Customer 1021,Female,52,Lucknow,Uttar Pradesh,North,P2033,Footwear Product 2033,Fashion,Footwear,1,37566.95,0.2,30053.56,UPI,Completed,Returning
O102378,2026-05-04,C1252,Customer 1252,Male,45,Ahmedabad,Gujarat,West,P2022,Outdoor Product 2022,Sports,Outdoor,3,34818.67,0.1,94010.41,Net Banking,Completed,Returning
O102379,2026-02-01,C1235,Customer 1235,Female,56,Lucknow,Uttar Pradesh,North,P2005,Appliances Product 2005,Home & Kitchen,Appliances,1,61463.29,0.15,52243.8,UPI,Completed,Returning
O102380,2025-12-21,C1227,Customer 1227,Male,26,Pune,Maharashtra,West,P2018,Women Product 2018,Fashion,Women,1,15516.48,0.05,14740.66,Credit Card,Completed,Returning
O102381,2025-10-15,C1013,Customer 1013,Male,41,Hyderabad,Telangana,South,P2038,Accessories Product 2038,Electronics,Accessories,2,15304.17,0,30608.34,UPI,Returned,Returning
O102382,2026-04-04,C1313,Customer 1313,Female,52,Chennai,Tamil Nadu,South,P2037,Haircare Product 2037,Beauty,Haircare,1,29950.17,0,29950.17,Credit Card,Completed,Returning
O102383,2026-06-20,C1049,Customer 1049,Female,25,Salem,Tamil Nadu,South,P2094,Women Product 2094,Fashion,Women,4,14369.68,0.1,51730.85,Debit Card,Completed,Returning
O102384,2025-10-18,C1118,Customer 1118,Female,20,Patna,Bihar,East,P2095,Skincare Product 2095,Beauty,Skincare,1,33448.14,0.1,30103.33,Debit Card,Completed,Returning
O102385,2025-06-17,C1054,Customer 1054,Female,24,Bengaluru,Karnataka,South,P2064,Furniture Product 2064,Home & Kitchen,Furniture,1,47477.55,0.2,37982.04,UPI,Completed,Returning
O102386,2026-03-04,C1138,Customer 1138,Male,52,Jodhpur,Rajasthan,North,P2010,Sportswear Product 2010,Sports,Sportswear,3,51133.3,0.2,122719.92,Debit Card,Cancelled,Returning
O102387,2026-05-05,C1053,Customer 1053,Male,27,Lucknow,Uttar Pradesh,North,P2079,Laptops Product 2079,Electronics,Laptops,1,12821.16,0.1,11539.04,Debit Card,Cancelled,Returning
O102388,2025-12-21,C1044,Customer 1044,Female,42,Patna,Bihar,East,P2042,Sportswear Product 2042,Sports,Sportswear,3,46086.93,0.1,124434.71,Net Banking,Completed,Returning
O102389,2025-07-15,C1303,Customer 1303,Male,45,Hyderabad,Telangana,South,P2048,Accessories Product 2048,Electronics,Accessories,1,48876.98,0,48876.98,UPI,Completed,Returning
O102390,2026-06-29,C1053,Customer 1053,Male,27,Lucknow,Uttar Pradesh,North,P2044,Makeup Product 2044,Beauty,Makeup,1,61167.44,0.05,58109.07,UPI,Completed,Returning
O102391,2025-01-11,C1074,Customer 1074,Female,31,Mumbai,Maharashtra,West,P2082,Makeup Product 2082,Beauty,Makeup,4,65159.86,0.2,208511.55,UPI,Completed,New
O102392,2026-08-05,C1046,Customer 1046,Female,44,Warangal,Telangana,South,P2087,Kitchen Product 2087,Home & Kitchen,Kitchen,3,43974.9,0,131924.7,Net Banking,Completed,Returning
O102393,2025-09-13,C1013,Customer 1013,Male,41,Hyderabad,Telangana,South,P2097,Footwear Product 2097,Fashion,Footwear,1,70862.68,0.25,53147.01,Credit Card,Completed,Returning
O102394,2026-01-31,C1165,Customer 1165,Female,29,Warangal,Telangana,South,P2016,Mobiles Product 2016,Electronics,Mobiles,2,48979.51,0.1,88163.12,UPI,Completed,Returning
O102395,2026-02-13,C1102,Customer 1102,Female,45,Coimbatore,Tamil Nadu,South,P2054,Accessories Product 2054,Electronics,Accessories,4,51113.05,0.1,184006.98,UPI,Cancelled,Returning
O102396,2025-12-28,C1280,Customer 1280,Female,39,Bhubaneswar,Odisha,East,P2035,Mobiles Product 2035,Electronics,Mobiles,1,38973.06,0,38973.06,Net Banking,Completed,Returning
O102397,2025-09-16,C1258,Customer 1258,Female,39,Mumbai,Maharashtra,West,P2098,Women Product 2098,Fashion,Women,1,18537.8,0.1,16684.02,Debit Card,Completed,Returning
O102398,2025-01-03,C1470,Customer 1470,Female,33,Coimbatore,Tamil Nadu,South,P2028,Furniture Product 2028,Home & Kitchen,Furniture,2,29619.27,0.1,53314.69,Credit Card,Completed,New
O102399,2025-03-25,C1337,Customer 1337,Male,46,Jaipur,Rajasthan,North,P2002,Sportswear Product 2002,Sports,Sportswear,1,72675.18,0.05,69041.42,Debit Card,Completed,Returning
O102400,2025-06-05,C1356,Customer 1356,Male,29,Jaipur,Rajasthan,North,P2094,Women Product 2094,Fashion,Women,1,14369.68,0.05,13651.2,UPI,Completed,Returning
O102401,2025-06-25,C1398,Customer 1398,Female,46,Jaipur,Rajasthan,North,P2013,Appliances Product 2013,Home & Kitchen,Appliances,3,72349.68,0,217049.04,UPI,Completed,New
O102402,2026-04-17,C1138,Customer 1138,Male,52,Jodhpur,Rajasthan,North,P2041,Accessories Product 2041,Electronics,Accessories,1,2659.49,0.1,2393.54,Credit Card,Completed,Returning
O102403,2026-02-28,C1163,Customer 1163,Female,40,Warangal,Telangana,South,P2080,Mobiles Product 2080,Electronics,Mobiles,3,26947.88,0.05,76801.46,UPI,Completed,Returning
O102404,2025-05-14,C1409,Customer 1409,Female,29,Kozhikode,Kerala,South,P2059,Mobiles Product 2059,Electronics,Mobiles,2,38695.49,0.15,65782.33,Net Banking,Completed,Returning
O102405,2026-01-15,C1387,Customer 1387,Male,33,Hyderabad,Telangana,South,P2069,Mobiles Product 2069,Electronics,Mobiles,2,33564.3,0.15,57059.31,Debit Card,Completed,Returning
O102406,2025-10-04,C1111,Customer 1111,Female,24,Mangaluru,Karnataka,South,P2092,Footwear Product 2092,Fashion,Footwear,2,2539.03,0.05,4824.16,Debit Card,Completed,Returning
O102407,2025-08-24,C1102,Customer 1102,Female,45,Coimbatore,Tamil Nadu,South,P2053,Mobiles Product 2053,Electronics,Mobiles,1,37147.78,0.1,33433,UPI,Completed,Returning
O102408,2025-01-13,C1017,Customer 1017,Female,21,New Delhi,Delhi,North,P2045,Laptops Product 2045,Electronics,Laptops,1,61352.14,0.05,58284.53,UPI,Completed,New
O102409,2025-12-08,C1268,Customer 1268,Female,52,Noida,Uttar Pradesh,North,P2020,Footwear Product 2020,Fashion,Footwear,1,47078.66,0.15,40016.86,UPI,Completed,Returning
O102410,2025-02-04,C1182,Customer 1182,Male,44,Kolkata,West Bengal,East,P2024,Men Product 2024,Fashion,Men,2,15279.2,0,30558.4,Debit Card,Completed,New
O102411,2026-07-13,C1372,Customer 1372,Female,27,Hyderabad,Telangana,South,P2061,Women Product 2061,Fashion,Women,1,44949.95,0,44949.95,Credit Card,Completed,Returning
O102412,2025-08-02,C1024,Customer 1024,Female,48,Ahmedabad,Gujarat,West,P2091,Accessories Product 2091,Electronics,Accessories,1,36816.84,0.05,34976,Credit Card,Completed,Returning
O102413,2026-02-16,C1029,Customer 1029,Female,32,Hyderabad,Telangana,South,P2094,Women Product 2094,Fashion,Women,5,14369.68,0.15,61071.14,Debit Card,Completed,Returning
O102414,2026-02-09,C1171,Customer 1171,Female,55,Coimbatore,Tamil Nadu,South,P2058,Women Product 2058,Fashion,Women,5,74077.42,0,370387.1,Cash on Delivery,Completed,Returning
O102415,2026-05-09,C1409,Customer 1409,Female,29,Kozhikode,Kerala,South,P2027,Kitchen Product 2027,Home & Kitchen,Kitchen,1,11473.67,0,11473.67,UPI,Completed,Returning
O102416,2025-06-08,C1228,Customer 1228,Female,32,New Delhi,Delhi,North,P2026,Furniture Product 2026,Home & Kitchen,Furniture,1,59877.66,0.05,56883.78,UPI,Completed,Returning
O102417,2025-04-20,C1378,Customer 1378,Male,20,Bengaluru,Karnataka,South,P2007,Mobiles Product 2007,Electronics,Mobiles,2,70839.48,0,141678.96,UPI,Completed,Returning
O102418,2026-07-03,C1188,Customer 1188,Male,44,Warangal,Telangana,South,P2042,Sportswear Product 2042,Sports,Sportswear,3,46086.93,0.15,117521.67,Debit Card,Completed,Returning
O102419,2026-06-10,C1346,Customer 1346,Male,47,Udaipur,Rajasthan,North,P2047,Laptops Product 2047,Electronics,Laptops,1,6397.76,0.1,5757.98,UPI,Completed,Returning
O102420,2025-12-13,C1230,Customer 1230,Male,28,New Delhi,Delhi,North,P2053,Mobiles Product 2053,Electronics,Mobiles,1,37147.78,0.2,29718.22,Debit Card,Completed,Returning
O102421,2025-10-06,C1321,Customer 1321,Female,37,Thrissur,Kerala,South,P2059,Mobiles Product 2059,Electronics,Mobiles,3,38695.49,0,116086.47,Debit Card,Completed,Returning
O102422,2026-04-24,C1340,Customer 1340,Female,53,Kolkata,West Bengal,East,P2038,Accessories Product 2038,Electronics,Accessories,4,15304.17,0.05,58155.85,UPI,Returned,Returning
O102423,2025-04-21,C1119,Customer 1119,Female,24,New Delhi,Delhi,North,P2069,Mobiles Product 2069,Electronics,Mobiles,3,33564.3,0.15,85588.97,UPI,Completed,Returning
O102424,2026-03-07,C1156,Customer 1156,Female,60,Vadodara,Gujarat,West,P2087,Kitchen Product 2087,Home & Kitchen,Kitchen,1,43974.9,0.15,37378.66,Credit Card,Completed,Returning
O102425,2026-06-26,C1272,Customer 1272,Female,40,Mysuru,Karnataka,South,P2092,Footwear Product 2092,Fashion,Footwear,1,2539.03,0.05,2412.08,UPI,Completed,Returning
O102426,2025-04-25,C1175,Customer 1175,Female,43,Madurai,Tamil Nadu,South,P2098,Women Product 2098,Fashion,Women,2,18537.8,0.1,33368.04,UPI,Cancelled,Returning
O102427,2025-03-31,C1465,Customer 1465,Female,41,Patna,Bihar,East,P2053,Mobiles Product 2053,Electronics,Mobiles,1,37147.78,0.15,31575.61,Credit Card,Completed,Returning
O102428,2025-07-31,C1104,Customer 1104,Female,58,Patna,Bihar,East,P2015,Furniture Product 2015,Home & Kitchen,Furniture,1,17477.61,0,17477.61,Debit Card,Cancelled,Returning
O102429,2026-07-04,C1092,Customer 1092,Female,41,Chennai,Tamil Nadu,South,P2096,Outdoor Product 2096,Sports,Outdoor,1,19371.4,0.15,16465.69,UPI,Completed,Returning
O102430,2026-08-18,C1186,Customer 1186,Male,36,Warangal,Telangana,South,P2026,Furniture Product 2026,Home & Kitchen,Furniture,2,59877.66,0.05,113767.55,Debit Card,Completed,Returning
O102431,2026-06-23,C1460,Customer 1460,Male,55,Lucknow,Uttar Pradesh,North,P2048,Accessories Product 2048,Electronics,Accessories,2,48876.98,0.2,78203.17,UPI,Completed,Returning
O102432,2025-12-26,C1283,Customer 1283,Female,33,Kochi,Kerala,South,P2095,Skincare Product 2095,Beauty,Skincare,3,33448.14,0.1,90309.98,Debit Card,Returned,Returning
O102433,2026-05-01,C1181,Customer 1181,Male,42,Bhubaneswar,Odisha,East,P2019,Accessories Product 2019,Electronics,Accessories,2,34190.91,0,68381.82,Net Banking,Completed,Returning
O102434,2026-01-07,C1170,Customer 1170,Female,54,Lucknow,Uttar Pradesh,North,P2009,Skincare Product 2009,Beauty,Skincare,4,22588.57,0.05,85836.57,Net Banking,Completed,Returning
O102435,2025-08-03,C1187,Customer 1187,Female,39,New Delhi,Delhi,North,P2064,Furniture Product 2064,Home & Kitchen,Furniture,3,47477.55,0.25,106824.49,Credit Card,Completed,Returning
O102436,2025-01-15,C1175,Customer 1175,Female,43,Madurai,Tamil Nadu,South,P2093,Furniture Product 2093,Home & Kitchen,Furniture,1,15378.45,0.15,13071.68,Credit Card,Completed,New
O102437,2025-09-16,C1222,Customer 1222,Male,31,Cuttack,Odisha,East,P2054,Accessories Product 2054,Electronics,Accessories,1,51113.05,0.05,48557.4,Net Banking,Returned,Returning
O102438,2026-04-08,C1233,Customer 1233,Female,24,Patna,Bihar,East,P2051,Makeup Product 2051,Beauty,Makeup,2,3561.53,0.1,6410.75,UPI,Completed,Returning
O102439,2025-04-30,C1162,Customer 1162,Male,44,Kolkata,West Bengal,East,P2039,Footwear Product 2039,Fashion,Footwear,1,15251.22,0.1,13726.1,Debit Card,Completed,Returning
O102440,2025-05-08,C1421,Customer 1421,Female,42,Mysuru,Karnataka,South,P2004,Kitchen Product 2004,Home & Kitchen,Kitchen,4,1952.63,0,7810.52,Net Banking,Completed,Returning
O102441,2026-06-07,C1134,Customer 1134,Male,56,Kanpur,Uttar Pradesh,North,P2003,Makeup Product 2003,Beauty,Makeup,1,44701.37,0,44701.37,Credit Card,Completed,Returning
O102442,2025-11-21,C1391,Customer 1391,Male,57,Salem,Tamil Nadu,South,P2064,Furniture Product 2064,Home & Kitchen,Furniture,1,47477.55,0.1,42729.8,Credit Card,Completed,Returning
O102443,2025-11-16,C1480,Customer 1480,Female,54,Kozhikode,Kerala,South,P2029,Appliances Product 2029,Home & Kitchen,Appliances,2,54225.01,0.05,103027.52,Debit Card,Completed,Returning
O102444,2026-05-21,C1224,Customer 1224,Female,29,Patna,Bihar,East,P2011,Footwear Product 2011,Fashion,Footwear,2,65143.66,0,130287.32,UPI,Completed,Returning
O102445,2026-06-10,C1153,Customer 1153,Male,29,Kochi,Kerala,South,P2097,Footwear Product 2097,Fashion,Footwear,2,70862.68,0.15,120466.56,Credit Card,Completed,Returning
O102446,2025-02-19,C1033,Customer 1033,Female,20,Kanpur,Uttar Pradesh,North,P2058,Women Product 2058,Fashion,Women,2,74077.42,0.1,133339.36,UPI,Completed,New
O102447,2026-08-07,C1055,Customer 1055,Male,58,Bhubaneswar,Odisha,East,P2075,Laptops Product 2075,Electronics,Laptops,1,5790.21,0.05,5500.7,UPI,Cancelled,Returning
O102448,2025-03-10,C1442,Customer 1442,Female,41,Pune,Maharashtra,West,P2027,Kitchen Product 2027,Home & Kitchen,Kitchen,1,11473.67,0,11473.67,UPI,Completed,New
O102449,2026-01-26,C1007,Customer 1007,Male,44,Patna,Bihar,East,P2097,Footwear Product 2097,Fashion,Footwear,4,70862.68,0.1,255105.65,Credit Card,Completed,Returning
O102450,2026-01-18,C1244,Customer 1244,Male,23,Mumbai,Maharashtra,West,P2021,Mobiles Product 2021,Electronics,Mobiles,1,68414.15,0.1,61572.73,UPI,Cancelled,Returning
O102451,2025-01-16,C1313,Customer 1313,Female,52,Chennai,Tamil Nadu,South,P2039,Footwear Product 2039,Fashion,Footwear,1,15251.22,0.1,13726.1,Debit Card,Completed,Returning
O102452,2026-03-15,C1126,Customer 1126,Female,51,Pune,Maharashtra,West,P2095,Skincare Product 2095,Beauty,Skincare,1,33448.14,0.05,31775.73,Credit Card,Completed,Returning
O102453,2026-07-22,C1012,Customer 1012,Male,51,Vadodara,Gujarat,West,P2046,Appliances Product 2046,Home & Kitchen,Appliances,1,3344.33,0.1,3009.9,UPI,Completed,Returning
O102454,2025-05-12,C1016,Customer 1016,Male,46,Bhubaneswar,Odisha,East,P2066,Furniture Product 2066,Home & Kitchen,Furniture,2,13722.33,0.2,21955.73,UPI,Completed,New
O102455,2026-07-14,C1208,Customer 1208,Female,40,Vadodara,Gujarat,West,P2091,Accessories Product 2091,Electronics,Accessories,2,36816.84,0.05,69952,UPI,Completed,Returning
O102456,2025-09-05,C1043,Customer 1043,Female,51,Warangal,Telangana,South,P2036,Mobiles Product 2036,Electronics,Mobiles,3,6463.39,0,19390.17,Credit Card,Completed,Returning
O102457,2025-09-30,C1373,Customer 1373,Female,58,Hyderabad,Telangana,South,P2075,Laptops Product 2075,Electronics,Laptops,2,5790.21,0.15,9843.36,UPI,Completed,Returning
O102458,2025-12-15,C1484,Customer 1484,Female,47,Kolkata,West Bengal,East,P2082,Makeup Product 2082,Beauty,Makeup,1,65159.86,0,65159.86,Debit Card,Completed,Returning
O102459,2026-04-29,C1461,Customer 1461,Female,20,Vadodara,Gujarat,West,P2065,Makeup Product 2065,Beauty,Makeup,1,58267.22,0.05,55353.86,UPI,Completed,Returning
O102460,2026-07-04,C1135,Customer 1135,Male,31,Mangaluru,Karnataka,South,P2063,Women Product 2063,Fashion,Women,1,27128.58,0,27128.58,Credit Card,Completed,Returning
O102461,2025-12-23,C1228,Customer 1228,Female,32,New Delhi,Delhi,North,P2099,Sportswear Product 2099,Sports,Sportswear,1,42924.55,0.05,40778.32,Debit Card,Completed,Returning
O102462,2025-11-14,C1111,Customer 1111,Female,24,Mangaluru,Karnataka,South,P2035,Mobiles Product 2035,Electronics,Mobiles,1,38973.06,0.05,37024.41,Credit Card,Completed,Returning
O102463,2025-02-17,C1307,Customer 1307,Female,56,Ahmedabad,Gujarat,West,P2031,Makeup Product 2031,Beauty,Makeup,1,36193.87,0,36193.87,Credit Card,Cancelled,Returning
O102464,2025-01-10,C1457,Customer 1457,Female,49,Ahmedabad,Gujarat,West,P2028,Furniture Product 2028,Home & Kitchen,Furniture,2,29619.27,0.2,47390.83,Net Banking,Completed,New
O102465,2025-08-21,C1160,Customer 1160,Female,48,Kochi,Kerala,South,P2001,Accessories Product 2001,Electronics,Accessories,2,63975.38,0.1,115155.68,UPI,Completed,Returning
O102466,2025-02-05,C1331,Customer 1331,Male,51,Vadodara,Gujarat,West,P2025,Footwear Product 2025,Fashion,Footwear,3,48968.5,0.1,132214.95,Cash on Delivery,Completed,Returning
O102467,2026-02-17,C1264,Customer 1264,Male,22,Kolkata,West Bengal,East,P2043,Furniture Product 2043,Home & Kitchen,Furniture,3,47010.26,0.05,133979.24,Cash on Delivery,Completed,Returning
O102468,2026-04-07,C1225,Customer 1225,Female,36,Hyderabad,Telangana,South,P2084,Fitness Product 2084,Sports,Fitness,1,39978.36,0.1,35980.52,UPI,Completed,Returning
O102469,2025-01-04,C1471,Customer 1471,Male,43,Kolkata,West Bengal,East,P2067,Laptops Product 2067,Electronics,Laptops,1,38592.36,0.1,34733.12,Cash on Delivery,Completed,New
O102470,2025-02-13,C1217,Customer 1217,Female,54,Bengaluru,Karnataka,South,P2063,Women Product 2063,Fashion,Women,1,27128.58,0.15,23059.29,Net Banking,Completed,New
O102471,2026-07-22,C1456,Customer 1456,Male,41,Kolkata,West Bengal,East,P2051,Makeup Product 2051,Beauty,Makeup,1,3561.53,0.15,3027.3,Cash on Delivery,Completed,Returning
O102472,2026-07-08,C1045,Customer 1045,Female,41,Cuttack,Odisha,East,P2002,Sportswear Product 2002,Sports,Sportswear,1,72675.18,0.15,61773.9,Debit Card,Completed,Returning
O102473,2025-09-12,C1214,Customer 1214,Male,33,Patna,Bihar,East,P2082,Makeup Product 2082,Beauty,Makeup,1,65159.86,0.1,58643.87,Debit Card,Cancelled,Returning
O102474,2025-04-24,C1059,Customer 1059,Male,49,Patna,Bihar,East,P2064,Furniture Product 2064,Home & Kitchen,Furniture,2,47477.55,0.15,80711.84,UPI,Returned,Returning
O102475,2026-02-01,C1132,Customer 1132,Male,52,Noida,Uttar Pradesh,North,P2074,Mobiles Product 2074,Electronics,Mobiles,2,18005.98,0.1,32410.76,Credit Card,Completed,Returning
O102476,2025-06-23,C1104,Customer 1104,Female,58,Patna,Bihar,East,P2069,Mobiles Product 2069,Electronics,Mobiles,2,33564.3,0,67128.6,UPI,Completed,Returning
O102477,2025-09-12,C1195,Customer 1195,Male,38,Cuttack,Odisha,East,P2009,Skincare Product 2009,Beauty,Skincare,1,22588.57,0,22588.57,UPI,Completed,New
O102478,2026-04-11,C1413,Customer 1413,Female,39,Patna,Bihar,East,P2002,Sportswear Product 2002,Sports,Sportswear,2,72675.18,0.2,116280.29,Cash on Delivery,Completed,Returning
O102479,2025-10-04,C1489,Customer 1489,Male,41,Warangal,Telangana,South,P2034,Men Product 2034,Fashion,Men,2,42105.76,0,84211.52,UPI,Completed,Returning
O102480,2026-04-09,C1157,Customer 1157,Male,26,Vadodara,Gujarat,West,P2060,Women Product 2060,Fashion,Women,2,54476.75,0.15,92610.48,Debit Card,Completed,Returning
O102481,2026-05-17,C1098,Customer 1098,Female,24,New Delhi,Delhi,North,P2061,Women Product 2061,Fashion,Women,1,44949.95,0.05,42702.45,UPI,Returned,Returning
O102482,2026-03-17,C1226,Customer 1226,Female,57,Hyderabad,Telangana,South,P2031,Makeup Product 2031,Beauty,Makeup,2,36193.87,0.1,65148.97,UPI,Completed,Returning
O102483,2025-03-10,C1412,Customer 1412,Female,36,Ahmedabad,Gujarat,West,P2010,Sportswear Product 2010,Sports,Sportswear,2,51133.3,0.1,92039.94,Credit Card,Completed,Returning
O102484,2026-05-24,C1205,Customer 1205,Female,54,Cuttack,Odisha,East,P2076,Laptops Product 2076,Electronics,Laptops,1,33823.68,0,33823.68,UPI,Completed,Returning
O102485,2025-11-22,C1079,Customer 1079,Male,44,Salem,Tamil Nadu,South,P2036,Mobiles Product 2036,Electronics,Mobiles,1,6463.39,0.15,5493.88,Cash on Delivery,Completed,Returning
O102486,2025-03-08,C1124,Customer 1124,Male,21,Kozhikode,Kerala,South,P2085,Fitness Product 2085,Sports,Fitness,1,48108.22,0.15,40891.99,UPI,Completed,Returning
O102487,2025-10-31,C1471,Customer 1471,Male,43,Kolkata,West Bengal,East,P2049,Appliances Product 2049,Home & Kitchen,Appliances,2,16675.28,0.1,30015.5,UPI,Cancelled,Returning
O102488,2026-04-29,C1428,Customer 1428,Female,59,Jaipur,Rajasthan,North,P2070,Men Product 2070,Fashion,Men,2,49797.81,0.1,89636.06,UPI,Completed,Returning
O102489,2026-07-02,C1218,Customer 1218,Male,42,Noida,Uttar Pradesh,North,P2049,Appliances Product 2049,Home & Kitchen,Appliances,1,16675.28,0,16675.28,UPI,Completed,Returning
O102490,2026-02-21,C1004,Customer 1004,Male,52,New Delhi,Delhi,North,P2003,Makeup Product 2003,Beauty,Makeup,1,44701.37,0.1,40231.23,UPI,Completed,Returning
O102491,2025-06-08,C1090,Customer 1090,Female,35,Mysuru,Karnataka,South,P2074,Mobiles Product 2074,Electronics,Mobiles,4,18005.98,0,72023.92,Credit Card,Completed,Returning
O102492,2025-05-29,C1104,Customer 1104,Female,58,Patna,Bihar,East,P2005,Appliances Product 2005,Home & Kitchen,Appliances,1,61463.29,0.05,58390.13,Credit Card,Completed,Returning
O102493,2025-01-27,C1393,Customer 1393,Female,57,Warangal,Telangana,South,P2090,Men Product 2090,Fashion,Men,1,43634.38,0.2,34907.5,UPI,Completed,Returning
O102494,2026-08-07,C1119,Customer 1119,Female,24,New Delhi,Delhi,North,P2061,Women Product 2061,Fashion,Women,1,44949.95,0.1,40454.96,UPI,Completed,Returning
O102495,2025-09-05,C1133,Customer 1133,Male,52,Kolkata,West Bengal,East,P2085,Fitness Product 2085,Sports,Fitness,2,48108.22,0.15,81783.97,Net Banking,Completed,Returning
O102496,2025-04-11,C1312,Customer 1312,Male,28,Jodhpur,Rajasthan,North,P2090,Men Product 2090,Fashion,Men,2,43634.38,0.1,78541.88,Credit Card,Completed,Returning
O102497,2025-04-06,C1096,Customer 1096,Female,24,Kanpur,Uttar Pradesh,North,P2026,Furniture Product 2026,Home & Kitchen,Furniture,1,59877.66,0,59877.66,Credit Card,Completed,Returning
O102498,2026-01-19,C1468,Customer 1468,Male,47,Udaipur,Rajasthan,North,P2072,Outdoor Product 2072,Sports,Outdoor,4,64391.57,0.1,231809.65,Debit Card,Completed,Returning
O102499,2025-10-09,C1434,Customer 1434,Female,46,Kolkata,West Bengal,East,P2005,Appliances Product 2005,Home & Kitchen,Appliances,2,61463.29,0.15,104487.59,Debit Card,Completed,Returning
O102500,2025-11-18,C1331,Customer 1331,Male,51,Vadodara,Gujarat,West,P2015,Furniture Product 2015,Home & Kitchen,Furniture,1,17477.61,0,17477.61,Net Banking,Returned,Returning
O102501,2026-01-31,C1143,Customer 1143,Female,31,Udaipur,Rajasthan,North,P2016,Mobiles Product 2016,Electronics,Mobiles,2,48979.51,0.15,83265.17,Net Banking,Completed,Returning
O102502,2025-10-05,C1288,Customer 1288,Male,35,Warangal,Telangana,South,P2001,Accessories Product 2001,Electronics,Accessories,1,63975.38,0.1,57577.84,UPI,Completed,Returning
O102503,2026-06-13,C1028,Customer 1028,Female,43,Jaipur,Rajasthan,North,P2016,Mobiles Product 2016,Electronics,Mobiles,2,48979.51,0,97959.02,UPI,Completed,Returning
O102504,2025-09-20,C1278,Customer 1278,Female,54,Salem,Tamil Nadu,South,P2037,Haircare Product 2037,Beauty,Haircare,1,29950.17,0.1,26955.15,Credit Card,Completed,Returning
O102505,2026-08-03,C1233,Customer 1233,Female,24,Patna,Bihar,East,P2003,Makeup Product 2003,Beauty,Makeup,2,44701.37,0.05,84932.6,Net Banking,Completed,Returning
O102506,2025-10-20,C1017,Customer 1017,Female,21,New Delhi,Delhi,North,P2052,Laptops Product 2052,Electronics,Laptops,1,54024.37,0.05,51323.15,UPI,Completed,Returning
O102507,2025-10-21,C1059,Customer 1059,Male,49,Patna,Bihar,East,P2047,Laptops Product 2047,Electronics,Laptops,3,6397.76,0.15,16314.29,Debit Card,Completed,Returning
O102508,2026-08-31,C1090,Customer 1090,Female,35,Mysuru,Karnataka,South,P2095,Skincare Product 2095,Beauty,Skincare,1,33448.14,0.2,26758.51,Debit Card,Completed,Returning
O102509,2026-01-30,C1492,Customer 1492,Male,36,Udaipur,Rajasthan,North,P2013,Appliances Product 2013,Home & Kitchen,Appliances,2,72349.68,0.15,122994.46,Credit Card,Completed,Returning
O102510,2026-05-28,C1199,Customer 1199,Male,47,Hyderabad,Telangana,South,P2080,Mobiles Product 2080,Electronics,Mobiles,1,26947.88,0.15,22905.7,UPI,Cancelled,Returning
O102511,2025-06-29,C1362,Customer 1362,Male,28,Kozhikode,Kerala,South,P2055,Accessories Product 2055,Electronics,Accessories,4,15507.3,0.2,49623.36,UPI,Completed,Returning
O102512,2025-08-23,C1441,Customer 1441,Male,47,Mysuru,Karnataka,South,P2021,Mobiles Product 2021,Electronics,Mobiles,3,68414.15,0.2,164193.96,UPI,Completed,Returning
O102513,2025-12-03,C1026,Customer 1026,Female,54,Ahmedabad,Gujarat,West,P2066,Furniture Product 2066,Home & Kitchen,Furniture,1,13722.33,0,13722.33,UPI,Completed,Returning
O102514,2025-01-08,C1025,Customer 1025,Female,45,Mumbai,Maharashtra,West,P2054,Accessories Product 2054,Electronics,Accessories,4,51113.05,0.1,184006.98,UPI,Completed,New
O102515,2026-03-19,C1394,Customer 1394,Female,53,Bhubaneswar,Odisha,East,P2027,Kitchen Product 2027,Home & Kitchen,Kitchen,1,11473.67,0,11473.67,Debit Card,Completed,Returning
O102516,2026-06-23,C1301,Customer 1301,Male,47,Jodhpur,Rajasthan,North,P2038,Accessories Product 2038,Electronics,Accessories,2,15304.17,0.1,27547.51,Cash on Delivery,Completed,Returning
O102517,2025-04-01,C1339,Customer 1339,Female,52,Kolkata,West Bengal,East,P2090,Men Product 2090,Fashion,Men,2,43634.38,0.2,69815.01,Debit Card,Completed,Returning
O102518,2025-09-29,C1267,Customer 1267,Female,44,Warangal,Telangana,South,P2058,Women Product 2058,Fashion,Women,1,74077.42,0,74077.42,Debit Card,Completed,Returning
O102519,2025-01-05,C1461,Customer 1461,Female,20,Vadodara,Gujarat,West,P2062,Makeup Product 2062,Beauty,Makeup,4,20979.04,0.1,75524.54,Credit Card,Completed,New
O102520,2026-08-17,C1181,Customer 1181,Male,42,Bhubaneswar,Odisha,East,P2046,Appliances Product 2046,Home & Kitchen,Appliances,1,3344.33,0.1,3009.9,UPI,Completed,Returning
O102521,2025-08-07,C1456,Customer 1456,Male,41,Kolkata,West Bengal,East,P2089,Women Product 2089,Fashion,Women,1,71400.34,0,71400.34,UPI,Completed,Returning
O102522,2025-04-28,C1360,Customer 1360,Male,40,Lucknow,Uttar Pradesh,North,P2011,Footwear Product 2011,Fashion,Footwear,3,65143.66,0.05,185659.43,Credit Card,Completed,Returning
O102523,2026-08-16,C1068,Customer 1068,Male,47,Hyderabad,Telangana,South,P2072,Outdoor Product 2072,Sports,Outdoor,2,64391.57,0.1,115904.83,Net Banking,Completed,Returning
O102524,2026-08-05,C1495,Customer 1495,Male,44,Surat,Gujarat,West,P2008,Mobiles Product 2008,Electronics,Mobiles,1,12522.7,0,12522.7,Cash on Delivery,Completed,Returning
O102525,2025-04-25,C1351,Customer 1351,Female,57,Madurai,Tamil Nadu,South,P2097,Footwear Product 2097,Fashion,Footwear,1,70862.68,0.1,63776.41,Credit Card,Completed,Returning
O102526,2025-09-20,C1412,Customer 1412,Female,36,Ahmedabad,Gujarat,West,P2071,Mobiles Product 2071,Electronics,Mobiles,2,29513.79,0.1,53124.82,Credit Card,Completed,Returning
O102527,2025-11-02,C1459,Customer 1459,Male,45,Cuttack,Odisha,East,P2064,Furniture Product 2064,Home & Kitchen,Furniture,1,47477.55,0.1,42729.8,Credit Card,Completed,Returning
O102528,2026-02-26,C1491,Customer 1491,Female,44,Cuttack,Odisha,East,P2021,Mobiles Product 2021,Electronics,Mobiles,4,68414.15,0,273656.6,Credit Card,Completed,Returning
O102529,2025-07-26,C1321,Customer 1321,Female,37,Thrissur,Kerala,South,P2072,Outdoor Product 2072,Sports,Outdoor,2,64391.57,0.1,115904.83,Debit Card,Completed,Returning
O102530,2025-10-30,C1049,Customer 1049,Female,25,Salem,Tamil Nadu,South,P2063,Women Product 2063,Fashion,Women,1,27128.58,0,27128.58,Debit Card,Completed,Returning
O102531,2025-04-22,C1175,Customer 1175,Female,43,Madurai,Tamil Nadu,South,P2085,Fitness Product 2085,Sports,Fitness,1,48108.22,0.2,38486.58,Net Banking,Completed,Returning
O102532,2026-02-21,C1052,Customer 1052,Female,52,Kozhikode,Kerala,South,P2064,Furniture Product 2064,Home & Kitchen,Furniture,2,47477.55,0.05,90207.34,Debit Card,Completed,Returning
O102533,2026-07-09,C1102,Customer 1102,Female,45,Coimbatore,Tamil Nadu,South,P2020,Footwear Product 2020,Fashion,Footwear,1,47078.66,0.2,37662.93,Credit Card,Completed,Returning
O102534,2025-10-12,C1216,Customer 1216,Male,24,New Delhi,Delhi,North,P2008,Mobiles Product 2008,Electronics,Mobiles,3,12522.7,0.15,31932.89,Cash on Delivery,Completed,Returning
O102535,2025-07-04,C1438,Customer 1438,Female,40,Pune,Maharashtra,West,P2058,Women Product 2058,Fashion,Women,5,74077.42,0.15,314829.03,Debit Card,Completed,Returning
O102536,2025-08-09,C1188,Customer 1188,Male,44,Warangal,Telangana,South,P2046,Appliances Product 2046,Home & Kitchen,Appliances,2,3344.33,0.05,6354.23,Credit Card,Completed,Returning
O102537,2026-03-20,C1057,Customer 1057,Female,25,Kolkata,West Bengal,East,P2031,Makeup Product 2031,Beauty,Makeup,1,36193.87,0.05,34384.18,Credit Card,Completed,Returning
O102538,2025-04-27,C1047,Customer 1047,Female,41,Vadodara,Gujarat,West,P2093,Furniture Product 2093,Home & Kitchen,Furniture,1,15378.45,0.05,14609.53,Net Banking,Cancelled,Returning
O102539,2025-03-11,C1159,Customer 1159,Male,30,Udaipur,Rajasthan,North,P2009,Skincare Product 2009,Beauty,Skincare,2,22588.57,0,45177.14,Credit Card,Completed,Returning
O102540,2025-03-11,C1489,Customer 1489,Male,41,Warangal,Telangana,South,P2015,Furniture Product 2015,Home & Kitchen,Furniture,2,17477.61,0.2,27964.18,Credit Card,Completed,Returning
O102541,2026-03-03,C1174,Customer 1174,Female,51,Udaipur,Rajasthan,North,P2094,Women Product 2094,Fashion,Women,2,14369.68,0.05,27302.39,UPI,Completed,Returning
O102542,2026-07-22,C1242,Customer 1242,Male,26,Jaipur,Rajasthan,North,P2026,Furniture Product 2026,Home & Kitchen,Furniture,1,59877.66,0.25,44908.24,Net Banking,Completed,Returning
O102543,2026-03-19,C1282,Customer 1282,Female,60,Cuttack,Odisha,East,P2010,Sportswear Product 2010,Sports,Sportswear,3,51133.3,0.15,130389.92,Credit Card,Completed,Returning
O102544,2026-08-24,C1241,Customer 1241,Female,36,Cuttack,Odisha,East,P2029,Appliances Product 2029,Home & Kitchen,Appliances,1,54225.01,0,54225.01,Credit Card,Completed,Returning
O102545,2025-05-17,C1370,Customer 1370,Male,47,New Delhi,Delhi,North,P2080,Mobiles Product 2080,Electronics,Mobiles,2,26947.88,0.1,48506.18,Cash on Delivery,Completed,New
O102546,2026-05-19,C1005,Customer 1005,Male,22,New Delhi,Delhi,North,P2036,Mobiles Product 2036,Electronics,Mobiles,2,6463.39,0.05,12280.44,Cash on Delivery,Completed,Returning
O102547,2025-05-11,C1084,Customer 1084,Female,24,Mumbai,Maharashtra,West,P2084,Fitness Product 2084,Sports,Fitness,2,39978.36,0.05,75958.88,Net Banking,Completed,Returning
O102548,2025-08-06,C1308,Customer 1308,Female,60,Ahmedabad,Gujarat,West,P2037,Haircare Product 2037,Beauty,Haircare,1,29950.17,0.05,28452.66,UPI,Completed,Returning
O102549,2025-06-20,C1361,Customer 1361,Female,33,Nagpur,Maharashtra,West,P2086,Mobiles Product 2086,Electronics,Mobiles,2,70060.46,0.2,112096.74,Credit Card,Completed,Returning
O102550,2026-04-20,C1459,Customer 1459,Male,45,Cuttack,Odisha,East,P2071,Mobiles Product 2071,Electronics,Mobiles,1,29513.79,0.1,26562.41,Credit Card,Cancelled,Returning
O102551,2025-05-09,C1248,Customer 1248,Male,38,Vadodara,Gujarat,West,P2023,Accessories Product 2023,Electronics,Accessories,3,9651.38,0.1,26058.73,UPI,Completed,Returning
O102552,2025-02-26,C1054,Customer 1054,Female,24,Bengaluru,Karnataka,South,P2041,Accessories Product 2041,Electronics,Accessories,1,2659.49,0.05,2526.52,Cash on Delivery,Completed,New
O102553,2025-06-30,C1161,Customer 1161,Male,55,New Delhi,Delhi,North,P2093,Furniture Product 2093,Home & Kitchen,Furniture,1,15378.45,0.1,13840.61,Cash on Delivery,Completed,Returning
O102554,2025-09-03,C1434,Customer 1434,Female,46,Kolkata,West Bengal,East,P2080,Mobiles Product 2080,Electronics,Mobiles,1,26947.88,0.05,25600.49,Credit Card,Completed,Returning
O102555,2025-05-24,C1422,Customer 1422,Female,35,Kozhikode,Kerala,South,P2028,Furniture Product 2028,Home & Kitchen,Furniture,3,29619.27,0.05,84414.92,UPI,Completed,Returning
O102556,2025-02-20,C1411,Customer 1411,Male,29,Kolkata,West Bengal,East,P2048,Accessories Product 2048,Electronics,Accessories,2,48876.98,0.05,92866.26,UPI,Completed,Returning
O102557,2026-01-03,C1226,Customer 1226,Female,57,Hyderabad,Telangana,South,P2038,Accessories Product 2038,Electronics,Accessories,2,15304.17,0.05,29077.92,Credit Card,Completed,Returning
O102558,2026-04-04,C1015,Customer 1015,Female,21,Mysuru,Karnataka,South,P2031,Makeup Product 2031,Beauty,Makeup,2,36193.87,0.1,65148.97,UPI,Completed,New
O102559,2025-08-06,C1224,Customer 1224,Female,29,Patna,Bihar,East,P2014,Skincare Product 2014,Beauty,Skincare,3,73803.13,0.05,210338.92,Debit Card,Completed,Returning
O102560,2026-07-21,C1061,Customer 1061,Male,59,Vadodara,Gujarat,West,P2097,Footwear Product 2097,Fashion,Footwear,1,70862.68,0.25,53147.01,Debit Card,Completed,Returning
O102561,2025-09-14,C1122,Customer 1122,Male,43,Nagpur,Maharashtra,West,P2073,Mobiles Product 2073,Electronics,Mobiles,2,58078.44,0,116156.88,Cash on Delivery,Completed,Returning
O102562,2025-06-05,C1277,Customer 1277,Male,55,Cuttack,Odisha,East,P2091,Accessories Product 2091,Electronics,Accessories,2,36816.84,0.1,66270.31,UPI,Completed,Returning
O102563,2026-07-19,C1046,Customer 1046,Female,44,Warangal,Telangana,South,P2088,Men Product 2088,Fashion,Men,1,36148.31,0,36148.31,Credit Card,Completed,Returning
O102564,2026-03-18,C1453,Customer 1453,Female,46,Patna,Bihar,East,P2077,Men Product 2077,Fashion,Men,1,32487.3,0,32487.3,Net Banking,Completed,Returning
O102565,2025-01-25,C1390,Customer 1390,Male,58,Mangaluru,Karnataka,South,P2090,Men Product 2090,Fashion,Men,1,43634.38,0.2,34907.5,Credit Card,Completed,Returning
O102566,2026-06-20,C1294,Customer 1294,Female,35,Bhubaneswar,Odisha,East,P2029,Appliances Product 2029,Home & Kitchen,Appliances,1,54225.01,0.15,46091.26,UPI,Completed,Returning
O102567,2025-03-01,C1062,Customer 1062,Male,35,Kolkata,West Bengal,East,P2051,Makeup Product 2051,Beauty,Makeup,1,3561.53,0.15,3027.3,UPI,Completed,Returning
O102568,2026-04-12,C1086,Customer 1086,Male,48,Kolkata,West Bengal,East,P2049,Appliances Product 2049,Home & Kitchen,Appliances,1,16675.28,0.2,13340.22,Net Banking,Completed,Returning
O102569,2026-03-10,C1446,Customer 1446,Male,24,Ahmedabad,Gujarat,West,P2043,Furniture Product 2043,Home & Kitchen,Furniture,2,47010.26,0.15,79917.44,Debit Card,Completed,Returning
O102570,2025-03-07,C1210,Customer 1210,Male,42,New Delhi,Delhi,North,P2092,Footwear Product 2092,Fashion,Footwear,1,2539.03,0.1,2285.13,Cash on Delivery,Completed,Returning
O102571,2026-07-19,C1078,Customer 1078,Female,51,Thrissur,Kerala,South,P2092,Footwear Product 2092,Fashion,Footwear,1,2539.03,0.15,2158.18,UPI,Returned,Returning
O102572,2025-04-16,C1202,Customer 1202,Female,38,Bhubaneswar,Odisha,East,P2072,Outdoor Product 2072,Sports,Outdoor,4,64391.57,0.05,244687.97,Net Banking,Completed,New
O102573,2025-04-06,C1302,Customer 1302,Male,55,Chennai,Tamil Nadu,South,P2087,Kitchen Product 2087,Home & Kitchen,Kitchen,2,43974.9,0.1,79154.82,Debit Card,Returned,Returning
O102574,2026-07-05,C1397,Customer 1397,Female,34,Kochi,Kerala,South,P2093,Furniture Product 2093,Home & Kitchen,Furniture,1,15378.45,0.15,13071.68,UPI,Completed,Returning
O102575,2025-06-17,C1223,Customer 1223,Female,28,Patna,Bihar,East,P2005,Appliances Product 2005,Home & Kitchen,Appliances,2,61463.29,0,122926.58,Cash on Delivery,Completed,Returning
O102576,2025-02-11,C1222,Customer 1222,Male,31,Cuttack,Odisha,East,P2042,Sportswear Product 2042,Sports,Sportswear,1,46086.93,0.2,36869.54,Debit Card,Returned,Returning
O102577,2025-04-14,C1003,Customer 1003,Male,42,Mysuru,Karnataka,South,P2007,Mobiles Product 2007,Electronics,Mobiles,1,70839.48,0,70839.48,Cash on Delivery,Completed,Returning
O102578,2025-07-23,C1478,Customer 1478,Female,37,Cuttack,Odisha,East,P2042,Sportswear Product 2042,Sports,Sportswear,1,46086.93,0.2,36869.54,Net Banking,Completed,Returning
O102579,2026-06-04,C1006,Customer 1006,Female,37,Salem,Tamil Nadu,South,P2036,Mobiles Product 2036,Electronics,Mobiles,4,6463.39,0.05,24560.88,UPI,Cancelled,Returning
O102580,2025-10-09,C1093,Customer 1093,Female,48,Pune,Maharashtra,West,P2027,Kitchen Product 2027,Home & Kitchen,Kitchen,2,11473.67,0.05,21799.97,Credit Card,Completed,Returning
O102581,2025-02-12,C1008,Customer 1008,Male,50,Kozhikode,Kerala,South,P2058,Women Product 2058,Fashion,Women,3,74077.42,0,222232.26,Credit Card,Completed,Returning
O102582,2025-04-20,C1428,Customer 1428,Female,59,Jaipur,Rajasthan,North,P2046,Appliances Product 2046,Home & Kitchen,Appliances,5,3344.33,0.2,13377.32,Debit Card,Completed,Returning
O102583,2025-07-29,C1493,Customer 1493,Male,32,New Delhi,Delhi,North,P2066,Furniture Product 2066,Home & Kitchen,Furniture,4,13722.33,0,54889.32,Debit Card,Completed,Returning
O102584,2025-02-18,C1235,Customer 1235,Female,56,Lucknow,Uttar Pradesh,North,P2025,Footwear Product 2025,Fashion,Footwear,2,48968.5,0.1,88143.3,Net Banking,Completed,Returning
O102585,2025-04-25,C1108,Customer 1108,Female,56,New Delhi,Delhi,North,P2073,Mobiles Product 2073,Electronics,Mobiles,2,58078.44,0.1,104541.19,UPI,Completed,New
O102586,2025-06-04,C1161,Customer 1161,Male,55,New Delhi,Delhi,North,P2027,Kitchen Product 2027,Home & Kitchen,Kitchen,1,11473.67,0.05,10899.99,Debit Card,Completed,Returning
O102587,2026-05-18,C1209,Customer 1209,Female,55,Ahmedabad,Gujarat,West,P2001,Accessories Product 2001,Electronics,Accessories,1,63975.38,0.25,47981.54,UPI,Completed,Returning
O102588,2025-03-12,C1240,Customer 1240,Female,41,Surat,Gujarat,West,P2087,Kitchen Product 2087,Home & Kitchen,Kitchen,2,43974.9,0,87949.8,UPI,Returned,New
O102589,2026-06-03,C1331,Customer 1331,Male,51,Vadodara,Gujarat,West,P2074,Mobiles Product 2074,Electronics,Mobiles,2,18005.98,0.1,32410.76,Net Banking,Completed,Returning
O102590,2025-12-02,C1333,Customer 1333,Female,40,Hyderabad,Telangana,South,P2042,Sportswear Product 2042,Sports,Sportswear,4,46086.93,0.1,165912.95,UPI,Completed,Returning
O102591,2025-03-08,C1050,Customer 1050,Female,34,New Delhi,Delhi,North,P2052,Laptops Product 2052,Electronics,Laptops,1,54024.37,0.05,51323.15,UPI,Completed,Returning
O102592,2026-05-08,C1011,Customer 1011,Male,43,Nagpur,Maharashtra,West,P2025,Footwear Product 2025,Fashion,Footwear,2,48968.5,0,97937,UPI,Cancelled,Returning
O102593,2025-08-01,C1351,Customer 1351,Female,57,Madurai,Tamil Nadu,South,P2054,Accessories Product 2054,Electronics,Accessories,2,51113.05,0.15,86892.18,Credit Card,Completed,Returning
O102594,2025-06-30,C1156,Customer 1156,Female,60,Vadodara,Gujarat,West,P2067,Laptops Product 2067,Electronics,Laptops,1,38592.36,0.2,30873.89,UPI,Cancelled,Returning
O102595,2026-08-22,C1492,Customer 1492,Male,36,Udaipur,Rajasthan,North,P2006,Accessories Product 2006,Electronics,Accessories,2,33608.93,0,67217.86,Debit Card,Returned,Returning
O102596,2026-08-26,C1070,Customer 1070,Female,56,Patna,Bihar,East,P2058,Women Product 2058,Fashion,Women,2,74077.42,0,148154.84,Debit Card,Completed,Returning
O102597,2025-09-05,C1169,Customer 1169,Male,54,Ahmedabad,Gujarat,West,P2070,Men Product 2070,Fashion,Men,2,49797.81,0.25,74696.72,UPI,Completed,Returning
O102598,2025-08-02,C1272,Customer 1272,Female,40,Mysuru,Karnataka,South,P2053,Mobiles Product 2053,Electronics,Mobiles,2,37147.78,0,74295.56,Credit Card,Completed,Returning
O102599,2025-12-25,C1068,Customer 1068,Male,47,Hyderabad,Telangana,South,P2066,Furniture Product 2066,Home & Kitchen,Furniture,1,13722.33,0.1,12350.1,UPI,Completed,Returning
O102600,2025-09-06,C1355,Customer 1355,Female,56,New Delhi,Delhi,North,P2058,Women Product 2058,Fashion,Women,1,74077.42,0.1,66669.68,Debit Card,Completed,Returning
O102601,2026-05-31,C1252,Customer 1252,Male,45,Ahmedabad,Gujarat,West,P2082,Makeup Product 2082,Beauty,Makeup,2,65159.86,0.05,123803.73,Credit Card,Completed,Returning
O102602,2025-03-29,C1048,Customer 1048,Male,41,Ahmedabad,Gujarat,West,P2087,Kitchen Product 2087,Home & Kitchen,Kitchen,2,43974.9,0.1,79154.82,UPI,Completed,Returning
O102603,2025-06-25,C1184,Customer 1184,Male,60,Ahmedabad,Gujarat,West,P2002,Sportswear Product 2002,Sports,Sportswear,2,72675.18,0.2,116280.29,UPI,Returned,Returning
O102604,2026-03-02,C1320,Customer 1320,Female,25,New Delhi,Delhi,North,P2076,Laptops Product 2076,Electronics,Laptops,1,33823.68,0.1,30441.31,UPI,Completed,Returning
O102605,2026-08-26,C1187,Customer 1187,Female,39,New Delhi,Delhi,North,P2022,Outdoor Product 2022,Sports,Outdoor,1,34818.67,0.15,29595.87,Debit Card,Completed,Returning
O102606,2025-03-22,C1090,Customer 1090,Female,35,Mysuru,Karnataka,South,P2037,Haircare Product 2037,Beauty,Haircare,1,29950.17,0.1,26955.15,UPI,Completed,Returning
O102607,2025-05-18,C1446,Customer 1446,Male,24,Ahmedabad,Gujarat,West,P2020,Footwear Product 2020,Fashion,Footwear,1,47078.66,0.1,42370.79,UPI,Completed,Returning
O102608,2026-03-09,C1332,Customer 1332,Male,30,Kochi,Kerala,South,P2024,Men Product 2024,Fashion,Men,2,15279.2,0,30558.4,UPI,Completed,Returning
O102609,2026-04-15,C1139,Customer 1139,Male,59,New Delhi,Delhi,North,P2084,Fitness Product 2084,Sports,Fitness,3,39978.36,0.15,101944.82,Cash on Delivery,Completed,Returning
O102610,2025-12-16,C1357,Customer 1357,Female,29,Bhubaneswar,Odisha,East,P2065,Makeup Product 2065,Beauty,Makeup,1,58267.22,0.05,55353.86,Debit Card,Completed,Returning
O102611,2025-05-06,C1089,Customer 1089,Female,45,New Delhi,Delhi,North,P2065,Makeup Product 2065,Beauty,Makeup,1,58267.22,0.05,55353.86,UPI,Completed,New
O102612,2025-11-05,C1274,Customer 1274,Female,40,Mangaluru,Karnataka,South,P2081,Men Product 2081,Fashion,Men,1,63359.53,0.2,50687.62,UPI,Completed,Returning
O102613,2025-08-18,C1019,Customer 1019,Female,36,Vadodara,Gujarat,West,P2001,Accessories Product 2001,Electronics,Accessories,1,63975.38,0.15,54379.07,Net Banking,Returned,Returning
O102614,2026-04-05,C1471,Customer 1471,Male,43,Kolkata,West Bengal,East,P2094,Women Product 2094,Fashion,Women,2,14369.68,0.25,21554.52,UPI,Completed,Returning
O102615,2025-12-11,C1311,Customer 1311,Female,36,Madurai,Tamil Nadu,South,P2003,Makeup Product 2003,Beauty,Makeup,3,44701.37,0.05,127398.9,Cash on Delivery,Completed,Returning
O102616,2025-11-06,C1358,Customer 1358,Female,38,New Delhi,Delhi,North,P2046,Appliances Product 2046,Home & Kitchen,Appliances,3,3344.33,0.15,8528.04,UPI,Completed,Returning
O102617,2025-01-20,C1374,Customer 1374,Female,45,Pune,Maharashtra,West,P2055,Accessories Product 2055,Electronics,Accessories,1,15507.3,0.1,13956.57,UPI,Completed,New
O102618,2026-07-15,C1466,Customer 1466,Male,33,Noida,Uttar Pradesh,North,P2075,Laptops Product 2075,Electronics,Laptops,4,5790.21,0.25,17370.63,Debit Card,Completed,Returning
O102619,2026-06-25,C1154,Customer 1154,Male,45,Udaipur,Rajasthan,North,P2088,Men Product 2088,Fashion,Men,1,36148.31,0.2,28918.65,Debit Card,Completed,Returning
O102620,2026-07-14,C1390,Customer 1390,Male,58,Mangaluru,Karnataka,South,P2086,Mobiles Product 2086,Electronics,Mobiles,2,70060.46,0.25,105090.69,Cash on Delivery,Completed,Returning
O102621,2026-04-22,C1260,Customer 1260,Male,27,Kolkata,West Bengal,East,P2064,Furniture Product 2064,Home & Kitchen,Furniture,2,47477.55,0.25,71216.33,Net Banking,Completed,Returning
O102622,2025-09-26,C1108,Customer 1108,Female,56,New Delhi,Delhi,North,P2045,Laptops Product 2045,Electronics,Laptops,2,61352.14,0,122704.28,Credit Card,Completed,Returning
O102623,2025-01-03,C1371,Customer 1371,Female,50,Cuttack,Odisha,East,P2026,Furniture Product 2026,Home & Kitchen,Furniture,1,59877.66,0.15,50896.01,Debit Card,Completed,New
O102624,2025-01-16,C1285,Customer 1285,Female,50,New Delhi,Delhi,North,P2077,Men Product 2077,Fashion,Men,1,32487.3,0.05,30862.94,Net Banking,Completed,New
O102625,2026-08-29,C1059,Customer 1059,Male,49,Patna,Bihar,East,P2065,Makeup Product 2065,Beauty,Makeup,2,58267.22,0.15,99054.27,Credit Card,Completed,Returning
O102626,2025-12-24,C1125,Customer 1125,Male,47,Mumbai,Maharashtra,West,P2024,Men Product 2024,Fashion,Men,1,15279.2,0.25,11459.4,UPI,Completed,Returning
O102627,2025-05-13,C1354,Customer 1354,Female,56,Thrissur,Kerala,South,P2074,Mobiles Product 2074,Electronics,Mobiles,1,18005.98,0,18005.98,UPI,Completed,Returning
O102628,2025-11-08,C1273,Customer 1273,Female,35,Jaipur,Rajasthan,North,P2035,Mobiles Product 2035,Electronics,Mobiles,2,38973.06,0.1,70151.51,UPI,Completed,Returning
O102629,2026-04-27,C1107,Customer 1107,Female,49,Pune,Maharashtra,West,P2024,Men Product 2024,Fashion,Men,1,15279.2,0.15,12987.32,Net Banking,Completed,Returning
O102630,2026-06-28,C1299,Customer 1299,Male,47,Nagpur,Maharashtra,West,P2028,Furniture Product 2028,Home & Kitchen,Furniture,2,29619.27,0.05,56276.61,Credit Card,Completed,Returning
O102631,2025-11-01,C1245,Customer 1245,Male,55,Mumbai,Maharashtra,West,P2100,Mobiles Product 2100,Electronics,Mobiles,1,51807.65,0.05,49217.27,UPI,Completed,Returning
O102632,2025-09-26,C1336,Customer 1336,Female,41,Jodhpur,Rajasthan,North,P2080,Mobiles Product 2080,Electronics,Mobiles,3,26947.88,0,80843.64,Net Banking,Completed,Returning
O102633,2026-02-18,C1450,Customer 1450,Female,53,Kanpur,Uttar Pradesh,North,P2016,Mobiles Product 2016,Electronics,Mobiles,1,48979.51,0,48979.51,UPI,Completed,Returning
O102634,2025-01-25,C1418,Customer 1418,Female,21,Cuttack,Odisha,East,P2059,Mobiles Product 2059,Electronics,Mobiles,3,38695.49,0.1,104477.82,Debit Card,Completed,New
O102635,2025-11-12,C1247,Customer 1247,Male,50,Warangal,Telangana,South,P2081,Men Product 2081,Fashion,Men,1,63359.53,0.1,57023.58,Cash on Delivery,Completed,Returning
O102636,2026-07-25,C1008,Customer 1008,Male,50,Kozhikode,Kerala,South,P2054,Accessories Product 2054,Electronics,Accessories,2,51113.05,0,102226.1,Credit Card,Completed,Returning
O102637,2025-10-03,C1141,Customer 1141,Female,48,Ahmedabad,Gujarat,West,P2079,Laptops Product 2079,Electronics,Laptops,3,12821.16,0.25,28847.61,UPI,Completed,Returning
O102638,2026-01-24,C1362,Customer 1362,Male,28,Kozhikode,Kerala,South,P2016,Mobiles Product 2016,Electronics,Mobiles,1,48979.51,0.1,44081.56,Credit Card,Completed,Returning
O102639,2026-03-20,C1008,Customer 1008,Male,50,Kozhikode,Kerala,South,P2015,Furniture Product 2015,Home & Kitchen,Furniture,1,17477.61,0.1,15729.85,Debit Card,Completed,Returning
O102640,2026-03-03,C1478,Customer 1478,Female,37,Cuttack,Odisha,East,P2098,Women Product 2098,Fashion,Women,1,18537.8,0.05,17610.91,Credit Card,Completed,Returning
O102641,2025-02-26,C1352,Customer 1352,Male,22,Lucknow,Uttar Pradesh,North,P2011,Footwear Product 2011,Fashion,Footwear,1,65143.66,0.1,58629.29,UPI,Completed,Returning
O102642,2026-07-20,C1484,Customer 1484,Female,47,Kolkata,West Bengal,East,P2065,Makeup Product 2065,Beauty,Makeup,2,58267.22,0.05,110707.72,UPI,Completed,Returning
O102643,2026-01-03,C1495,Customer 1495,Male,44,Surat,Gujarat,West,P2079,Laptops Product 2079,Electronics,Laptops,1,12821.16,0.15,10897.99,Debit Card,Completed,Returning
O102644,2025-12-08,C1094,Customer 1094,Female,33,Noida,Uttar Pradesh,North,P2090,Men Product 2090,Fashion,Men,3,43634.38,0.15,111267.67,Credit Card,Completed,Returning
O102645,2025-10-31,C1321,Customer 1321,Female,37,Thrissur,Kerala,South,P2068,Furniture Product 2068,Home & Kitchen,Furniture,2,37073.16,0,74146.32,Net Banking,Completed,Returning
O102646,2026-01-09,C1427,Customer 1427,Male,23,Kanpur,Uttar Pradesh,North,P2043,Furniture Product 2043,Home & Kitchen,Furniture,1,47010.26,0.2,37608.21,Debit Card,Completed,Returning
O102647,2025-04-22,C1039,Customer 1039,Male,34,Warangal,Telangana,South,P2069,Mobiles Product 2069,Electronics,Mobiles,3,33564.3,0.1,90623.61,Debit Card,Completed,Returning
O102648,2025-01-06,C1081,Customer 1081,Male,20,Mysuru,Karnataka,South,P2099,Sportswear Product 2099,Sports,Sportswear,1,42924.55,0.05,40778.32,Cash on Delivery,Completed,New
O102649,2025-10-06,C1187,Customer 1187,Female,39,New Delhi,Delhi,North,P2013,Appliances Product 2013,Home & Kitchen,Appliances,1,72349.68,0.25,54262.26,UPI,Completed,Returning
O102650,2026-01-17,C1084,Customer 1084,Female,24,Mumbai,Maharashtra,West,P2010,Sportswear Product 2010,Sports,Sportswear,1,51133.3,0.1,46019.97,UPI,Cancelled,Returning
O102651,2025-01-13,C1088,Customer 1088,Male,31,Mangaluru,Karnataka,South,P2075,Laptops Product 2075,Electronics,Laptops,2,5790.21,0.15,9843.36,Debit Card,Completed,New
O102652,2025-10-30,C1242,Customer 1242,Male,26,Jaipur,Rajasthan,North,P2082,Makeup Product 2082,Beauty,Makeup,1,65159.86,0.1,58643.87,UPI,Completed,Returning
O102653,2026-07-10,C1342,Customer 1342,Female,54,Bengaluru,Karnataka,South,P2098,Women Product 2098,Fashion,Women,2,18537.8,0,37075.6,Debit Card,Completed,Returning
O102654,2025-06-09,C1093,Customer 1093,Female,48,Pune,Maharashtra,West,P2041,Accessories Product 2041,Electronics,Accessories,1,2659.49,0.25,1994.62,Cash on Delivery,Completed,Returning
O102655,2025-06-03,C1086,Customer 1086,Male,48,Kolkata,West Bengal,East,P2050,Fitness Product 2050,Sports,Fitness,5,13904.21,0.1,62568.94,Cash on Delivery,Completed,Returning
O102656,2025-06-30,C1044,Customer 1044,Female,42,Patna,Bihar,East,P2087,Kitchen Product 2087,Home & Kitchen,Kitchen,2,43974.9,0.05,83552.31,Debit Card,Completed,Returning
O102657,2026-06-10,C1137,Customer 1137,Male,20,New Delhi,Delhi,North,P2071,Mobiles Product 2071,Electronics,Mobiles,1,29513.79,0.2,23611.03,Cash on Delivery,Completed,Returning
O102658,2025-06-29,C1421,Customer 1421,Female,42,Mysuru,Karnataka,South,P2059,Mobiles Product 2059,Electronics,Mobiles,2,38695.49,0.1,69651.88,UPI,Returned,Returning
O102659,2026-01-12,C1074,Customer 1074,Female,31,Mumbai,Maharashtra,West,P2039,Footwear Product 2039,Fashion,Footwear,2,15251.22,0.15,25927.07,Credit Card,Completed,Returning
O102660,2025-06-17,C1036,Customer 1036,Male,33,Kozhikode,Kerala,South,P2003,Makeup Product 2003,Beauty,Makeup,1,44701.37,0.15,37996.16,Credit Card,Completed,Returning
O102661,2025-08-02,C1101,Customer 1101,Male,45,Kozhikode,Kerala,South,P2076,Laptops Product 2076,Electronics,Laptops,1,33823.68,0.05,32132.5,UPI,Completed,Returning
O102662,2025-05-30,C1476,Customer 1476,Female,22,Patna,Bihar,East,P2007,Mobiles Product 2007,Electronics,Mobiles,1,70839.48,0,70839.48,UPI,Completed,Returning
O102663,2025-01-16,C1156,Customer 1156,Female,60,Vadodara,Gujarat,West,P2049,Appliances Product 2049,Home & Kitchen,Appliances,3,16675.28,0,50025.84,Cash on Delivery,Completed,New
O102664,2025-04-01,C1426,Customer 1426,Male,27,Bengaluru,Karnataka,South,P2026,Furniture Product 2026,Home & Kitchen,Furniture,2,59877.66,0.2,95804.26,Net Banking,Completed,Returning
O102665,2025-04-30,C1255,Customer 1255,Male,22,New Delhi,Delhi,North,P2033,Footwear Product 2033,Fashion,Footwear,1,37566.95,0,37566.95,Debit Card,Completed,New
O102666,2025-09-10,C1171,Customer 1171,Female,55,Coimbatore,Tamil Nadu,South,P2048,Accessories Product 2048,Electronics,Accessories,1,48876.98,0.05,46433.13,UPI,Returned,Returning
O102667,2025-03-01,C1469,Customer 1469,Male,42,Kolkata,West Bengal,East,P2079,Laptops Product 2079,Electronics,Laptops,2,12821.16,0.05,24360.2,Credit Card,Completed,Returning
O102668,2025-09-23,C1216,Customer 1216,Male,24,New Delhi,Delhi,North,P2002,Sportswear Product 2002,Sports,Sportswear,2,72675.18,0.05,138082.84,Cash on Delivery,Completed,Returning
O102669,2026-02-13,C1170,Customer 1170,Female,54,Lucknow,Uttar Pradesh,North,P2071,Mobiles Product 2071,Electronics,Mobiles,2,29513.79,0.1,53124.82,Debit Card,Completed,Returning
O102670,2025-01-31,C1252,Customer 1252,Male,45,Ahmedabad,Gujarat,West,P2032,Mobiles Product 2032,Electronics,Mobiles,4,7978.59,0.25,23935.77,Debit Card,Completed,New
O102671,2025-01-21,C1360,Customer 1360,Male,40,Lucknow,Uttar Pradesh,North,P2004,Kitchen Product 2004,Home & Kitchen,Kitchen,1,1952.63,0.05,1855,Cash on Delivery,Completed,Returning
O102672,2026-08-16,C1322,Customer 1322,Male,24,Mysuru,Karnataka,South,P2020,Footwear Product 2020,Fashion,Footwear,1,47078.66,0.05,44724.73,Credit Card,Completed,Returning
O102673,2025-10-16,C1055,Customer 1055,Male,58,Bhubaneswar,Odisha,East,P2036,Mobiles Product 2036,Electronics,Mobiles,1,6463.39,0.15,5493.88,Debit Card,Completed,Returning
O102674,2026-06-27,C1456,Customer 1456,Male,41,Kolkata,West Bengal,East,P2032,Mobiles Product 2032,Electronics,Mobiles,3,7978.59,0.1,21542.19,Credit Card,Completed,Returning
O102675,2026-05-13,C1432,Customer 1432,Female,51,Cuttack,Odisha,East,P2028,Furniture Product 2028,Home & Kitchen,Furniture,1,29619.27,0.2,23695.42,Credit Card,Completed,Returning
O102676,2026-04-19,C1091,Customer 1091,Female,56,Hyderabad,Telangana,South,P2077,Men Product 2077,Fashion,Men,1,32487.3,0.1,29238.57,Debit Card,Completed,Returning
O102677,2026-02-09,C1278,Customer 1278,Female,54,Salem,Tamil Nadu,South,P2001,Accessories Product 2001,Electronics,Accessories,2,63975.38,0.05,121553.22,UPI,Completed,Returning
O102678,2026-07-02,C1101,Customer 1101,Male,45,Kozhikode,Kerala,South,P2060,Women Product 2060,Fashion,Women,1,54476.75,0.25,40857.56,Credit Card,Completed,Returning
O102679,2025-05-12,C1155,Customer 1155,Male,53,Thrissur,Kerala,South,P2056,Fitness Product 2056,Sports,Fitness,1,65159.96,0.1,58643.96,UPI,Completed,Returning
O102680,2025-11-20,C1377,Customer 1377,Female,31,Jaipur,Rajasthan,North,P2035,Mobiles Product 2035,Electronics,Mobiles,2,38973.06,0.05,74048.81,UPI,Completed,Returning
O102681,2025-05-12,C1349,Customer 1349,Female,50,Jaipur,Rajasthan,North,P2030,Men Product 2030,Fashion,Men,1,64551.14,0,64551.14,Credit Card,Completed,Returning
O102682,2026-06-05,C1451,Customer 1451,Female,33,Vadodara,Gujarat,West,P2054,Accessories Product 2054,Electronics,Accessories,1,51113.05,0.25,38334.79,UPI,Completed,Returning
O102683,2025-01-30,C1364,Customer 1364,Female,32,Salem,Tamil Nadu,South,P2036,Mobiles Product 2036,Electronics,Mobiles,2,6463.39,0.15,10987.76,Cash on Delivery,Completed,Returning
O102684,2025-10-28,C1141,Customer 1141,Female,48,Ahmedabad,Gujarat,West,P2055,Accessories Product 2055,Electronics,Accessories,1,15507.3,0.05,14731.94,UPI,Completed,Returning
O102685,2025-01-04,C1173,Customer 1173,Male,58,Cuttack,Odisha,East,P2089,Women Product 2089,Fashion,Women,1,71400.34,0.15,60690.29,Debit Card,Completed,Returning
O102686,2025-11-21,C1010,Customer 1010,Female,59,Noida,Uttar Pradesh,North,P2080,Mobiles Product 2080,Electronics,Mobiles,4,26947.88,0.1,97012.37,UPI,Completed,Returning
O102687,2026-05-24,C1228,Customer 1228,Female,32,New Delhi,Delhi,North,P2058,Women Product 2058,Fashion,Women,1,74077.42,0.05,70373.55,UPI,Completed,Returning
O102688,2025-08-25,C1265,Customer 1265,Male,32,Noida,Uttar Pradesh,North,P2083,Mobiles Product 2083,Electronics,Mobiles,2,2853.83,0.15,4851.51,Credit Card,Completed,Returning
O102689,2026-06-19,C1438,Customer 1438,Female,40,Pune,Maharashtra,West,P2065,Makeup Product 2065,Beauty,Makeup,1,58267.22,0.15,49527.14,Cash on Delivery,Completed,Returning
O102690,2025-01-16,C1248,Customer 1248,Male,38,Vadodara,Gujarat,West,P2069,Mobiles Product 2069,Electronics,Mobiles,1,33564.3,0.1,30207.87,Credit Card,Completed,New
O102691,2026-06-18,C1247,Customer 1247,Male,50,Warangal,Telangana,South,P2051,Makeup Product 2051,Beauty,Makeup,1,3561.53,0,3561.53,Net Banking,Completed,Returning
O102692,2026-08-07,C1155,Customer 1155,Male,53,Thrissur,Kerala,South,P2022,Outdoor Product 2022,Sports,Outdoor,1,34818.67,0,34818.67,UPI,Completed,Returning
O102693,2026-03-22,C1034,Customer 1034,Female,27,Jaipur,Rajasthan,North,P2088,Men Product 2088,Fashion,Men,1,36148.31,0.15,30726.06,UPI,Completed,Returning
O102694,2026-05-18,C1499,Customer 1499,Male,60,Surat,Gujarat,West,P2053,Mobiles Product 2053,Electronics,Mobiles,1,37147.78,0.15,31575.61,Net Banking,Completed,Returning
O102695,2025-08-18,C1129,Customer 1129,Female,43,Cuttack,Odisha,East,P2100,Mobiles Product 2100,Electronics,Mobiles,2,51807.65,0.15,88073,Credit Card,Completed,Returning
O102696,2025-04-17,C1160,Customer 1160,Female,48,Kochi,Kerala,South,P2036,Mobiles Product 2036,Electronics,Mobiles,1,6463.39,0.15,5493.88,Credit Card,Completed,Returning
O102697,2026-01-24,C1089,Customer 1089,Female,45,New Delhi,Delhi,North,P2068,Furniture Product 2068,Home & Kitchen,Furniture,5,37073.16,0.15,157560.93,UPI,Completed,Returning
O102698,2025-09-20,C1093,Customer 1093,Female,48,Pune,Maharashtra,West,P2036,Mobiles Product 2036,Electronics,Mobiles,1,6463.39,0.2,5170.71,UPI,Completed,Returning
O102699,2026-07-17,C1327,Customer 1327,Male,24,Ahmedabad,Gujarat,West,P2052,Laptops Product 2052,Electronics,Laptops,1,54024.37,0,54024.37,Credit Card,Cancelled,Returning
O102700,2025-03-06,C1241,Customer 1241,Female,36,Cuttack,Odisha,East,P2053,Mobiles Product 2053,Electronics,Mobiles,1,37147.78,0.05,35290.39,Net Banking,Completed,Returning
O102701,2025-09-22,C1323,Customer 1323,Female,44,Chennai,Tamil Nadu,South,P2082,Makeup Product 2082,Beauty,Makeup,2,65159.86,0.1,117287.75,UPI,Completed,Returning
O102702,2025-12-04,C1468,Customer 1468,Male,47,Udaipur,Rajasthan,North,P2050,Fitness Product 2050,Sports,Fitness,2,13904.21,0.05,26418,Cash on Delivery,Completed,Returning
O102703,2025-10-28,C1404,Customer 1404,Male,49,Vadodara,Gujarat,West,P2080,Mobiles Product 2080,Electronics,Mobiles,2,26947.88,0.15,45811.4,UPI,Completed,Returning
O102704,2026-01-13,C1117,Customer 1117,Male,51,Vadodara,Gujarat,West,P2041,Accessories Product 2041,Electronics,Accessories,1,2659.49,0.2,2127.59,Credit Card,Completed,Returning
O102705,2025-06-24,C1094,Customer 1094,Female,33,Noida,Uttar Pradesh,North,P2018,Women Product 2018,Fashion,Women,1,15516.48,0.05,14740.66,UPI,Completed,Returning
O102706,2025-06-01,C1163,Customer 1163,Female,40,Warangal,Telangana,South,P2022,Outdoor Product 2022,Sports,Outdoor,2,34818.67,0.2,55709.87,Credit Card,Completed,Returning
O102707,2026-04-21,C1099,Customer 1099,Female,31,Vadodara,Gujarat,West,P2066,Furniture Product 2066,Home & Kitchen,Furniture,1,13722.33,0.1,12350.1,UPI,Completed,Returning
O102708,2025-09-23,C1113,Customer 1113,Female,53,Kochi,Kerala,South,P2021,Mobiles Product 2021,Electronics,Mobiles,1,68414.15,0.1,61572.73,UPI,Completed,Returning
O102709,2025-11-25,C1359,Customer 1359,Male,36,Ahmedabad,Gujarat,West,P2100,Mobiles Product 2100,Electronics,Mobiles,1,51807.65,0.1,46626.88,Cash on Delivery,Completed,Returning
O102710,2025-06-12,C1091,Customer 1091,Female,56,Hyderabad,Telangana,South,P2044,Makeup Product 2044,Beauty,Makeup,1,61167.44,0.05,58109.07,Debit Card,Completed,Returning
O102711,2026-03-14,C1346,Customer 1346,Male,47,Udaipur,Rajasthan,North,P2047,Laptops Product 2047,Electronics,Laptops,1,6397.76,0.05,6077.87,Debit Card,Cancelled,Returning
O102712,2025-12-09,C1206,Customer 1206,Male,31,Kolkata,West Bengal,East,P2039,Footwear Product 2039,Fashion,Footwear,3,15251.22,0.1,41178.29,UPI,Completed,Returning
O102713,2026-01-02,C1017,Customer 1017,Female,21,New Delhi,Delhi,North,P2029,Appliances Product 2029,Home & Kitchen,Appliances,2,54225.01,0.2,86760.02,Cash on Delivery,Completed,Returning
O102714,2026-04-10,C1274,Customer 1274,Female,40,Mangaluru,Karnataka,South,P2054,Accessories Product 2054,Electronics,Accessories,2,51113.05,0.1,92003.49,Credit Card,Completed,Returning
O102715,2025-07-18,C1173,Customer 1173,Male,58,Cuttack,Odisha,East,P2090,Men Product 2090,Fashion,Men,1,43634.38,0.05,41452.66,Net Banking,Returned,Returning
O102716,2026-05-15,C1116,Customer 1116,Female,38,New Delhi,Delhi,North,P2085,Fitness Product 2085,Sports,Fitness,2,48108.22,0,96216.44,UPI,Completed,Returning
O102717,2025-01-16,C1349,Customer 1349,Female,50,Jaipur,Rajasthan,North,P2017,Appliances Product 2017,Home & Kitchen,Appliances,2,35523.47,0.25,53285.2,UPI,Returned,New
O102718,2025-10-23,C1468,Customer 1468,Male,47,Udaipur,Rajasthan,North,P2080,Mobiles Product 2080,Electronics,Mobiles,2,26947.88,0.1,48506.18,Cash on Delivery,Completed,Returning
O102719,2026-05-26,C1181,Customer 1181,Male,42,Bhubaneswar,Odisha,East,P2060,Women Product 2060,Fashion,Women,1,54476.75,0.2,43581.4,Credit Card,Completed,Returning
O102720,2025-08-27,C1091,Customer 1091,Female,56,Hyderabad,Telangana,South,P2031,Makeup Product 2031,Beauty,Makeup,5,36193.87,0.1,162872.42,Cash on Delivery,Completed,Returning
O102721,2026-08-04,C1082,Customer 1082,Female,35,New Delhi,Delhi,North,P2073,Mobiles Product 2073,Electronics,Mobiles,1,58078.44,0.1,52270.6,UPI,Completed,Returning
O102722,2025-10-28,C1324,Customer 1324,Female,21,Kozhikode,Kerala,South,P2095,Skincare Product 2095,Beauty,Skincare,4,33448.14,0.15,113723.68,Credit Card,Completed,Returning
O102723,2025-01-06,C1449,Customer 1449,Male,45,Mumbai,Maharashtra,West,P2078,Accessories Product 2078,Electronics,Accessories,1,71159.18,0.05,67601.22,Net Banking,Completed,New
O102724,2025-08-08,C1114,Customer 1114,Female,50,Kozhikode,Kerala,South,P2049,Appliances Product 2049,Home & Kitchen,Appliances,1,16675.28,0.15,14173.99,Debit Card,Completed,Returning
O102725,2026-03-29,C1257,Customer 1257,Male,47,Lucknow,Uttar Pradesh,North,P2002,Sportswear Product 2002,Sports,Sportswear,1,72675.18,0.1,65407.66,Debit Card,Completed,Returning
O102726,2026-03-09,C1058,Customer 1058,Male,51,Thrissur,Kerala,South,P2048,Accessories Product 2048,Electronics,Accessories,3,48876.98,0.15,124636.3,UPI,Completed,Returning
O102727,2026-01-21,C1154,Customer 1154,Male,45,Udaipur,Rajasthan,North,P2014,Skincare Product 2014,Beauty,Skincare,1,73803.13,0.15,62732.66,UPI,Completed,Returning
O102728,2025-10-22,C1365,Customer 1365,Male,23,Patna,Bihar,East,P2059,Mobiles Product 2059,Electronics,Mobiles,3,38695.49,0,116086.47,UPI,Completed,Returning
O102729,2025-04-28,C1404,Customer 1404,Male,49,Vadodara,Gujarat,West,P2097,Footwear Product 2097,Fashion,Footwear,3,70862.68,0.1,191329.24,Credit Card,Completed,Returning
O102730,2026-02-09,C1116,Customer 1116,Female,38,New Delhi,Delhi,North,P2099,Sportswear Product 2099,Sports,Sportswear,2,42924.55,0,85849.1,Net Banking,Completed,Returning
O102731,2026-08-17,C1343,Customer 1343,Male,20,Patna,Bihar,East,P2058,Women Product 2058,Fashion,Women,2,74077.42,0,148154.84,Credit Card,Completed,Returning
O102732,2026-07-20,C1266,Customer 1266,Female,47,Thrissur,Kerala,South,P2058,Women Product 2058,Fashion,Women,2,74077.42,0.15,125931.61,Credit Card,Completed,Returning
O102733,2025-01-12,C1315,Customer 1315,Male,32,Kozhikode,Kerala,South,P2051,Makeup Product 2051,Beauty,Makeup,2,3561.53,0,7123.06,Net Banking,Completed,New
O102734,2025-07-28,C1203,Customer 1203,Male,35,Mumbai,Maharashtra,West,P2084,Fitness Product 2084,Sports,Fitness,1,39978.36,0.1,35980.52,UPI,Completed,Returning
O102735,2025-06-14,C1041,Customer 1041,Male,53,Ahmedabad,Gujarat,West,P2002,Sportswear Product 2002,Sports,Sportswear,2,72675.18,0.05,138082.84,Cash on Delivery,Completed,Returning
O102736,2025-10-21,C1105,Customer 1105,Female,55,Patna,Bihar,East,P2041,Accessories Product 2041,Electronics,Accessories,3,2659.49,0.05,7579.55,Cash on Delivery,Completed,Returning
O102737,2026-06-03,C1389,Customer 1389,Male,30,Mysuru,Karnataka,South,P2083,Mobiles Product 2083,Electronics,Mobiles,1,2853.83,0,2853.83,UPI,Completed,Returning
O102738,2025-03-19,C1378,Customer 1378,Male,20,Bengaluru,Karnataka,South,P2082,Makeup Product 2082,Beauty,Makeup,4,65159.86,0.05,247607.47,UPI,Returned,Returning
O102739,2026-03-10,C1193,Customer 1193,Male,31,Patna,Bihar,East,P2016,Mobiles Product 2016,Electronics,Mobiles,1,48979.51,0.15,41632.58,UPI,Completed,Returning
O102740,2026-07-31,C1401,Customer 1401,Female,52,Warangal,Telangana,South,P2004,Kitchen Product 2004,Home & Kitchen,Kitchen,1,1952.63,0.1,1757.37,Net Banking,Completed,Returning
O102741,2025-03-18,C1278,Customer 1278,Female,54,Salem,Tamil Nadu,South,P2012,Fitness Product 2012,Sports,Fitness,1,70788.11,0.2,56630.49,UPI,Completed,New
O102742,2025-02-17,C1354,Customer 1354,Female,56,Thrissur,Kerala,South,P2029,Appliances Product 2029,Home & Kitchen,Appliances,1,54225.01,0,54225.01,Debit Card,Completed,Returning
O102743,2025-03-23,C1237,Customer 1237,Female,38,Thrissur,Kerala,South,P2007,Mobiles Product 2007,Electronics,Mobiles,3,70839.48,0.15,180640.67,Credit Card,Completed,Returning
O102744,2025-07-28,C1425,Customer 1425,Female,35,New Delhi,Delhi,North,P2014,Skincare Product 2014,Beauty,Skincare,4,73803.13,0.15,250930.64,Net Banking,Cancelled,Returning
O102745,2026-03-21,C1221,Customer 1221,Male,37,Patna,Bihar,East,P2012,Fitness Product 2012,Sports,Fitness,3,70788.11,0.05,201746.11,Net Banking,Completed,Returning
O102746,2026-08-19,C1068,Customer 1068,Male,47,Hyderabad,Telangana,South,P2099,Sportswear Product 2099,Sports,Sportswear,5,42924.55,0.15,182429.34,Cash on Delivery,Completed,Returning
O102747,2026-06-06,C1197,Customer 1197,Female,28,Thrissur,Kerala,South,P2005,Appliances Product 2005,Home & Kitchen,Appliances,1,61463.29,0.15,52243.8,UPI,Completed,Returning
O102748,2025-01-29,C1256,Customer 1256,Male,32,Mumbai,Maharashtra,West,P2081,Men Product 2081,Fashion,Men,1,63359.53,0.1,57023.58,UPI,Completed,Returning
O102749,2025-10-31,C1139,Customer 1139,Male,59,New Delhi,Delhi,North,P2032,Mobiles Product 2032,Electronics,Mobiles,2,7978.59,0.15,13563.6,UPI,Completed,Returning
O102750,2026-04-10,C1312,Customer 1312,Male,28,Jodhpur,Rajasthan,North,P2074,Mobiles Product 2074,Electronics,Mobiles,3,18005.98,0.1,48616.15,Credit Card,Completed,Returning
O102751,2026-05-17,C1435,Customer 1435,Female,48,Kolkata,West Bengal,East,P2043,Furniture Product 2043,Home & Kitchen,Furniture,1,47010.26,0.05,44659.75,Credit Card,Completed,Returning
O102752,2026-03-22,C1149,Customer 1149,Male,45,Mysuru,Karnataka,South,P2081,Men Product 2081,Fashion,Men,5,63359.53,0.1,285117.88,Cash on Delivery,Completed,Returning
O102753,2026-05-05,C1099,Customer 1099,Female,31,Vadodara,Gujarat,West,P2069,Mobiles Product 2069,Electronics,Mobiles,2,33564.3,0.2,53702.88,Net Banking,Completed,Returning
O102754,2026-03-04,C1076,Customer 1076,Female,20,Hyderabad,Telangana,South,P2045,Laptops Product 2045,Electronics,Laptops,5,61352.14,0.05,291422.66,UPI,Completed,Returning
O102755,2026-07-13,C1282,Customer 1282,Female,60,Cuttack,Odisha,East,P2009,Skincare Product 2009,Beauty,Skincare,1,22588.57,0.05,21459.14,Net Banking,Completed,Returning
O102756,2025-12-25,C1371,Customer 1371,Female,50,Cuttack,Odisha,East,P2049,Appliances Product 2049,Home & Kitchen,Appliances,1,16675.28,0.1,15007.75,UPI,Completed,Returning
O102757,2025-04-01,C1403,Customer 1403,Male,34,Mumbai,Maharashtra,West,P2033,Footwear Product 2033,Fashion,Footwear,2,37566.95,0.15,63863.81,UPI,Completed,Returning
O102758,2025-02-22,C1109,Customer 1109,Female,42,Bhubaneswar,Odisha,East,P2100,Mobiles Product 2100,Electronics,Mobiles,3,51807.65,0.15,132109.51,Net Banking,Completed,Returning
O102759,2026-08-12,C1188,Customer 1188,Male,44,Warangal,Telangana,South,P2100,Mobiles Product 2100,Electronics,Mobiles,1,51807.65,0,51807.65,Cash on Delivery,Completed,Returning
O102760,2025-07-23,C1199,Customer 1199,Male,47,Hyderabad,Telangana,South,P2018,Women Product 2018,Fashion,Women,4,15516.48,0.15,52756.03,UPI,Completed,Returning
O102761,2026-07-10,C1303,Customer 1303,Male,45,Hyderabad,Telangana,South,P2009,Skincare Product 2009,Beauty,Skincare,3,22588.57,0.1,60989.14,Net Banking,Completed,Returning
O102762,2025-06-05,C1327,Customer 1327,Male,24,Ahmedabad,Gujarat,West,P2062,Makeup Product 2062,Beauty,Makeup,1,20979.04,0.1,18881.14,Net Banking,Completed,Returning
O102763,2025-01-02,C1154,Customer 1154,Male,45,Udaipur,Rajasthan,North,P2057,Skincare Product 2057,Beauty,Skincare,1,63514.52,0.1,57163.07,UPI,Completed,New
O102764,2025-12-23,C1040,Customer 1040,Male,47,New Delhi,Delhi,North,P2029,Appliances Product 2029,Home & Kitchen,Appliances,2,54225.01,0.15,92182.52,UPI,Completed,Returning
O102765,2026-07-23,C1133,Customer 1133,Male,52,Kolkata,West Bengal,East,P2078,Accessories Product 2078,Electronics,Accessories,1,71159.18,0.15,60485.3,Debit Card,Completed,Returning
O102766,2025-02-27,C1405,Customer 1405,Female,36,Noida,Uttar Pradesh,North,P2025,Footwear Product 2025,Fashion,Footwear,2,48968.5,0.1,88143.3,Net Banking,Completed,Returning
O102767,2025-09-11,C1462,Customer 1462,Male,27,Cuttack,Odisha,East,P2015,Furniture Product 2015,Home & Kitchen,Furniture,1,17477.61,0.1,15729.85,Credit Card,Completed,Returning
O102768,2025-06-29,C1132,Customer 1132,Male,52,Noida,Uttar Pradesh,North,P2006,Accessories Product 2006,Electronics,Accessories,2,33608.93,0.05,63856.97,UPI,Completed,Returning
O102769,2026-05-08,C1279,Customer 1279,Male,38,Bhubaneswar,Odisha,East,P2042,Sportswear Product 2042,Sports,Sportswear,2,46086.93,0,92173.86,Debit Card,Completed,Returning
O102770,2025-02-04,C1362,Customer 1362,Male,28,Kozhikode,Kerala,South,P2029,Appliances Product 2029,Home & Kitchen,Appliances,1,54225.01,0.25,40668.76,Debit Card,Cancelled,New
O102771,2025-03-16,C1084,Customer 1084,Female,24,Mumbai,Maharashtra,West,P2079,Laptops Product 2079,Electronics,Laptops,2,12821.16,0.1,23078.09,Credit Card,Completed,Returning
O102772,2025-10-16,C1399,Customer 1399,Female,53,Jodhpur,Rajasthan,North,P2093,Furniture Product 2093,Home & Kitchen,Furniture,1,15378.45,0.1,13840.61,UPI,Completed,Returning
O102773,2026-01-06,C1242,Customer 1242,Male,26,Jaipur,Rajasthan,North,P2004,Kitchen Product 2004,Home & Kitchen,Kitchen,1,1952.63,0.15,1659.74,Net Banking,Completed,Returning
O102774,2026-08-10,C1116,Customer 1116,Female,38,New Delhi,Delhi,North,P2082,Makeup Product 2082,Beauty,Makeup,2,65159.86,0,130319.72,Debit Card,Completed,Returning
O102775,2025-11-25,C1109,Customer 1109,Female,42,Bhubaneswar,Odisha,East,P2057,Skincare Product 2057,Beauty,Skincare,5,63514.52,0.2,254058.08,Net Banking,Completed,Returning
O102776,2026-08-13,C1221,Customer 1221,Male,37,Patna,Bihar,East,P2049,Appliances Product 2049,Home & Kitchen,Appliances,1,16675.28,0.15,14173.99,Cash on Delivery,Cancelled,Returning
O102777,2025-10-31,C1392,Customer 1392,Male,53,Pune,Maharashtra,West,P2044,Makeup Product 2044,Beauty,Makeup,1,61167.44,0.15,51992.32,Net Banking,Completed,Returning
O102778,2026-08-02,C1041,Customer 1041,Male,53,Ahmedabad,Gujarat,West,P2080,Mobiles Product 2080,Electronics,Mobiles,1,26947.88,0,26947.88,Cash on Delivery,Completed,Returning
O102779,2025-08-09,C1368,Customer 1368,Female,51,Thrissur,Kerala,South,P2075,Laptops Product 2075,Electronics,Laptops,1,5790.21,0.1,5211.19,Cash on Delivery,Completed,Returning
O102780,2025-06-13,C1147,Customer 1147,Male,42,Salem,Tamil Nadu,South,P2014,Skincare Product 2014,Beauty,Skincare,1,73803.13,0,73803.13,Debit Card,Completed,Returning
O102781,2026-04-25,C1112,Customer 1112,Male,55,Patna,Bihar,East,P2003,Makeup Product 2003,Beauty,Makeup,2,44701.37,0.1,80462.47,Debit Card,Completed,Returning
O102782,2026-03-31,C1103,Customer 1103,Female,40,Mumbai,Maharashtra,West,P2062,Makeup Product 2062,Beauty,Makeup,1,20979.04,0.15,17832.18,Debit Card,Completed,Returning
O102783,2026-01-10,C1046,Customer 1046,Female,44,Warangal,Telangana,South,P2064,Furniture Product 2064,Home & Kitchen,Furniture,4,47477.55,0,189910.2,Debit Card,Completed,Returning
O102784,2025-08-08,C1412,Customer 1412,Female,36,Ahmedabad,Gujarat,West,P2045,Laptops Product 2045,Electronics,Laptops,1,61352.14,0.15,52149.32,UPI,Completed,Returning
O102785,2025-09-11,C1494,Customer 1494,Female,39,Kochi,Kerala,South,P2082,Makeup Product 2082,Beauty,Makeup,3,65159.86,0.1,175931.62,Credit Card,Completed,Returning
O102786,2025-07-07,C1475,Customer 1475,Male,26,Mysuru,Karnataka,South,P2058,Women Product 2058,Fashion,Women,3,74077.42,0.15,188897.42,UPI,Completed,Returning
O102787,2025-07-10,C1324,Customer 1324,Female,21,Kozhikode,Kerala,South,P2020,Footwear Product 2020,Fashion,Footwear,2,47078.66,0.1,84741.59,UPI,Completed,Returning
O102788,2026-01-24,C1378,Customer 1378,Male,20,Bengaluru,Karnataka,South,P2058,Women Product 2058,Fashion,Women,1,74077.42,0.05,70373.55,UPI,Completed,Returning
O102789,2025-08-03,C1271,Customer 1271,Female,51,Ahmedabad,Gujarat,West,P2089,Women Product 2089,Fashion,Women,2,71400.34,0.05,135660.65,Cash on Delivery,Completed,Returning
O102790,2026-01-10,C1483,Customer 1483,Male,56,Kochi,Kerala,South,P2057,Skincare Product 2057,Beauty,Skincare,2,63514.52,0.2,101623.23,Credit Card,Completed,Returning
O102791,2025-03-27,C1421,Customer 1421,Female,42,Mysuru,Karnataka,South,P2077,Men Product 2077,Fashion,Men,3,32487.3,0.1,87715.71,UPI,Completed,Returning
O102792,2026-04-19,C1385,Customer 1385,Male,56,Thrissur,Kerala,South,P2068,Furniture Product 2068,Home & Kitchen,Furniture,2,37073.16,0.05,70439,Debit Card,Completed,Returning
O102793,2026-06-15,C1195,Customer 1195,Male,38,Cuttack,Odisha,East,P2078,Accessories Product 2078,Electronics,Accessories,1,71159.18,0,71159.18,UPI,Returned,Returning
O102794,2025-02-16,C1367,Customer 1367,Female,59,Mangaluru,Karnataka,South,P2097,Footwear Product 2097,Fashion,Footwear,3,70862.68,0.05,201958.64,Net Banking,Completed,New
O102795,2025-03-06,C1280,Customer 1280,Female,39,Bhubaneswar,Odisha,East,P2092,Footwear Product 2092,Fashion,Footwear,5,2539.03,0.15,10790.88,UPI,Completed,Returning
O102796,2026-04-20,C1283,Customer 1283,Female,33,Kochi,Kerala,South,P2052,Laptops Product 2052,Electronics,Laptops,2,54024.37,0.15,91841.43,UPI,Completed,Returning
O102797,2025-05-26,C1040,Customer 1040,Male,47,New Delhi,Delhi,North,P2037,Haircare Product 2037,Beauty,Haircare,3,29950.17,0.05,85357.98,Net Banking,Completed,Returning
O102798,2026-01-17,C1447,Customer 1447,Male,60,Mangaluru,Karnataka,South,P2008,Mobiles Product 2008,Electronics,Mobiles,2,12522.7,0.05,23793.13,Credit Card,Completed,Returning
O102799,2025-03-07,C1189,Customer 1189,Male,41,New Delhi,Delhi,North,P2044,Makeup Product 2044,Beauty,Makeup,2,61167.44,0,122334.88,Cash on Delivery,Completed,New
O102800,2026-06-01,C1164,Customer 1164,Female,55,Chennai,Tamil Nadu,South,P2098,Women Product 2098,Fashion,Women,2,18537.8,0.25,27806.7,Credit Card,Completed,Returning
O102801,2025-04-03,C1482,Customer 1482,Female,44,Hyderabad,Telangana,South,P2005,Appliances Product 2005,Home & Kitchen,Appliances,2,61463.29,0.1,110633.92,Credit Card,Completed,Returning
O102802,2026-03-02,C1477,Customer 1477,Male,42,Vadodara,Gujarat,West,P2069,Mobiles Product 2069,Electronics,Mobiles,1,33564.3,0.15,28529.66,Credit Card,Completed,Returning
O102803,2026-04-13,C1024,Customer 1024,Female,48,Ahmedabad,Gujarat,West,P2031,Makeup Product 2031,Beauty,Makeup,2,36193.87,0.15,61529.58,UPI,Completed,Returning
O102804,2025-04-04,C1024,Customer 1024,Female,48,Ahmedabad,Gujarat,West,P2045,Laptops Product 2045,Electronics,Laptops,2,61352.14,0.2,98163.42,UPI,Completed,New
O102805,2025-05-13,C1490,Customer 1490,Male,45,Salem,Tamil Nadu,South,P2009,Skincare Product 2009,Beauty,Skincare,1,22588.57,0.2,18070.86,UPI,Completed,Returning
O102806,2026-03-10,C1004,Customer 1004,Male,52,New Delhi,Delhi,North,P2032,Mobiles Product 2032,Electronics,Mobiles,1,7978.59,0,7978.59,Net Banking,Completed,Returning
O102807,2025-12-07,C1323,Customer 1323,Female,44,Chennai,Tamil Nadu,South,P2033,Footwear Product 2033,Fashion,Footwear,3,37566.95,0.25,84525.64,Debit Card,Completed,Returning
O102808,2025-11-10,C1290,Customer 1290,Female,30,Pune,Maharashtra,West,P2067,Laptops Product 2067,Electronics,Laptops,2,38592.36,0.2,61747.78,UPI,Completed,Returning
O102809,2026-08-14,C1441,Customer 1441,Male,47,Mysuru,Karnataka,South,P2030,Men Product 2030,Fashion,Men,1,64551.14,0.05,61323.58,UPI,Completed,Returning
O102810,2025-07-31,C1433,Customer 1433,Male,22,Warangal,Telangana,South,P2076,Laptops Product 2076,Electronics,Laptops,3,33823.68,0.15,86250.38,Cash on Delivery,Completed,Returning
O102811,2026-06-04,C1471,Customer 1471,Male,43,Kolkata,West Bengal,East,P2029,Appliances Product 2029,Home & Kitchen,Appliances,3,54225.01,0.15,138273.78,UPI,Completed,Returning
O102812,2025-06-08,C1181,Customer 1181,Male,42,Bhubaneswar,Odisha,East,P2003,Makeup Product 2003,Beauty,Makeup,1,44701.37,0.15,37996.16,Credit Card,Completed,Returning
O102813,2025-09-25,C1248,Customer 1248,Male,38,Vadodara,Gujarat,West,P2090,Men Product 2090,Fashion,Men,1,43634.38,0.05,41452.66,Credit Card,Completed,Returning
O102814,2026-08-26,C1116,Customer 1116,Female,38,New Delhi,Delhi,North,P2057,Skincare Product 2057,Beauty,Skincare,4,63514.52,0.1,228652.27,Debit Card,Completed,Returning
O102815,2026-04-19,C1279,Customer 1279,Male,38,Bhubaneswar,Odisha,East,P2030,Men Product 2030,Fashion,Men,3,64551.14,0,193653.42,UPI,Completed,Returning
O102816,2026-02-14,C1365,Customer 1365,Male,23,Patna,Bihar,East,P2009,Skincare Product 2009,Beauty,Skincare,1,22588.57,0.15,19200.28,Cash on Delivery,Cancelled,Returning
O102817,2026-04-19,C1069,Customer 1069,Female,45,Salem,Tamil Nadu,South,P2026,Furniture Product 2026,Home & Kitchen,Furniture,1,59877.66,0.25,44908.24,Credit Card,Completed,Returning
O102818,2025-12-22,C1351,Customer 1351,Female,57,Madurai,Tamil Nadu,South,P2002,Sportswear Product 2002,Sports,Sportswear,1,72675.18,0.1,65407.66,UPI,Completed,Returning
O102819,2025-07-12,C1254,Customer 1254,Male,58,Thrissur,Kerala,South,P2062,Makeup Product 2062,Beauty,Makeup,2,20979.04,0.1,37762.27,UPI,Completed,Returning
O102820,2025-09-28,C1181,Customer 1181,Male,42,Bhubaneswar,Odisha,East,P2003,Makeup Product 2003,Beauty,Makeup,1,44701.37,0.15,37996.16,Credit Card,Completed,Returning
O102821,2025-04-24,C1318,Customer 1318,Male,32,Kozhikode,Kerala,South,P2046,Appliances Product 2046,Home & Kitchen,Appliances,2,3344.33,0.05,6354.23,UPI,Completed,New
O102822,2026-06-07,C1169,Customer 1169,Male,54,Ahmedabad,Gujarat,West,P2068,Furniture Product 2068,Home & Kitchen,Furniture,1,37073.16,0.1,33365.84,Cash on Delivery,Completed,Returning
O102823,2025-02-24,C1313,Customer 1313,Female,52,Chennai,Tamil Nadu,South,P2025,Footwear Product 2025,Fashion,Footwear,3,48968.5,0.15,124869.68,UPI,Completed,Returning
O102824,2025-03-06,C1249,Customer 1249,Male,58,Jaipur,Rajasthan,North,P2051,Makeup Product 2051,Beauty,Makeup,1,3561.53,0,3561.53,Cash on Delivery,Cancelled,Returning
O102825,2025-09-29,C1188,Customer 1188,Male,44,Warangal,Telangana,South,P2013,Appliances Product 2013,Home & Kitchen,Appliances,2,72349.68,0,144699.36,Credit Card,Completed,Returning
O102826,2026-05-17,C1054,Customer 1054,Female,24,Bengaluru,Karnataka,South,P2044,Makeup Product 2044,Beauty,Makeup,4,61167.44,0.15,207969.3,UPI,Completed,Returning
O102827,2025-12-28,C1326,Customer 1326,Female,49,Mysuru,Karnataka,South,P2035,Mobiles Product 2035,Electronics,Mobiles,1,38973.06,0.1,35075.75,UPI,Completed,Returning
O102828,2025-05-26,C1357,Customer 1357,Female,29,Bhubaneswar,Odisha,East,P2055,Accessories Product 2055,Electronics,Accessories,1,15507.3,0.2,12405.84,Credit Card,Completed,Returning
O102829,2025-07-28,C1313,Customer 1313,Female,52,Chennai,Tamil Nadu,South,P2087,Kitchen Product 2087,Home & Kitchen,Kitchen,3,43974.9,0.05,125328.47,Debit Card,Completed,Returning
O102830,2025-10-13,C1138,Customer 1138,Male,52,Jodhpur,Rajasthan,North,P2009,Skincare Product 2009,Beauty,Skincare,1,22588.57,0,22588.57,Cash on Delivery,Returned,Returning
O102831,2025-01-10,C1168,Customer 1168,Male,43,Warangal,Telangana,South,P2002,Sportswear Product 2002,Sports,Sportswear,3,72675.18,0.1,196222.99,Debit Card,Completed,New
O102832,2025-07-05,C1391,Customer 1391,Male,57,Salem,Tamil Nadu,South,P2061,Women Product 2061,Fashion,Women,1,44949.95,0.15,38207.46,Credit Card,Completed,Returning
O102833,2026-07-28,C1103,Customer 1103,Female,40,Mumbai,Maharashtra,West,P2041,Accessories Product 2041,Electronics,Accessories,1,2659.49,0.1,2393.54,UPI,Completed,Returning
O102834,2026-08-20,C1422,Customer 1422,Female,35,Kozhikode,Kerala,South,P2044,Makeup Product 2044,Beauty,Makeup,4,61167.44,0.15,207969.3,Cash on Delivery,Completed,Returning
O102835,2026-04-09,C1085,Customer 1085,Male,41,Udaipur,Rajasthan,North,P2064,Furniture Product 2064,Home & Kitchen,Furniture,2,47477.55,0.1,85459.59,Cash on Delivery,Returned,Returning
O102836,2025-05-14,C1317,Customer 1317,Male,48,New Delhi,Delhi,North,P2031,Makeup Product 2031,Beauty,Makeup,2,36193.87,0.15,61529.58,Credit Card,Cancelled,Returning
O102837,2025-06-20,C1212,Customer 1212,Male,58,Kolkata,West Bengal,East,P2047,Laptops Product 2047,Electronics,Laptops,1,6397.76,0,6397.76,UPI,Completed,New
O102838,2025-08-01,C1003,Customer 1003,Male,42,Mysuru,Karnataka,South,P2002,Sportswear Product 2002,Sports,Sportswear,1,72675.18,0.05,69041.42,Debit Card,Completed,Returning
O102839,2026-06-14,C1384,Customer 1384,Male,34,Mumbai,Maharashtra,West,P2096,Outdoor Product 2096,Sports,Outdoor,3,19371.4,0,58114.2,Net Banking,Completed,Returning
O102840,2026-05-17,C1179,Customer 1179,Male,31,Kolkata,West Bengal,East,P2082,Makeup Product 2082,Beauty,Makeup,1,65159.86,0,65159.86,Credit Card,Completed,Returning
O102841,2026-07-26,C1342,Customer 1342,Female,54,Bengaluru,Karnataka,South,P2077,Men Product 2077,Fashion,Men,1,32487.3,0.05,30862.94,Credit Card,Completed,Returning
O102842,2026-08-23,C1303,Customer 1303,Male,45,Hyderabad,Telangana,South,P2069,Mobiles Product 2069,Electronics,Mobiles,1,33564.3,0,33564.3,Net Banking,Completed,Returning
O102843,2025-01-27,C1452,Customer 1452,Female,45,Kolkata,West Bengal,East,P2058,Women Product 2058,Fashion,Women,1,74077.42,0.25,55558.06,UPI,Cancelled,New
O102844,2025-03-09,C1476,Customer 1476,Female,22,Patna,Bihar,East,P2044,Makeup Product 2044,Beauty,Makeup,3,61167.44,0.05,174327.2,Credit Card,Completed,Returning
O102845,2026-02-12,C1332,Customer 1332,Male,30,Kochi,Kerala,South,P2074,Mobiles Product 2074,Electronics,Mobiles,3,18005.98,0.05,51317.04,UPI,Completed,Returning
O102846,2026-07-06,C1038,Customer 1038,Male,42,Nagpur,Maharashtra,West,P2056,Fitness Product 2056,Sports,Fitness,2,65159.96,0.15,110771.93,UPI,Completed,Returning
O102847,2025-04-19,C1499,Customer 1499,Male,60,Surat,Gujarat,West,P2043,Furniture Product 2043,Home & Kitchen,Furniture,2,47010.26,0.05,89319.49,Cash on Delivery,Completed,Returning
O102848,2025-03-15,C1420,Customer 1420,Female,30,Madurai,Tamil Nadu,South,P2089,Women Product 2089,Fashion,Women,2,71400.34,0.1,128520.61,Debit Card,Completed,Returning
O102849,2026-08-01,C1239,Customer 1239,Male,20,Kanpur,Uttar Pradesh,North,P2034,Men Product 2034,Fashion,Men,2,42105.76,0.1,75790.37,Net Banking,Completed,Returning
O102850,2025-09-19,C1169,Customer 1169,Male,54,Ahmedabad,Gujarat,West,P2030,Men Product 2030,Fashion,Men,2,64551.14,0.05,122647.17,Credit Card,Completed,Returning
O102851,2026-01-03,C1453,Customer 1453,Female,46,Patna,Bihar,East,P2071,Mobiles Product 2071,Electronics,Mobiles,1,29513.79,0.05,28038.1,Net Banking,Completed,Returning
O102852,2025-08-25,C1397,Customer 1397,Female,34,Kochi,Kerala,South,P2070,Men Product 2070,Fashion,Men,1,49797.81,0.05,47307.92,Credit Card,Completed,Returning
O102853,2026-01-01,C1343,Customer 1343,Male,20,Patna,Bihar,East,P2055,Accessories Product 2055,Electronics,Accessories,4,15507.3,0.2,49623.36,UPI,Cancelled,Returning
O102854,2025-10-13,C1314,Customer 1314,Male,39,Jaipur,Rajasthan,North,P2067,Laptops Product 2067,Electronics,Laptops,1,38592.36,0,38592.36,Cash on Delivery,Completed,Returning
O102855,2026-01-13,C1306,Customer 1306,Male,47,Hyderabad,Telangana,South,P2013,Appliances Product 2013,Home & Kitchen,Appliances,1,72349.68,0,72349.68,UPI,Completed,Returning
O102856,2026-01-11,C1030,Customer 1030,Female,26,Bhubaneswar,Odisha,East,P2003,Makeup Product 2003,Beauty,Makeup,2,44701.37,0.1,80462.47,Credit Card,Completed,Returning
O102857,2025-03-17,C1190,Customer 1190,Female,32,New Delhi,Delhi,North,P2026,Furniture Product 2026,Home & Kitchen,Furniture,2,59877.66,0.05,113767.55,Credit Card,Completed,Returning
O102858,2025-01-09,C1357,Customer 1357,Female,29,Bhubaneswar,Odisha,East,P2057,Skincare Product 2057,Beauty,Skincare,2,63514.52,0.1,114326.14,UPI,Completed,New
O102859,2025-07-15,C1025,Customer 1025,Female,45,Mumbai,Maharashtra,West,P2024,Men Product 2024,Fashion,Men,1,15279.2,0.15,12987.32,UPI,Cancelled,Returning
O102860,2025-10-17,C1112,Customer 1112,Male,55,Patna,Bihar,East,P2053,Mobiles Product 2053,Electronics,Mobiles,5,37147.78,0.2,148591.12,Net Banking,Completed,Returning
O102861,2025-03-02,C1411,Customer 1411,Male,29,Kolkata,West Bengal,East,P2070,Men Product 2070,Fashion,Men,2,49797.81,0.15,84656.28,UPI,Completed,Returning
O102862,2026-01-24,C1435,Customer 1435,Female,48,Kolkata,West Bengal,East,P2043,Furniture Product 2043,Home & Kitchen,Furniture,3,47010.26,0.05,133979.24,Credit Card,Completed,Returning
O102863,2026-07-17,C1206,Customer 1206,Male,31,Kolkata,West Bengal,East,P2060,Women Product 2060,Fashion,Women,1,54476.75,0.25,40857.56,Credit Card,Completed,Returning
O102864,2026-07-18,C1185,Customer 1185,Male,49,Surat,Gujarat,West,P2058,Women Product 2058,Fashion,Women,1,74077.42,0.05,70373.55,Credit Card,Completed,Returning
O102865,2025-01-08,C1382,Customer 1382,Female,36,Chennai,Tamil Nadu,South,P2049,Appliances Product 2049,Home & Kitchen,Appliances,1,16675.28,0,16675.28,Net Banking,Completed,New
O102866,2026-01-04,C1496,Customer 1496,Male,23,Bengaluru,Karnataka,South,P2042,Sportswear Product 2042,Sports,Sportswear,1,46086.93,0.1,41478.24,Cash on Delivery,Completed,Returning
O102867,2025-02-14,C1379,Customer 1379,Female,24,Jaipur,Rajasthan,North,P2076,Laptops Product 2076,Electronics,Laptops,1,33823.68,0.15,28750.13,UPI,Completed,Returning
O102868,2025-12-10,C1047,Customer 1047,Female,41,Vadodara,Gujarat,West,P2100,Mobiles Product 2100,Electronics,Mobiles,1,51807.65,0,51807.65,Debit Card,Completed,Returning
O102869,2026-01-10,C1374,Customer 1374,Female,45,Pune,Maharashtra,West,P2066,Furniture Product 2066,Home & Kitchen,Furniture,2,13722.33,0.1,24700.19,UPI,Completed,Returning
O102870,2025-01-27,C1228,Customer 1228,Female,32,New Delhi,Delhi,North,P2011,Footwear Product 2011,Fashion,Footwear,2,65143.66,0.2,104229.86,Debit Card,Completed,New
O102871,2025-07-12,C1039,Customer 1039,Male,34,Warangal,Telangana,South,P2098,Women Product 2098,Fashion,Women,3,18537.8,0.05,52832.73,Credit Card,Completed,Returning
O102872,2025-12-23,C1016,Customer 1016,Male,46,Bhubaneswar,Odisha,East,P2090,Men Product 2090,Fashion,Men,1,43634.38,0.15,37089.22,UPI,Completed,Returning
O102873,2025-03-03,C1022,Customer 1022,Male,28,Coimbatore,Tamil Nadu,South,P2018,Women Product 2018,Fashion,Women,1,15516.48,0.05,14740.66,UPI,Completed,New
O102874,2025-03-03,C1213,Customer 1213,Male,58,Cuttack,Odisha,East,P2085,Fitness Product 2085,Sports,Fitness,1,48108.22,0.05,45702.81,Credit Card,Completed,Returning
O102875,2026-02-26,C1310,Customer 1310,Female,46,New Delhi,Delhi,North,P2100,Mobiles Product 2100,Electronics,Mobiles,1,51807.65,0.05,49217.27,UPI,Completed,Returning
O102876,2026-07-05,C1149,Customer 1149,Male,45,Mysuru,Karnataka,South,P2052,Laptops Product 2052,Electronics,Laptops,1,54024.37,0.1,48621.93,UPI,Completed,Returning
O102877,2026-01-15,C1456,Customer 1456,Male,41,Kolkata,West Bengal,East,P2046,Appliances Product 2046,Home & Kitchen,Appliances,2,3344.33,0.05,6354.23,Cash on Delivery,Completed,Returning
O102878,2025-10-04,C1241,Customer 1241,Female,36,Cuttack,Odisha,East,P2044,Makeup Product 2044,Beauty,Makeup,3,61167.44,0.15,155976.97,UPI,Completed,Returning
O102879,2026-08-29,C1272,Customer 1272,Female,40,Mysuru,Karnataka,South,P2022,Outdoor Product 2022,Sports,Outdoor,3,34818.67,0.25,78342.01,Debit Card,Completed,Returning
O102880,2026-03-07,C1059,Customer 1059,Male,49,Patna,Bihar,East,P2053,Mobiles Product 2053,Electronics,Mobiles,2,37147.78,0.2,59436.45,UPI,Cancelled,Returning
O102881,2025-04-25,C1287,Customer 1287,Male,22,Jodhpur,Rajasthan,North,P2059,Mobiles Product 2059,Electronics,Mobiles,3,38695.49,0,116086.47,Net Banking,Completed,Returning
O102882,2025-05-01,C1426,Customer 1426,Male,27,Bengaluru,Karnataka,South,P2094,Women Product 2094,Fashion,Women,2,14369.68,0,28739.36,UPI,Returned,Returning
O102883,2026-06-09,C1202,Customer 1202,Female,38,Bhubaneswar,Odisha,East,P2030,Men Product 2030,Fashion,Men,3,64551.14,0.1,174288.08,Credit Card,Completed,Returning
O102884,2026-02-20,C1032,Customer 1032,Male,39,Udaipur,Rajasthan,North,P2008,Mobiles Product 2008,Electronics,Mobiles,2,12522.7,0.15,21288.59,Debit Card,Completed,Returning
O102885,2025-06-12,C1443,Customer 1443,Male,40,Kolkata,West Bengal,East,P2098,Women Product 2098,Fashion,Women,2,18537.8,0.25,27806.7,Net Banking,Completed,Returning
O102886,2025-12-03,C1162,Customer 1162,Male,44,Kolkata,West Bengal,East,P2057,Skincare Product 2057,Beauty,Skincare,2,63514.52,0.15,107974.68,Net Banking,Cancelled,Returning
O102887,2026-01-14,C1255,Customer 1255,Male,22,New Delhi,Delhi,North,P2073,Mobiles Product 2073,Electronics,Mobiles,1,58078.44,0.1,52270.6,UPI,Completed,Returning
O102888,2025-11-20,C1254,Customer 1254,Male,58,Thrissur,Kerala,South,P2020,Footwear Product 2020,Fashion,Footwear,2,47078.66,0,94157.32,Net Banking,Completed,Returning
O102889,2025-06-22,C1009,Customer 1009,Male,22,Kolkata,West Bengal,East,P2025,Footwear Product 2025,Fashion,Footwear,4,48968.5,0.15,166492.9,Debit Card,Completed,New
O102890,2025-03-05,C1465,Customer 1465,Female,41,Patna,Bihar,East,P2019,Accessories Product 2019,Electronics,Accessories,2,34190.91,0,68381.82,Cash on Delivery,Completed,New
O102891,2025-04-11,C1139,Customer 1139,Male,59,New Delhi,Delhi,North,P2005,Appliances Product 2005,Home & Kitchen,Appliances,1,61463.29,0,61463.29,Cash on Delivery,Completed,Returning
O102892,2025-11-18,C1480,Customer 1480,Female,54,Kozhikode,Kerala,South,P2075,Laptops Product 2075,Electronics,Laptops,1,5790.21,0.2,4632.17,Credit Card,Completed,Returning
O102893,2025-03-07,C1010,Customer 1010,Female,59,Noida,Uttar Pradesh,North,P2079,Laptops Product 2079,Electronics,Laptops,3,12821.16,0.1,34617.13,Debit Card,Completed,Returning
O102894,2026-07-11,C1214,Customer 1214,Male,33,Patna,Bihar,East,P2072,Outdoor Product 2072,Sports,Outdoor,4,64391.57,0,257566.28,Debit Card,Completed,Returning
O102895,2026-08-22,C1273,Customer 1273,Female,35,Jaipur,Rajasthan,North,P2083,Mobiles Product 2083,Electronics,Mobiles,1,2853.83,0.05,2711.14,Debit Card,Completed,Returning
O102896,2026-04-03,C1324,Customer 1324,Female,21,Kozhikode,Kerala,South,P2087,Kitchen Product 2087,Home & Kitchen,Kitchen,3,43974.9,0,131924.7,UPI,Returned,Returning
O102897,2026-08-02,C1048,Customer 1048,Male,41,Ahmedabad,Gujarat,West,P2027,Kitchen Product 2027,Home & Kitchen,Kitchen,3,11473.67,0.1,30978.91,UPI,Completed,Returning
O102898,2026-03-29,C1436,Customer 1436,Female,51,Mangaluru,Karnataka,South,P2040,Mobiles Product 2040,Electronics,Mobiles,1,71380.78,0.05,67811.74,UPI,Completed,Returning
O102899,2025-09-16,C1111,Customer 1111,Female,24,Mangaluru,Karnataka,South,P2096,Outdoor Product 2096,Sports,Outdoor,3,19371.4,0.2,46491.36,Cash on Delivery,Returned,Returning
O102900,2026-03-02,C1153,Customer 1153,Male,29,Kochi,Kerala,South,P2026,Furniture Product 2026,Home & Kitchen,Furniture,1,59877.66,0.05,56883.78,UPI,Completed,Returning
O102901,2025-06-27,C1123,Customer 1123,Female,35,Patna,Bihar,East,P2027,Kitchen Product 2027,Home & Kitchen,Kitchen,2,11473.67,0.1,20652.61,UPI,Completed,Returning
O102902,2025-10-07,C1405,Customer 1405,Female,36,Noida,Uttar Pradesh,North,P2062,Makeup Product 2062,Beauty,Makeup,2,20979.04,0,41958.08,UPI,Completed,Returning
O102903,2025-12-10,C1357,Customer 1357,Female,29,Bhubaneswar,Odisha,East,P2083,Mobiles Product 2083,Electronics,Mobiles,2,2853.83,0.05,5422.28,Debit Card,Completed,Returning
O102904,2025-01-17,C1102,Customer 1102,Female,45,Coimbatore,Tamil Nadu,South,P2050,Fitness Product 2050,Sports,Fitness,2,13904.21,0.15,23637.16,Cash on Delivery,Completed,New
O102905,2025-10-23,C1241,Customer 1241,Female,36,Cuttack,Odisha,East,P2042,Sportswear Product 2042,Sports,Sportswear,1,46086.93,0.15,39173.89,Debit Card,Completed,Returning
O102906,2025-07-21,C1321,Customer 1321,Female,37,Thrissur,Kerala,South,P2029,Appliances Product 2029,Home & Kitchen,Appliances,3,54225.01,0.05,154541.28,UPI,Completed,Returning
O102907,2025-07-13,C1191,Customer 1191,Male,38,Nagpur,Maharashtra,West,P2039,Footwear Product 2039,Fashion,Footwear,3,15251.22,0.1,41178.29,Cash on Delivery,Completed,Returning
O102908,2025-05-29,C1217,Customer 1217,Female,54,Bengaluru,Karnataka,South,P2060,Women Product 2060,Fashion,Women,3,54476.75,0.15,138915.71,UPI,Completed,Returning
O102909,2026-01-10,C1051,Customer 1051,Male,56,Vadodara,Gujarat,West,P2041,Accessories Product 2041,Electronics,Accessories,1,2659.49,0.05,2526.52,Cash on Delivery,Completed,Returning
O102910,2025-02-04,C1292,Customer 1292,Male,29,Chennai,Tamil Nadu,South,P2033,Footwear Product 2033,Fashion,Footwear,1,37566.95,0,37566.95,UPI,Completed,New
O102911,2026-01-04,C1081,Customer 1081,Male,20,Mysuru,Karnataka,South,P2083,Mobiles Product 2083,Electronics,Mobiles,2,2853.83,0.1,5136.89,Net Banking,Cancelled,Returning
O102912,2025-01-29,C1489,Customer 1489,Male,41,Warangal,Telangana,South,P2083,Mobiles Product 2083,Electronics,Mobiles,3,2853.83,0.1,7705.34,UPI,Returned,Returning
O102913,2025-08-09,C1383,Customer 1383,Female,42,Jodhpur,Rajasthan,North,P2097,Footwear Product 2097,Fashion,Footwear,1,70862.68,0,70862.68,Cash on Delivery,Completed,Returning
O102914,2025-02-22,C1088,Customer 1088,Male,31,Mangaluru,Karnataka,South,P2016,Mobiles Product 2016,Electronics,Mobiles,5,48979.51,0.05,232652.67,UPI,Returned,Returning
O102915,2025-12-19,C1194,Customer 1194,Male,60,Mangaluru,Karnataka,South,P2023,Accessories Product 2023,Electronics,Accessories,3,9651.38,0.1,26058.73,UPI,Completed,Returning
O102916,2026-01-27,C1104,Customer 1104,Female,58,Patna,Bihar,East,P2007,Mobiles Product 2007,Electronics,Mobiles,2,70839.48,0.25,106259.22,Cash on Delivery,Completed,Returning
O102917,2025-03-17,C1271,Customer 1271,Female,51,Ahmedabad,Gujarat,West,P2026,Furniture Product 2026,Home & Kitchen,Furniture,2,59877.66,0.05,113767.55,UPI,Completed,Returning
O102918,2026-05-09,C1096,Customer 1096,Female,24,Kanpur,Uttar Pradesh,North,P2096,Outdoor Product 2096,Sports,Outdoor,2,19371.4,0,38742.8,Net Banking,Completed,Returning
O102919,2026-06-06,C1423,Customer 1423,Female,50,Chennai,Tamil Nadu,South,P2012,Fitness Product 2012,Sports,Fitness,2,70788.11,0.1,127418.6,Debit Card,Completed,Returning
O102920,2025-04-27,C1379,Customer 1379,Female,24,Jaipur,Rajasthan,North,P2072,Outdoor Product 2072,Sports,Outdoor,1,64391.57,0.05,61171.99,Debit Card,Completed,Returning
O102921,2025-10-07,C1198,Customer 1198,Female,26,Hyderabad,Telangana,South,P2005,Appliances Product 2005,Home & Kitchen,Appliances,3,61463.29,0,184389.87,Credit Card,Completed,Returning
O102922,2025-06-24,C1001,Customer 1001,Male,40,Hyderabad,Telangana,South,P2092,Footwear Product 2092,Fashion,Footwear,2,2539.03,0.1,4570.25,Cash on Delivery,Completed,Returning
O102923,2025-10-22,C1495,Customer 1495,Male,44,Surat,Gujarat,West,P2069,Mobiles Product 2069,Electronics,Mobiles,3,33564.3,0.2,80554.32,Cash on Delivery,Completed,Returning
O102924,2026-03-27,C1407,Customer 1407,Female,48,Mumbai,Maharashtra,West,P2049,Appliances Product 2049,Home & Kitchen,Appliances,3,16675.28,0.15,42521.96,Credit Card,Completed,Returning
O102925,2026-06-02,C1378,Customer 1378,Male,20,Bengaluru,Karnataka,South,P2026,Furniture Product 2026,Home & Kitchen,Furniture,1,59877.66,0,59877.66,UPI,Completed,Returning
O102926,2025-01-21,C1167,Customer 1167,Female,28,Bhubaneswar,Odisha,East,P2005,Appliances Product 2005,Home & Kitchen,Appliances,1,61463.29,0.15,52243.8,UPI,Completed,New
O102927,2025-03-14,C1126,Customer 1126,Female,51,Pune,Maharashtra,West,P2022,Outdoor Product 2022,Sports,Outdoor,3,34818.67,0.05,99233.21,UPI,Completed,Returning
O102928,2025-02-05,C1313,Customer 1313,Female,52,Chennai,Tamil Nadu,South,P2079,Laptops Product 2079,Electronics,Laptops,1,12821.16,0.05,12180.1,Credit Card,Completed,Returning
O102929,2026-05-22,C1081,Customer 1081,Male,20,Mysuru,Karnataka,South,P2013,Appliances Product 2013,Home & Kitchen,Appliances,2,72349.68,0.2,115759.49,Net Banking,Completed,Returning
O102930,2025-08-21,C1418,Customer 1418,Female,21,Cuttack,Odisha,East,P2028,Furniture Product 2028,Home & Kitchen,Furniture,1,29619.27,0.2,23695.42,Net Banking,Completed,Returning
O102931,2026-05-12,C1251,Customer 1251,Female,29,Chennai,Tamil Nadu,South,P2033,Footwear Product 2033,Fashion,Footwear,1,37566.95,0,37566.95,Net Banking,Completed,Returning
O102932,2025-07-25,C1169,Customer 1169,Male,54,Ahmedabad,Gujarat,West,P2023,Accessories Product 2023,Electronics,Accessories,1,9651.38,0,9651.38,Credit Card,Returned,Returning
O102933,2026-03-02,C1477,Customer 1477,Male,42,Vadodara,Gujarat,West,P2097,Footwear Product 2097,Fashion,Footwear,3,70862.68,0.05,201958.64,UPI,Completed,Returning
O102934,2025-02-13,C1073,Customer 1073,Male,28,Ahmedabad,Gujarat,West,P2018,Women Product 2018,Fashion,Women,2,15516.48,0.1,27929.66,Net Banking,Completed,New
O102935,2025-04-01,C1141,Customer 1141,Female,48,Ahmedabad,Gujarat,West,P2030,Men Product 2030,Fashion,Men,2,64551.14,0.2,103281.82,Net Banking,Completed,Returning
O102936,2026-04-15,C1070,Customer 1070,Female,56,Patna,Bihar,East,P2026,Furniture Product 2026,Home & Kitchen,Furniture,4,59877.66,0,239510.64,Debit Card,Completed,Returning
O102937,2026-08-28,C1262,Customer 1262,Female,58,Kanpur,Uttar Pradesh,North,P2016,Mobiles Product 2016,Electronics,Mobiles,1,48979.51,0.05,46530.53,UPI,Completed,Returning
O102938,2026-04-12,C1340,Customer 1340,Female,53,Kolkata,West Bengal,East,P2077,Men Product 2077,Fashion,Men,1,32487.3,0.05,30862.94,Debit Card,Completed,Returning
O102939,2026-03-30,C1308,Customer 1308,Female,60,Ahmedabad,Gujarat,West,P2039,Footwear Product 2039,Fashion,Footwear,2,15251.22,0,30502.44,Credit Card,Completed,Returning
O102940,2026-08-18,C1245,Customer 1245,Male,55,Mumbai,Maharashtra,West,P2033,Footwear Product 2033,Fashion,Footwear,3,37566.95,0.15,95795.72,UPI,Completed,Returning
O102941,2025-11-29,C1003,Customer 1003,Male,42,Mysuru,Karnataka,South,P2026,Furniture Product 2026,Home & Kitchen,Furniture,1,59877.66,0.15,50896.01,Debit Card,Completed,Returning
O102942,2026-05-22,C1337,Customer 1337,Male,46,Jaipur,Rajasthan,North,P2048,Accessories Product 2048,Electronics,Accessories,4,48876.98,0.05,185732.52,UPI,Completed,Returning
O102943,2026-04-15,C1063,Customer 1063,Male,32,Ahmedabad,Gujarat,West,P2065,Makeup Product 2065,Beauty,Makeup,4,58267.22,0,233068.88,Cash on Delivery,Completed,Returning
O102944,2025-01-21,C1049,Customer 1049,Female,25,Salem,Tamil Nadu,South,P2038,Accessories Product 2038,Electronics,Accessories,1,15304.17,0,15304.17,UPI,Completed,Returning
O102945,2025-08-16,C1076,Customer 1076,Female,20,Hyderabad,Telangana,South,P2002,Sportswear Product 2002,Sports,Sportswear,1,72675.18,0.1,65407.66,Credit Card,Completed,Returning
O102946,2026-01-11,C1368,Customer 1368,Female,51,Thrissur,Kerala,South,P2006,Accessories Product 2006,Electronics,Accessories,3,33608.93,0.05,95785.45,Net Banking,Completed,Returning
O102947,2025-05-10,C1175,Customer 1175,Female,43,Madurai,Tamil Nadu,South,P2046,Appliances Product 2046,Home & Kitchen,Appliances,1,3344.33,0.1,3009.9,Credit Card,Completed,Returning
O102948,2026-02-18,C1109,Customer 1109,Female,42,Bhubaneswar,Odisha,East,P2050,Fitness Product 2050,Sports,Fitness,1,13904.21,0.05,13209,Net Banking,Cancelled,Returning
O102949,2025-03-12,C1183,Customer 1183,Female,54,Chennai,Tamil Nadu,South,P2038,Accessories Product 2038,Electronics,Accessories,3,15304.17,0,45912.51,Debit Card,Completed,Returning
O102950,2026-02-08,C1192,Customer 1192,Male,55,Hyderabad,Telangana,South,P2088,Men Product 2088,Fashion,Men,1,36148.31,0.15,30726.06,Cash on Delivery,Returned,Returning
O102951,2026-07-16,C1065,Customer 1065,Male,38,Thrissur,Kerala,South,P2018,Women Product 2018,Fashion,Women,2,15516.48,0,31032.96,UPI,Completed,Returning
O102952,2026-08-30,C1337,Customer 1337,Male,46,Jaipur,Rajasthan,North,P2027,Kitchen Product 2027,Home & Kitchen,Kitchen,1,11473.67,0.15,9752.62,UPI,Cancelled,Returning
O102953,2026-02-01,C1451,Customer 1451,Female,33,Vadodara,Gujarat,West,P2041,Accessories Product 2041,Electronics,Accessories,2,2659.49,0.1,4787.08,Credit Card,Completed,Returning
O102954,2025-12-03,C1474,Customer 1474,Female,33,Kolkata,West Bengal,East,P2072,Outdoor Product 2072,Sports,Outdoor,2,64391.57,0.15,109465.67,Net Banking,Cancelled,Returning
O102955,2026-05-20,C1271,Customer 1271,Female,51,Ahmedabad,Gujarat,West,P2092,Footwear Product 2092,Fashion,Footwear,1,2539.03,0,2539.03,Credit Card,Completed,Returning
O102956,2025-10-03,C1100,Customer 1100,Male,35,Jaipur,Rajasthan,North,P2074,Mobiles Product 2074,Electronics,Mobiles,1,18005.98,0.15,15305.08,UPI,Completed,Returning
O102957,2025-01-13,C1032,Customer 1032,Male,39,Udaipur,Rajasthan,North,P2017,Appliances Product 2017,Home & Kitchen,Appliances,2,35523.47,0,71046.94,UPI,Completed,New
O102958,2025-01-03,C1352,Customer 1352,Male,22,Lucknow,Uttar Pradesh,North,P2062,Makeup Product 2062,Beauty,Makeup,4,20979.04,0.25,62937.12,UPI,Completed,New
O102959,2025-08-12,C1128,Customer 1128,Male,39,Thrissur,Kerala,South,P2029,Appliances Product 2029,Home & Kitchen,Appliances,4,54225.01,0.15,184365.03,Debit Card,Completed,Returning
O102960,2025-06-24,C1452,Customer 1452,Female,45,Kolkata,West Bengal,East,P2058,Women Product 2058,Fashion,Women,1,74077.42,0.05,70373.55,UPI,Completed,Returning
O102961,2026-01-20,C1402,Customer 1402,Female,43,Nagpur,Maharashtra,West,P2070,Men Product 2070,Fashion,Men,2,49797.81,0.05,94615.84,Credit Card,Returned,Returning
O102962,2026-08-25,C1369,Customer 1369,Male,53,New Delhi,Delhi,North,P2078,Accessories Product 2078,Electronics,Accessories,3,71159.18,0.2,170782.03,UPI,Completed,Returning
O102963,2025-08-29,C1339,Customer 1339,Female,52,Kolkata,West Bengal,East,P2022,Outdoor Product 2022,Sports,Outdoor,3,34818.67,0.2,83564.81,Debit Card,Completed,Returning
O102964,2026-07-01,C1043,Customer 1043,Female,51,Warangal,Telangana,South,P2006,Accessories Product 2006,Electronics,Accessories,2,33608.93,0.2,53774.29,Cash on Delivery,Completed,Returning
O102965,2025-01-14,C1372,Customer 1372,Female,27,Hyderabad,Telangana,South,P2026,Furniture Product 2026,Home & Kitchen,Furniture,1,59877.66,0.15,50896.01,Credit Card,Completed,New
O102966,2025-07-14,C1419,Customer 1419,Female,32,Udaipur,Rajasthan,North,P2039,Footwear Product 2039,Fashion,Footwear,3,15251.22,0.15,38890.61,UPI,Completed,Returning
O102967,2026-02-01,C1488,Customer 1488,Female,58,Cuttack,Odisha,East,P2012,Fitness Product 2012,Sports,Fitness,1,70788.11,0.1,63709.3,UPI,Completed,Returning
O102968,2026-03-07,C1078,Customer 1078,Female,51,Thrissur,Kerala,South,P2099,Sportswear Product 2099,Sports,Sportswear,1,42924.55,0,42924.55,Credit Card,Completed,Returning
O102969,2025-11-02,C1314,Customer 1314,Male,39,Jaipur,Rajasthan,North,P2014,Skincare Product 2014,Beauty,Skincare,2,73803.13,0,147606.26,Debit Card,Completed,Returning
O102970,2025-11-30,C1289,Customer 1289,Male,42,Vadodara,Gujarat,West,P2022,Outdoor Product 2022,Sports,Outdoor,5,34818.67,0.1,156684.01,Credit Card,Completed,Returning
O102971,2026-02-14,C1270,Customer 1270,Male,25,Cuttack,Odisha,East,P2051,Makeup Product 2051,Beauty,Makeup,1,3561.53,0.05,3383.45,Cash on Delivery,Completed,Returning
O102972,2025-01-03,C1162,Customer 1162,Male,44,Kolkata,West Bengal,East,P2023,Accessories Product 2023,Electronics,Accessories,2,9651.38,0.1,17372.48,Cash on Delivery,Completed,New
O102973,2026-07-06,C1189,Customer 1189,Male,41,New Delhi,Delhi,North,P2048,Accessories Product 2048,Electronics,Accessories,1,48876.98,0.05,46433.13,UPI,Cancelled,Returning
O102974,2026-03-28,C1247,Customer 1247,Male,50,Warangal,Telangana,South,P2071,Mobiles Product 2071,Electronics,Mobiles,3,29513.79,0.1,79687.23,UPI,Completed,Returning
O102975,2026-05-10,C1388,Customer 1388,Male,21,Patna,Bihar,East,P2050,Fitness Product 2050,Sports,Fitness,2,13904.21,0.05,26418,Credit Card,Completed,Returning
O102976,2026-02-21,C1216,Customer 1216,Male,24,New Delhi,Delhi,North,P2089,Women Product 2089,Fashion,Women,1,71400.34,0.1,64260.31,Credit Card,Completed,Returning
O102977,2026-01-26,C1315,Customer 1315,Male,32,Kozhikode,Kerala,South,P2013,Appliances Product 2013,Home & Kitchen,Appliances,1,72349.68,0.1,65114.71,Debit Card,Cancelled,Returning
O102978,2026-01-08,C1413,Customer 1413,Female,39,Patna,Bihar,East,P2085,Fitness Product 2085,Sports,Fitness,1,48108.22,0,48108.22,Net Banking,Returned,Returning
O102979,2025-02-21,C1339,Customer 1339,Female,52,Kolkata,West Bengal,East,P2010,Sportswear Product 2010,Sports,Sportswear,1,51133.3,0.2,40906.64,UPI,Completed,Returning
O102980,2026-01-11,C1390,Customer 1390,Male,58,Mangaluru,Karnataka,South,P2055,Accessories Product 2055,Electronics,Accessories,1,15507.3,0.1,13956.57,Net Banking,Completed,Returning
O102981,2026-01-30,C1377,Customer 1377,Female,31,Jaipur,Rajasthan,North,P2009,Skincare Product 2009,Beauty,Skincare,2,22588.57,0.2,36141.71,Debit Card,Completed,Returning
O102982,2025-05-22,C1481,Customer 1481,Female,34,Pune,Maharashtra,West,P2079,Laptops Product 2079,Electronics,Laptops,1,12821.16,0.05,12180.1,Cash on Delivery,Completed,Returning
O102983,2025-03-27,C1433,Customer 1433,Male,22,Warangal,Telangana,South,P2052,Laptops Product 2052,Electronics,Laptops,2,54024.37,0,108048.74,Debit Card,Completed,Returning
O102984,2026-04-09,C1168,Customer 1168,Male,43,Warangal,Telangana,South,P2002,Sportswear Product 2002,Sports,Sportswear,1,72675.18,0,72675.18,Debit Card,Completed,Returning
O102985,2025-02-15,C1339,Customer 1339,Female,52,Kolkata,West Bengal,East,P2025,Footwear Product 2025,Fashion,Footwear,2,48968.5,0,97937,UPI,Completed,New
O102986,2025-08-26,C1193,Customer 1193,Male,31,Patna,Bihar,East,P2013,Appliances Product 2013,Home & Kitchen,Appliances,1,72349.68,0,72349.68,Net Banking,Completed,Returning
O102987,2025-01-10,C1453,Customer 1453,Female,46,Patna,Bihar,East,P2098,Women Product 2098,Fashion,Women,1,18537.8,0,18537.8,UPI,Completed,New
O102988,2026-07-27,C1283,Customer 1283,Female,33,Kochi,Kerala,South,P2051,Makeup Product 2051,Beauty,Makeup,2,3561.53,0.2,5698.45,Debit Card,Completed,Returning
O102989,2026-06-14,C1336,Customer 1336,Female,41,Jodhpur,Rajasthan,North,P2058,Women Product 2058,Fashion,Women,1,74077.42,0.2,59261.94,UPI,Completed,Returning
O102990,2026-08-21,C1390,Customer 1390,Male,58,Mangaluru,Karnataka,South,P2034,Men Product 2034,Fashion,Men,3,42105.76,0.2,101053.82,UPI,Completed,Returning
O102991,2025-06-27,C1488,Customer 1488,Female,58,Cuttack,Odisha,East,P2035,Mobiles Product 2035,Electronics,Mobiles,2,38973.06,0.25,58459.59,UPI,Completed,Returning
O102992,2025-01-06,C1013,Customer 1013,Male,41,Hyderabad,Telangana,South,P2003,Makeup Product 2003,Beauty,Makeup,2,44701.37,0.1,80462.47,UPI,Completed,New
O102993,2025-11-03,C1240,Customer 1240,Female,41,Surat,Gujarat,West,P2059,Mobiles Product 2059,Electronics,Mobiles,1,38695.49,0.1,34825.94,UPI,Completed,Returning
O102994,2026-07-02,C1320,Customer 1320,Female,25,New Delhi,Delhi,North,P2070,Men Product 2070,Fashion,Men,1,49797.81,0,49797.81,Cash on Delivery,Completed,Returning
O102995,2025-11-23,C1446,Customer 1446,Male,24,Ahmedabad,Gujarat,West,P2048,Accessories Product 2048,Electronics,Accessories,2,48876.98,0,97753.96,Credit Card,Completed,Returning
O102996,2025-12-22,C1483,Customer 1483,Male,56,Kochi,Kerala,South,P2064,Furniture Product 2064,Home & Kitchen,Furniture,2,47477.55,0.15,80711.84,Net Banking,Completed,Returning
O102997,2026-01-30,C1147,Customer 1147,Male,42,Salem,Tamil Nadu,South,P2019,Accessories Product 2019,Electronics,Accessories,1,34190.91,0.2,27352.73,UPI,Completed,Returning
O102998,2025-10-27,C1204,Customer 1204,Male,24,Warangal,Telangana,South,P2067,Laptops Product 2067,Electronics,Laptops,1,38592.36,0.15,32803.51,Credit Card,Completed,Returning
O102999,2026-06-10,C1080,Customer 1080,Female,59,Ahmedabad,Gujarat,West,P2082,Makeup Product 2082,Beauty,Makeup,1,65159.86,0.15,55385.88,UPI,Completed,Returning
O103000,2025-10-12,C1379,Customer 1379,Female,24,Jaipur,Rajasthan,North,P2073,Mobiles Product 2073,Electronics,Mobiles,2,58078.44,0.05,110349.04,UPI,Completed,Returning
O103001,2025-11-26,C1043,Customer 1043,Female,51,Warangal,Telangana,South,P2076,Laptops Product 2076,Electronics,Laptops,1,33823.68,0.1,30441.31,UPI,Completed,Returning
O103002,2025-02-19,C1458,Customer 1458,Female,36,Nagpur,Maharashtra,West,P2005,Appliances Product 2005,Home & Kitchen,Appliances,2,61463.29,0.1,110633.92,Credit Card,Completed,New
O103003,2026-01-13,C1089,Customer 1089,Female,45,New Delhi,Delhi,North,P2067,Laptops Product 2067,Electronics,Laptops,1,38592.36,0.25,28944.27,UPI,Completed,Returning
O103004,2026-08-23,C1148,Customer 1148,Male,36,Jaipur,Rajasthan,North,P2011,Footwear Product 2011,Fashion,Footwear,1,65143.66,0.2,52114.93,Cash on Delivery,Completed,Returning
O103005,2026-06-22,C1095,Customer 1095,Female,47,Salem,Tamil Nadu,South,P2094,Women Product 2094,Fashion,Women,1,14369.68,0.1,12932.71,Credit Card,Completed,Returning
O103006,2025-05-24,C1452,Customer 1452,Female,45,Kolkata,West Bengal,East,P2068,Furniture Product 2068,Home & Kitchen,Furniture,2,37073.16,0,74146.32,Net Banking,Completed,Returning
O103007,2025-03-01,C1428,Customer 1428,Female,59,Jaipur,Rajasthan,North,P2069,Mobiles Product 2069,Electronics,Mobiles,1,33564.3,0.05,31886.09,Cash on Delivery,Completed,Returning
O103008,2025-03-16,C1151,Customer 1151,Male,48,New Delhi,Delhi,North,P2001,Accessories Product 2001,Electronics,Accessories,1,63975.38,0.05,60776.61,Debit Card,Completed,Returning
O103009,2025-01-03,C1002,Customer 1002,Female,51,Ahmedabad,Gujarat,West,P2091,Accessories Product 2091,Electronics,Accessories,1,36816.84,0.2,29453.47,Cash on Delivery,Completed,New
O103010,2026-07-29,C1376,Customer 1376,Female,22,Pune,Maharashtra,West,P2092,Footwear Product 2092,Fashion,Footwear,1,2539.03,0,2539.03,UPI,Completed,Returning
O103011,2026-03-24,C1022,Customer 1022,Male,28,Coimbatore,Tamil Nadu,South,P2063,Women Product 2063,Fashion,Women,1,27128.58,0,27128.58,Net Banking,Completed,Returning
O103012,2025-10-02,C1371,Customer 1371,Female,50,Cuttack,Odisha,East,P2029,Appliances Product 2029,Home & Kitchen,Appliances,3,54225.01,0.05,154541.28,UPI,Completed,Returning
O103013,2026-06-14,C1313,Customer 1313,Female,52,Chennai,Tamil Nadu,South,P2082,Makeup Product 2082,Beauty,Makeup,3,65159.86,0.2,156383.66,Credit Card,Completed,Returning
O103014,2026-08-15,C1485,Customer 1485,Male,29,Pune,Maharashtra,West,P2012,Fitness Product 2012,Sports,Fitness,1,70788.11,0.1,63709.3,Debit Card,Cancelled,Returning
O103015,2025-08-03,C1328,Customer 1328,Male,52,Patna,Bihar,East,P2077,Men Product 2077,Fashion,Men,3,32487.3,0.1,87715.71,Cash on Delivery,Completed,Returning
O103016,2026-04-30,C1007,Customer 1007,Male,44,Patna,Bihar,East,P2041,Accessories Product 2041,Electronics,Accessories,1,2659.49,0.05,2526.52,Cash on Delivery,Completed,Returning
O103017,2025-11-25,C1206,Customer 1206,Male,31,Kolkata,West Bengal,East,P2002,Sportswear Product 2002,Sports,Sportswear,1,72675.18,0,72675.18,UPI,Completed,Returning
O103018,2025-09-12,C1440,Customer 1440,Male,37,Vadodara,Gujarat,West,P2037,Haircare Product 2037,Beauty,Haircare,5,29950.17,0.05,142263.31,Credit Card,Completed,Returning
O103019,2026-01-22,C1375,Customer 1375,Male,53,Surat,Gujarat,West,P2045,Laptops Product 2045,Electronics,Laptops,3,61352.14,0.15,156447.96,Net Banking,Completed,Returning
O103020,2025-05-06,C1451,Customer 1451,Female,33,Vadodara,Gujarat,West,P2080,Mobiles Product 2080,Electronics,Mobiles,5,26947.88,0.2,107791.52,Debit Card,Completed,Returning
O103021,2026-08-07,C1114,Customer 1114,Female,50,Kozhikode,Kerala,South,P2048,Accessories Product 2048,Electronics,Accessories,1,48876.98,0.1,43989.28,UPI,Completed,Returning
O103022,2026-07-04,C1272,Customer 1272,Female,40,Mysuru,Karnataka,South,P2024,Men Product 2024,Fashion,Men,1,15279.2,0.05,14515.24,Credit Card,Completed,Returning
O103023,2025-11-20,C1083,Customer 1083,Male,58,Kolkata,West Bengal,East,P2099,Sportswear Product 2099,Sports,Sportswear,2,42924.55,0.15,72971.74,Net Banking,Completed,Returning
O103024,2025-07-23,C1179,Customer 1179,Male,31,Kolkata,West Bengal,East,P2022,Outdoor Product 2022,Sports,Outdoor,2,34818.67,0.15,59191.74,Debit Card,Completed,Returning
O103025,2025-06-21,C1210,Customer 1210,Male,42,New Delhi,Delhi,North,P2100,Mobiles Product 2100,Electronics,Mobiles,1,51807.65,0,51807.65,Credit Card,Completed,Returning
O103026,2025-08-05,C1500,Customer 1500,Female,37,Ahmedabad,Gujarat,West,P2011,Footwear Product 2011,Fashion,Footwear,3,65143.66,0.05,185659.43,Debit Card,Completed,Returning
O103027,2025-09-02,C1464,Customer 1464,Male,34,Mysuru,Karnataka,South,P2058,Women Product 2058,Fashion,Women,2,74077.42,0.15,125931.61,Credit Card,Completed,Returning
O103028,2025-12-02,C1328,Customer 1328,Male,52,Patna,Bihar,East,P2046,Appliances Product 2046,Home & Kitchen,Appliances,1,3344.33,0.1,3009.9,Cash on Delivery,Completed,Returning
O103029,2025-10-25,C1124,Customer 1124,Male,21,Kozhikode,Kerala,South,P2029,Appliances Product 2029,Home & Kitchen,Appliances,2,54225.01,0.25,81337.52,Debit Card,Completed,Returning
O103030,2025-07-01,C1481,Customer 1481,Female,34,Pune,Maharashtra,West,P2035,Mobiles Product 2035,Electronics,Mobiles,2,38973.06,0.2,62356.9,Credit Card,Completed,Returning
O103031,2025-11-30,C1113,Customer 1113,Female,53,Kochi,Kerala,South,P2015,Furniture Product 2015,Home & Kitchen,Furniture,1,17477.61,0,17477.61,Net Banking,Completed,Returning
O103032,2026-05-26,C1012,Customer 1012,Male,51,Vadodara,Gujarat,West,P2060,Women Product 2060,Fashion,Women,5,54476.75,0.15,231526.19,UPI,Completed,Returning
O103033,2026-01-18,C1126,Customer 1126,Female,51,Pune,Maharashtra,West,P2095,Skincare Product 2095,Beauty,Skincare,1,33448.14,0.05,31775.73,Cash on Delivery,Completed,Returning
O103034,2025-07-18,C1053,Customer 1053,Male,27,Lucknow,Uttar Pradesh,North,P2042,Sportswear Product 2042,Sports,Sportswear,1,46086.93,0.15,39173.89,Debit Card,Completed,Returning
O103035,2025-11-28,C1331,Customer 1331,Male,51,Vadodara,Gujarat,West,P2043,Furniture Product 2043,Home & Kitchen,Furniture,3,47010.26,0.1,126927.7,Cash on Delivery,Completed,Returning
O103036,2025-06-14,C1389,Customer 1389,Male,30,Mysuru,Karnataka,South,P2080,Mobiles Product 2080,Electronics,Mobiles,5,26947.88,0.1,121265.46,UPI,Completed,Returning
O103037,2025-08-30,C1283,Customer 1283,Female,33,Kochi,Kerala,South,P2074,Mobiles Product 2074,Electronics,Mobiles,3,18005.98,0.2,43214.35,Debit Card,Completed,Returning
O103038,2025-08-15,C1140,Customer 1140,Male,29,Kozhikode,Kerala,South,P2049,Appliances Product 2049,Home & Kitchen,Appliances,3,16675.28,0.15,42521.96,Net Banking,Completed,Returning
O103039,2026-07-10,C1401,Customer 1401,Female,52,Warangal,Telangana,South,P2064,Furniture Product 2064,Home & Kitchen,Furniture,2,47477.55,0.2,75964.08,Debit Card,Completed,Returning
O103040,2026-03-27,C1390,Customer 1390,Male,58,Mangaluru,Karnataka,South,P2032,Mobiles Product 2032,Electronics,Mobiles,4,7978.59,0.05,30318.64,UPI,Completed,Returning
O103041,2025-07-15,C1097,Customer 1097,Female,49,Cuttack,Odisha,East,P2064,Furniture Product 2064,Home & Kitchen,Furniture,1,47477.55,0.05,45103.67,UPI,Completed,Returning
O103042,2025-07-23,C1005,Customer 1005,Male,22,New Delhi,Delhi,North,P2002,Sportswear Product 2002,Sports,Sportswear,3,72675.18,0.1,196222.99,Credit Card,Completed,Returning
O103043,2026-04-03,C1057,Customer 1057,Female,25,Kolkata,West Bengal,East,P2024,Men Product 2024,Fashion,Men,2,15279.2,0.25,22918.8,Credit Card,Completed,Returning
O103044,2025-09-14,C1412,Customer 1412,Female,36,Ahmedabad,Gujarat,West,P2087,Kitchen Product 2087,Home & Kitchen,Kitchen,1,43974.9,0.05,41776.16,Debit Card,Completed,Returning
O103045,2026-06-13,C1334,Customer 1334,Male,45,Salem,Tamil Nadu,South,P2066,Furniture Product 2066,Home & Kitchen,Furniture,2,13722.33,0,27444.66,Credit Card,Completed,Returning
O103046,2025-09-29,C1069,Customer 1069,Female,45,Salem,Tamil Nadu,South,P2038,Accessories Product 2038,Electronics,Accessories,2,15304.17,0.1,27547.51,Net Banking,Completed,Returning
O103047,2025-01-09,C1118,Customer 1118,Female,20,Patna,Bihar,East,P2031,Makeup Product 2031,Beauty,Makeup,2,36193.87,0.1,65148.97,Credit Card,Completed,New
O103048,2025-07-20,C1376,Customer 1376,Female,22,Pune,Maharashtra,West,P2026,Furniture Product 2026,Home & Kitchen,Furniture,1,59877.66,0.15,50896.01,UPI,Completed,Returning
O103049,2025-02-28,C1059,Customer 1059,Male,49,Patna,Bihar,East,P2029,Appliances Product 2029,Home & Kitchen,Appliances,3,54225.01,0.15,138273.78,UPI,Completed,Returning
O103050,2026-01-28,C1033,Customer 1033,Female,20,Kanpur,Uttar Pradesh,North,P2067,Laptops Product 2067,Electronics,Laptops,1,38592.36,0.25,28944.27,Debit Card,Completed,Returning
O103051,2025-04-29,C1318,Customer 1318,Male,32,Kozhikode,Kerala,South,P2078,Accessories Product 2078,Electronics,Accessories,1,71159.18,0.15,60485.3,Credit Card,Completed,Returning
O103052,2026-07-07,C1050,Customer 1050,Female,34,New Delhi,Delhi,North,P2025,Footwear Product 2025,Fashion,Footwear,3,48968.5,0.05,139560.22,Credit Card,Completed,Returning
O103053,2026-02-03,C1368,Customer 1368,Female,51,Thrissur,Kerala,South,P2048,Accessories Product 2048,Electronics,Accessories,2,48876.98,0.1,87978.56,Net Banking,Completed,Returning
O103054,2025-11-27,C1489,Customer 1489,Male,41,Warangal,Telangana,South,P2065,Makeup Product 2065,Beauty,Makeup,1,58267.22,0.15,49527.14,Credit Card,Cancelled,Returning
O103055,2025-09-24,C1019,Customer 1019,Female,36,Vadodara,Gujarat,West,P2053,Mobiles Product 2053,Electronics,Mobiles,1,37147.78,0.25,27860.84,Cash on Delivery,Returned,Returning
O103056,2026-06-04,C1214,Customer 1214,Male,33,Patna,Bihar,East,P2067,Laptops Product 2067,Electronics,Laptops,2,38592.36,0,77184.72,Cash on Delivery,Completed,Returning
O103057,2026-04-25,C1197,Customer 1197,Female,28,Thrissur,Kerala,South,P2090,Men Product 2090,Fashion,Men,5,43634.38,0,218171.9,UPI,Completed,Returning
O103058,2025-05-14,C1379,Customer 1379,Female,24,Jaipur,Rajasthan,North,P2018,Women Product 2018,Fashion,Women,4,15516.48,0,62065.92,Cash on Delivery,Completed,Returning
O103059,2025-12-21,C1450,Customer 1450,Female,53,Kanpur,Uttar Pradesh,North,P2009,Skincare Product 2009,Beauty,Skincare,2,22588.57,0.1,40659.43,Debit Card,Returned,Returning
O103060,2026-08-07,C1478,Customer 1478,Female,37,Cuttack,Odisha,East,P2038,Accessories Product 2038,Electronics,Accessories,1,15304.17,0,15304.17,Credit Card,Completed,Returning
O103061,2026-05-13,C1047,Customer 1047,Female,41,Vadodara,Gujarat,West,P2087,Kitchen Product 2087,Home & Kitchen,Kitchen,1,43974.9,0.1,39577.41,Debit Card,Completed,Returning
O103062,2025-04-17,C1167,Customer 1167,Female,28,Bhubaneswar,Odisha,East,P2021,Mobiles Product 2021,Electronics,Mobiles,1,68414.15,0.15,58152.03,Net Banking,Completed,Returning
O103063,2025-10-17,C1452,Customer 1452,Female,45,Kolkata,West Bengal,East,P2065,Makeup Product 2065,Beauty,Makeup,1,58267.22,0.1,52440.5,Cash on Delivery,Completed,Returning
O103064,2025-05-27,C1289,Customer 1289,Male,42,Vadodara,Gujarat,West,P2021,Mobiles Product 2021,Electronics,Mobiles,1,68414.15,0.1,61572.73,Credit Card,Completed,Returning
O103065,2025-11-23,C1141,Customer 1141,Female,48,Ahmedabad,Gujarat,West,P2027,Kitchen Product 2027,Home & Kitchen,Kitchen,1,11473.67,0.2,9178.94,UPI,Completed,Returning
O103066,2026-02-19,C1084,Customer 1084,Female,24,Mumbai,Maharashtra,West,P2070,Men Product 2070,Fashion,Men,2,49797.81,0.1,89636.06,Debit Card,Completed,Returning
O103067,2025-07-29,C1182,Customer 1182,Male,44,Kolkata,West Bengal,East,P2044,Makeup Product 2044,Beauty,Makeup,1,61167.44,0,61167.44,UPI,Completed,Returning
O103068,2025-10-23,C1391,Customer 1391,Male,57,Salem,Tamil Nadu,South,P2100,Mobiles Product 2100,Electronics,Mobiles,2,51807.65,0.05,98434.54,Debit Card,Completed,Returning
O103069,2026-02-02,C1079,Customer 1079,Male,44,Salem,Tamil Nadu,South,P2028,Furniture Product 2028,Home & Kitchen,Furniture,4,29619.27,0.1,106629.37,Net Banking,Completed,Returning
O103070,2025-04-13,C1215,Customer 1215,Male,50,Kolkata,West Bengal,East,P2045,Laptops Product 2045,Electronics,Laptops,2,61352.14,0,122704.28,Credit Card,Completed,Returning
O103071,2026-05-23,C1014,Customer 1014,Male,42,Kolkata,West Bengal,East,P2017,Appliances Product 2017,Home & Kitchen,Appliances,2,35523.47,0.1,63942.25,UPI,Completed,Returning
O103072,2025-07-28,C1215,Customer 1215,Male,50,Kolkata,West Bengal,East,P2040,Mobiles Product 2040,Electronics,Mobiles,2,71380.78,0.25,107071.17,Debit Card,Completed,Returning
O103073,2026-03-04,C1403,Customer 1403,Male,34,Mumbai,Maharashtra,West,P2003,Makeup Product 2003,Beauty,Makeup,1,44701.37,0.1,40231.23,UPI,Completed,Returning
O103074,2026-01-28,C1128,Customer 1128,Male,39,Thrissur,Kerala,South,P2076,Laptops Product 2076,Electronics,Laptops,1,33823.68,0.05,32132.5,UPI,Completed,Returning
O103075,2025-04-19,C1310,Customer 1310,Female,46,New Delhi,Delhi,North,P2076,Laptops Product 2076,Electronics,Laptops,1,33823.68,0.05,32132.5,Debit Card,Completed,Returning
O103076,2025-12-14,C1477,Customer 1477,Male,42,Vadodara,Gujarat,West,P2066,Furniture Product 2066,Home & Kitchen,Furniture,1,13722.33,0.2,10977.86,Cash on Delivery,Completed,Returning
O103077,2025-02-19,C1248,Customer 1248,Male,38,Vadodara,Gujarat,West,P2046,Appliances Product 2046,Home & Kitchen,Appliances,2,3344.33,0.2,5350.93,Debit Card,Completed,Returning
O103078,2025-04-15,C1404,Customer 1404,Male,49,Vadodara,Gujarat,West,P2086,Mobiles Product 2086,Electronics,Mobiles,4,70060.46,0.1,252217.66,Credit Card,Completed,Returning
O103079,2026-02-24,C1029,Customer 1029,Female,32,Hyderabad,Telangana,South,P2087,Kitchen Product 2087,Home & Kitchen,Kitchen,4,43974.9,0.05,167104.62,Debit Card,Completed,Returning
O103080,2026-01-08,C1280,Customer 1280,Female,39,Bhubaneswar,Odisha,East,P2030,Men Product 2030,Fashion,Men,1,64551.14,0.15,54868.47,UPI,Completed,Returning
O103081,2025-01-27,C1338,Customer 1338,Male,32,Thrissur,Kerala,South,P2069,Mobiles Product 2069,Electronics,Mobiles,5,33564.3,0.05,159430.42,Net Banking,Completed,New
O103082,2025-09-30,C1319,Customer 1319,Male,54,Coimbatore,Tamil Nadu,South,P2009,Skincare Product 2009,Beauty,Skincare,1,22588.57,0,22588.57,Debit Card,Completed,Returning
O103083,2025-12-06,C1202,Customer 1202,Female,38,Bhubaneswar,Odisha,East,P2085,Fitness Product 2085,Sports,Fitness,3,48108.22,0.05,137108.43,Cash on Delivery,Completed,Returning
O103084,2025-10-28,C1361,Customer 1361,Female,33,Nagpur,Maharashtra,West,P2011,Footwear Product 2011,Fashion,Footwear,1,65143.66,0.1,58629.29,Cash on Delivery,Completed,Returning
O103085,2026-04-25,C1057,Customer 1057,Female,25,Kolkata,West Bengal,East,P2069,Mobiles Product 2069,Electronics,Mobiles,1,33564.3,0.05,31886.09,Credit Card,Completed,Returning
O103086,2026-06-28,C1392,Customer 1392,Male,53,Pune,Maharashtra,West,P2099,Sportswear Product 2099,Sports,Sportswear,1,42924.55,0,42924.55,Cash on Delivery,Completed,Returning
O103087,2026-07-11,C1218,Customer 1218,Male,42,Noida,Uttar Pradesh,North,P2091,Accessories Product 2091,Electronics,Accessories,3,36816.84,0,110450.52,Cash on Delivery,Completed,Returning
O103088,2025-09-22,C1062,Customer 1062,Male,35,Kolkata,West Bengal,East,P2066,Furniture Product 2066,Home & Kitchen,Furniture,1,13722.33,0.1,12350.1,Debit Card,Returned,Returning
O103089,2026-06-26,C1157,Customer 1157,Male,26,Vadodara,Gujarat,West,P2088,Men Product 2088,Fashion,Men,1,36148.31,0.1,32533.48,UPI,Completed,Returning
O103090,2026-08-19,C1202,Customer 1202,Female,38,Bhubaneswar,Odisha,East,P2031,Makeup Product 2031,Beauty,Makeup,4,36193.87,0,144775.48,Net Banking,Completed,Returning
O103091,2025-06-15,C1017,Customer 1017,Female,21,New Delhi,Delhi,North,P2033,Footwear Product 2033,Fashion,Footwear,4,37566.95,0.2,120214.24,UPI,Completed,Returning
O103092,2025-11-12,C1322,Customer 1322,Male,24,Mysuru,Karnataka,South,P2039,Footwear Product 2039,Fashion,Footwear,1,15251.22,0.05,14488.66,Debit Card,Completed,Returning
O103093,2025-01-01,C1006,Customer 1006,Female,37,Salem,Tamil Nadu,South,P2094,Women Product 2094,Fashion,Women,2,14369.68,0,28739.36,UPI,Completed,New
O103094,2025-09-18,C1058,Customer 1058,Male,51,Thrissur,Kerala,South,P2046,Appliances Product 2046,Home & Kitchen,Appliances,1,3344.33,0,3344.33,Debit Card,Completed,Returning
O103095,2025-03-04,C1325,Customer 1325,Female,29,Mangaluru,Karnataka,South,P2037,Haircare Product 2037,Beauty,Haircare,1,29950.17,0.15,25457.64,Cash on Delivery,Completed,New
O103096,2026-04-28,C1412,Customer 1412,Female,36,Ahmedabad,Gujarat,West,P2092,Footwear Product 2092,Fashion,Footwear,1,2539.03,0,2539.03,UPI,Completed,Returning
O103097,2025-11-17,C1318,Customer 1318,Male,32,Kozhikode,Kerala,South,P2060,Women Product 2060,Fashion,Women,1,54476.75,0,54476.75,Net Banking,Completed,Returning
O103098,2025-07-20,C1169,Customer 1169,Male,54,Ahmedabad,Gujarat,West,P2031,Makeup Product 2031,Beauty,Makeup,2,36193.87,0.1,65148.97,UPI,Completed,Returning
O103099,2025-08-10,C1453,Customer 1453,Female,46,Patna,Bihar,East,P2011,Footwear Product 2011,Fashion,Footwear,2,65143.66,0.1,117258.59,Debit Card,Cancelled,Returning
O103100,2025-06-01,C1082,Customer 1082,Female,35,New Delhi,Delhi,North,P2087,Kitchen Product 2087,Home & Kitchen,Kitchen,1,43974.9,0.15,37378.66,Debit Card,Completed,Returning
O103101,2026-04-07,C1474,Customer 1474,Female,33,Kolkata,West Bengal,East,P2002,Sportswear Product 2002,Sports,Sportswear,2,72675.18,0.15,123547.81,UPI,Completed,Returning
O103102,2025-08-05,C1468,Customer 1468,Male,47,Udaipur,Rajasthan,North,P2027,Kitchen Product 2027,Home & Kitchen,Kitchen,2,11473.67,0.25,17210.5,Debit Card,Completed,Returning
O103103,2025-07-15,C1425,Customer 1425,Female,35,New Delhi,Delhi,North,P2099,Sportswear Product 2099,Sports,Sportswear,1,42924.55,0,42924.55,Net Banking,Completed,Returning
O103104,2025-07-21,C1433,Customer 1433,Male,22,Warangal,Telangana,South,P2002,Sportswear Product 2002,Sports,Sportswear,1,72675.18,0,72675.18,Credit Card,Completed,Returning
O103105,2025-08-22,C1219,Customer 1219,Female,48,Madurai,Tamil Nadu,South,P2021,Mobiles Product 2021,Electronics,Mobiles,2,68414.15,0.25,102621.22,Debit Card,Completed,New
O103106,2025-05-21,C1177,Customer 1177,Male,51,Surat,Gujarat,West,P2058,Women Product 2058,Fashion,Women,3,74077.42,0.1,200009.03,Debit Card,Completed,Returning
O103107,2026-05-13,C1204,Customer 1204,Male,24,Warangal,Telangana,South,P2005,Appliances Product 2005,Home & Kitchen,Appliances,2,61463.29,0.15,104487.59,UPI,Returned,Returning
O103108,2026-07-09,C1071,Customer 1071,Female,45,Madurai,Tamil Nadu,South,P2052,Laptops Product 2052,Electronics,Laptops,2,54024.37,0,108048.74,Cash on Delivery,Completed,Returning
O103109,2025-02-26,C1387,Customer 1387,Male,33,Hyderabad,Telangana,South,P2045,Laptops Product 2045,Electronics,Laptops,1,61352.14,0,61352.14,Credit Card,Completed,Returning
O103110,2026-05-19,C1266,Customer 1266,Female,47,Thrissur,Kerala,South,P2085,Fitness Product 2085,Sports,Fitness,2,48108.22,0,96216.44,Credit Card,Completed,Returning
O103111,2025-05-22,C1098,Customer 1098,Female,24,New Delhi,Delhi,North,P2093,Furniture Product 2093,Home & Kitchen,Furniture,1,15378.45,0.1,13840.61,UPI,Completed,Returning
O103112,2026-08-07,C1345,Customer 1345,Male,25,Udaipur,Rajasthan,North,P2020,Footwear Product 2020,Fashion,Footwear,4,47078.66,0,188314.64,Credit Card,Cancelled,Returning
O103113,2026-06-23,C1291,Customer 1291,Male,31,New Delhi,Delhi,North,P2061,Women Product 2061,Fashion,Women,2,44949.95,0.1,80909.91,Debit Card,Completed,Returning
O103114,2025-04-16,C1208,Customer 1208,Female,40,Vadodara,Gujarat,West,P2038,Accessories Product 2038,Electronics,Accessories,1,15304.17,0.1,13773.75,Debit Card,Completed,Returning
O103115,2025-06-14,C1002,Customer 1002,Female,51,Ahmedabad,Gujarat,West,P2020,Footwear Product 2020,Fashion,Footwear,1,47078.66,0,47078.66,Debit Card,Completed,Returning
O103116,2025-08-03,C1124,Customer 1124,Male,21,Kozhikode,Kerala,South,P2025,Footwear Product 2025,Fashion,Footwear,3,48968.5,0,146905.5,Net Banking,Completed,Returning
O103117,2025-03-12,C1280,Customer 1280,Female,39,Bhubaneswar,Odisha,East,P2002,Sportswear Product 2002,Sports,Sportswear,1,72675.18,0.05,69041.42,Credit Card,Completed,Returning
O103118,2026-08-02,C1074,Customer 1074,Female,31,Mumbai,Maharashtra,West,P2032,Mobiles Product 2032,Electronics,Mobiles,2,7978.59,0,15957.18,Credit Card,Completed,Returning
O103119,2025-03-31,C1166,Customer 1166,Male,56,Jaipur,Rajasthan,North,P2026,Furniture Product 2026,Home & Kitchen,Furniture,2,59877.66,0,119755.32,Cash on Delivery,Cancelled,New
O103120,2025-08-16,C1022,Customer 1022,Male,28,Coimbatore,Tamil Nadu,South,P2070,Men Product 2070,Fashion,Men,2,49797.81,0.05,94615.84,Cash on Delivery,Completed,Returning
O103121,2025-03-20,C1154,Customer 1154,Male,45,Udaipur,Rajasthan,North,P2041,Accessories Product 2041,Electronics,Accessories,1,2659.49,0.1,2393.54,Credit Card,Completed,Returning
O103122,2026-08-31,C1427,Customer 1427,Male,23,Kanpur,Uttar Pradesh,North,P2067,Laptops Product 2067,Electronics,Laptops,2,38592.36,0.15,65607.01,Debit Card,Completed,Returning
O103123,2025-12-15,C1439,Customer 1439,Male,24,Bhubaneswar,Odisha,East,P2097,Footwear Product 2097,Fashion,Footwear,4,70862.68,0,283450.72,UPI,Completed,Returning
O103124,2025-09-03,C1295,Customer 1295,Female,27,Ahmedabad,Gujarat,West,P2001,Accessories Product 2001,Electronics,Accessories,4,63975.38,0.15,217516.29,UPI,Completed,Returning
O103125,2025-09-29,C1219,Customer 1219,Female,48,Madurai,Tamil Nadu,South,P2051,Makeup Product 2051,Beauty,Makeup,2,3561.53,0.2,5698.45,Net Banking,Completed,Returning
O103126,2026-02-07,C1157,Customer 1157,Male,26,Vadodara,Gujarat,West,P2005,Appliances Product 2005,Home & Kitchen,Appliances,5,61463.29,0.1,276584.8,Credit Card,Completed,Returning
O103127,2025-04-26,C1495,Customer 1495,Male,44,Surat,Gujarat,West,P2013,Appliances Product 2013,Home & Kitchen,Appliances,2,72349.68,0,144699.36,UPI,Completed,Returning
O103128,2026-03-11,C1230,Customer 1230,Male,28,New Delhi,Delhi,North,P2019,Accessories Product 2019,Electronics,Accessories,1,34190.91,0.1,30771.82,Net Banking,Completed,Returning
O103129,2026-06-14,C1020,Customer 1020,Male,59,Pune,Maharashtra,West,P2012,Fitness Product 2012,Sports,Fitness,2,70788.11,0.1,127418.6,Cash on Delivery,Completed,Returning
O103130,2026-03-18,C1475,Customer 1475,Male,26,Mysuru,Karnataka,South,P2048,Accessories Product 2048,Electronics,Accessories,1,48876.98,0.25,36657.74,Cash on Delivery,Completed,Returning
O103131,2025-06-21,C1041,Customer 1041,Male,53,Ahmedabad,Gujarat,West,P2025,Footwear Product 2025,Fashion,Footwear,1,48968.5,0.25,36726.38,Debit Card,Completed,Returning
O103132,2025-01-16,C1438,Customer 1438,Female,40,Pune,Maharashtra,West,P2057,Skincare Product 2057,Beauty,Skincare,1,63514.52,0.05,60338.79,Credit Card,Completed,New
O103133,2025-02-25,C1148,Customer 1148,Male,36,Jaipur,Rajasthan,North,P2035,Mobiles Product 2035,Electronics,Mobiles,3,38973.06,0.1,105227.26,UPI,Completed,Returning
O103134,2026-08-14,C1108,Customer 1108,Female,56,New Delhi,Delhi,North,P2076,Laptops Product 2076,Electronics,Laptops,2,33823.68,0.2,54117.89,Net Banking,Completed,Returning
O103135,2025-04-13,C1403,Customer 1403,Male,34,Mumbai,Maharashtra,West,P2094,Women Product 2094,Fashion,Women,2,14369.68,0.15,24428.46,Cash on Delivery,Completed,Returning
O103136,2025-10-11,C1084,Customer 1084,Female,24,Mumbai,Maharashtra,West,P2005,Appliances Product 2005,Home & Kitchen,Appliances,1,61463.29,0.1,55316.96,Cash on Delivery,Returned,Returning
O103137,2026-06-01,C1483,Customer 1483,Male,56,Kochi,Kerala,South,P2098,Women Product 2098,Fashion,Women,1,18537.8,0.05,17610.91,Net Banking,Completed,Returning
O103138,2025-10-05,C1367,Customer 1367,Female,59,Mangaluru,Karnataka,South,P2022,Outdoor Product 2022,Sports,Outdoor,1,34818.67,0,34818.67,UPI,Completed,Returning
O103139,2025-09-26,C1322,Customer 1322,Male,24,Mysuru,Karnataka,South,P2077,Men Product 2077,Fashion,Men,2,32487.3,0.1,58477.14,Credit Card,Completed,Returning
O103140,2026-02-04,C1414,Customer 1414,Male,43,New Delhi,Delhi,North,P2057,Skincare Product 2057,Beauty,Skincare,1,63514.52,0.15,53987.34,Credit Card,Completed,Returning
O103141,2026-05-18,C1309,Customer 1309,Female,55,Patna,Bihar,East,P2047,Laptops Product 2047,Electronics,Laptops,1,6397.76,0.25,4798.32,Cash on Delivery,Completed,Returning
O103142,2025-03-27,C1290,Customer 1290,Female,30,Pune,Maharashtra,West,P2054,Accessories Product 2054,Electronics,Accessories,1,51113.05,0.2,40890.44,UPI,Cancelled,Returning
O103143,2025-11-16,C1406,Customer 1406,Female,24,Bengaluru,Karnataka,South,P2003,Makeup Product 2003,Beauty,Makeup,3,44701.37,0,134104.11,Credit Card,Completed,Returning
O103144,2025-02-01,C1323,Customer 1323,Female,44,Chennai,Tamil Nadu,South,P2053,Mobiles Product 2053,Electronics,Mobiles,3,37147.78,0.15,94726.84,UPI,Completed,New
O103145,2025-12-02,C1134,Customer 1134,Male,56,Kanpur,Uttar Pradesh,North,P2084,Fitness Product 2084,Sports,Fitness,2,39978.36,0.05,75958.88,Debit Card,Returned,Returning
O103146,2025-02-20,C1207,Customer 1207,Female,44,New Delhi,Delhi,North,P2031,Makeup Product 2031,Beauty,Makeup,1,36193.87,0.15,30764.79,Net Banking,Completed,Returning
O103147,2025-03-20,C1283,Customer 1283,Female,33,Kochi,Kerala,South,P2069,Mobiles Product 2069,Electronics,Mobiles,1,33564.3,0.1,30207.87,Debit Card,Returned,Returning
O103148,2025-06-23,C1266,Customer 1266,Female,47,Thrissur,Kerala,South,P2088,Men Product 2088,Fashion,Men,1,36148.31,0.05,34340.89,Net Banking,Cancelled,Returning
O103149,2026-05-16,C1073,Customer 1073,Male,28,Ahmedabad,Gujarat,West,P2033,Footwear Product 2033,Fashion,Footwear,1,37566.95,0.05,35688.6,Debit Card,Returned,Returning
O103150,2026-07-29,C1481,Customer 1481,Female,34,Pune,Maharashtra,West,P2072,Outdoor Product 2072,Sports,Outdoor,1,64391.57,0,64391.57,UPI,Completed,Returning
O103151,2025-03-17,C1352,Customer 1352,Male,22,Lucknow,Uttar Pradesh,North,P2088,Men Product 2088,Fashion,Men,1,36148.31,0,36148.31,Credit Card,Completed,Returning
O103152,2025-11-12,C1048,Customer 1048,Male,41,Ahmedabad,Gujarat,West,P2050,Fitness Product 2050,Sports,Fitness,1,13904.21,0.2,11123.37,Cash on Delivery,Completed,Returning
O103153,2026-01-08,C1326,Customer 1326,Female,49,Mysuru,Karnataka,South,P2084,Fitness Product 2084,Sports,Fitness,1,39978.36,0,39978.36,UPI,Completed,Returning
O103154,2025-03-22,C1233,Customer 1233,Female,24,Patna,Bihar,East,P2016,Mobiles Product 2016,Electronics,Mobiles,1,48979.51,0,48979.51,UPI,Returned,New
O103155,2025-03-12,C1443,Customer 1443,Male,40,Kolkata,West Bengal,East,P2076,Laptops Product 2076,Electronics,Laptops,2,33823.68,0.05,64264.99,Credit Card,Completed,New
O103156,2025-03-12,C1100,Customer 1100,Male,35,Jaipur,Rajasthan,North,P2077,Men Product 2077,Fashion,Men,5,32487.3,0.2,129949.2,Credit Card,Completed,New
O103157,2025-02-15,C1059,Customer 1059,Male,49,Patna,Bihar,East,P2039,Footwear Product 2039,Fashion,Footwear,3,15251.22,0.05,43465.98,Credit Card,Completed,New
O103158,2025-02-16,C1258,Customer 1258,Female,39,Mumbai,Maharashtra,West,P2089,Women Product 2089,Fashion,Women,1,71400.34,0,71400.34,Credit Card,Completed,New
O103159,2026-08-14,C1413,Customer 1413,Female,39,Patna,Bihar,East,P2046,Appliances Product 2046,Home & Kitchen,Appliances,1,3344.33,0.15,2842.68,Cash on Delivery,Completed,Returning
O103160,2026-02-26,C1452,Customer 1452,Female,45,Kolkata,West Bengal,East,P2096,Outdoor Product 2096,Sports,Outdoor,3,19371.4,0.05,55208.49,Net Banking,Cancelled,Returning
O103161,2025-05-29,C1065,Customer 1065,Male,38,Thrissur,Kerala,South,P2088,Men Product 2088,Fashion,Men,1,36148.31,0.05,34340.89,UPI,Completed,Returning
O103162,2025-05-10,C1083,Customer 1083,Male,58,Kolkata,West Bengal,East,P2047,Laptops Product 2047,Electronics,Laptops,3,6397.76,0.15,16314.29,Debit Card,Completed,Returning
O103163,2026-04-01,C1154,Customer 1154,Male,45,Udaipur,Rajasthan,North,P2044,Makeup Product 2044,Beauty,Makeup,2,61167.44,0.05,116218.14,Net Banking,Completed,Returning
O103164,2026-05-20,C1473,Customer 1473,Male,45,Patna,Bihar,East,P2009,Skincare Product 2009,Beauty,Skincare,4,22588.57,0.2,72283.42,Cash on Delivery,Completed,Returning
O103165,2025-09-01,C1266,Customer 1266,Female,47,Thrissur,Kerala,South,P2087,Kitchen Product 2087,Home & Kitchen,Kitchen,3,43974.9,0.1,118732.23,Credit Card,Completed,Returning
O103166,2026-04-19,C1309,Customer 1309,Female,55,Patna,Bihar,East,P2050,Fitness Product 2050,Sports,Fitness,2,13904.21,0.1,25027.58,UPI,Completed,Returning
O103167,2026-01-17,C1079,Customer 1079,Male,44,Salem,Tamil Nadu,South,P2077,Men Product 2077,Fashion,Men,2,32487.3,0.05,61725.87,Net Banking,Completed,Returning
O103168,2025-04-13,C1315,Customer 1315,Male,32,Kozhikode,Kerala,South,P2060,Women Product 2060,Fashion,Women,1,54476.75,0.15,46305.24,Net Banking,Completed,Returning
O103169,2026-05-04,C1150,Customer 1150,Female,27,Nagpur,Maharashtra,West,P2096,Outdoor Product 2096,Sports,Outdoor,1,19371.4,0.1,17434.26,Credit Card,Completed,Returning
O103170,2025-02-06,C1435,Customer 1435,Female,48,Kolkata,West Bengal,East,P2015,Furniture Product 2015,Home & Kitchen,Furniture,1,17477.61,0,17477.61,UPI,Completed,New
O103171,2026-07-03,C1048,Customer 1048,Male,41,Ahmedabad,Gujarat,West,P2036,Mobiles Product 2036,Electronics,Mobiles,1,6463.39,0,6463.39,Debit Card,Completed,Returning
O103172,2026-06-04,C1405,Customer 1405,Female,36,Noida,Uttar Pradesh,North,P2063,Women Product 2063,Fashion,Women,1,27128.58,0.1,24415.72,UPI,Completed,Returning
O103173,2025-11-29,C1379,Customer 1379,Female,24,Jaipur,Rajasthan,North,P2069,Mobiles Product 2069,Electronics,Mobiles,1,33564.3,0.15,28529.66,UPI,Completed,Returning
O103174,2026-02-01,C1248,Customer 1248,Male,38,Vadodara,Gujarat,West,P2086,Mobiles Product 2086,Electronics,Mobiles,3,70060.46,0.2,168145.1,UPI,Completed,Returning
O103175,2025-10-23,C1278,Customer 1278,Female,54,Salem,Tamil Nadu,South,P2080,Mobiles Product 2080,Electronics,Mobiles,1,26947.88,0.1,24253.09,Credit Card,Completed,Returning
O103176,2025-04-17,C1356,Customer 1356,Male,29,Jaipur,Rajasthan,North,P2041,Accessories Product 2041,Electronics,Accessories,1,2659.49,0.1,2393.54,Credit Card,Completed,New
O103177,2026-06-14,C1098,Customer 1098,Female,24,New Delhi,Delhi,North,P2074,Mobiles Product 2074,Electronics,Mobiles,1,18005.98,0.05,17105.68,UPI,Completed,Returning
O103178,2025-03-24,C1414,Customer 1414,Male,43,New Delhi,Delhi,North,P2024,Men Product 2024,Fashion,Men,2,15279.2,0.15,25974.64,UPI,Completed,Returning
O103179,2025-10-15,C1025,Customer 1025,Female,45,Mumbai,Maharashtra,West,P2082,Makeup Product 2082,Beauty,Makeup,1,65159.86,0.25,48869.9,UPI,Completed,Returning
O103180,2026-04-06,C1493,Customer 1493,Male,32,New Delhi,Delhi,North,P2049,Appliances Product 2049,Home & Kitchen,Appliances,4,16675.28,0.1,60031.01,UPI,Completed,Returning
O103181,2025-08-03,C1284,Customer 1284,Male,34,Vadodara,Gujarat,West,P2018,Women Product 2018,Fashion,Women,2,15516.48,0,31032.96,Credit Card,Completed,Returning
O103182,2025-10-08,C1449,Customer 1449,Male,45,Mumbai,Maharashtra,West,P2007,Mobiles Product 2007,Electronics,Mobiles,2,70839.48,0,141678.96,UPI,Cancelled,Returning
O103183,2026-04-04,C1369,Customer 1369,Male,53,New Delhi,Delhi,North,P2004,Kitchen Product 2004,Home & Kitchen,Kitchen,1,1952.63,0.05,1855,UPI,Completed,Returning
O103184,2025-12-10,C1301,Customer 1301,Male,47,Jodhpur,Rajasthan,North,P2090,Men Product 2090,Fashion,Men,2,43634.38,0.1,78541.88,Credit Card,Completed,Returning
O103185,2025-07-13,C1068,Customer 1068,Male,47,Hyderabad,Telangana,South,P2069,Mobiles Product 2069,Electronics,Mobiles,3,33564.3,0.2,80554.32,UPI,Completed,Returning
O103186,2025-06-07,C1007,Customer 1007,Male,44,Patna,Bihar,East,P2060,Women Product 2060,Fashion,Women,1,54476.75,0.05,51752.91,UPI,Completed,Returning
O103187,2026-04-10,C1305,Customer 1305,Female,47,Madurai,Tamil Nadu,South,P2055,Accessories Product 2055,Electronics,Accessories,1,15507.3,0.05,14731.94,Net Banking,Completed,Returning
O103188,2025-04-14,C1137,Customer 1137,Male,20,New Delhi,Delhi,North,P2016,Mobiles Product 2016,Electronics,Mobiles,1,48979.51,0.1,44081.56,Credit Card,Completed,Returning
O103189,2025-02-03,C1164,Customer 1164,Female,55,Chennai,Tamil Nadu,South,P2099,Sportswear Product 2099,Sports,Sportswear,5,42924.55,0.2,171698.2,Net Banking,Completed,Returning
O103190,2025-04-12,C1083,Customer 1083,Male,58,Kolkata,West Bengal,East,P2090,Men Product 2090,Fashion,Men,1,43634.38,0.05,41452.66,Credit Card,Completed,Returning
O103191,2025-11-21,C1385,Customer 1385,Male,56,Thrissur,Kerala,South,P2082,Makeup Product 2082,Beauty,Makeup,3,65159.86,0.05,185705.6,Cash on Delivery,Completed,Returning
O103192,2026-08-15,C1138,Customer 1138,Male,52,Jodhpur,Rajasthan,North,P2029,Appliances Product 2029,Home & Kitchen,Appliances,1,54225.01,0,54225.01,UPI,Completed,Returning
O103193,2025-05-21,C1420,Customer 1420,Female,30,Madurai,Tamil Nadu,South,P2023,Accessories Product 2023,Electronics,Accessories,2,9651.38,0.1,17372.48,Debit Card,Completed,Returning
O103194,2026-04-19,C1073,Customer 1073,Male,28,Ahmedabad,Gujarat,West,P2014,Skincare Product 2014,Beauty,Skincare,2,73803.13,0.15,125465.32,Credit Card,Cancelled,Returning
O103195,2025-01-31,C1237,Customer 1237,Female,38,Thrissur,Kerala,South,P2079,Laptops Product 2079,Electronics,Laptops,1,12821.16,0.05,12180.1,Cash on Delivery,Completed,Returning
O103196,2025-03-04,C1046,Customer 1046,Female,44,Warangal,Telangana,South,P2049,Appliances Product 2049,Home & Kitchen,Appliances,1,16675.28,0.1,15007.75,Credit Card,Completed,Returning
O103197,2026-07-14,C1106,Customer 1106,Female,52,Mysuru,Karnataka,South,P2033,Footwear Product 2033,Fashion,Footwear,1,37566.95,0.1,33810.25,Net Banking,Returned,Returning
O103198,2025-03-28,C1416,Customer 1416,Male,53,Kolkata,West Bengal,East,P2025,Footwear Product 2025,Fashion,Footwear,1,48968.5,0.1,44071.65,Credit Card,Completed,Returning
O103199,2025-10-31,C1288,Customer 1288,Male,35,Warangal,Telangana,South,P2021,Mobiles Product 2021,Electronics,Mobiles,3,68414.15,0,205242.45,Debit Card,Cancelled,Returning
O103200,2025-03-02,C1262,Customer 1262,Female,58,Kanpur,Uttar Pradesh,North,P2017,Appliances Product 2017,Home & Kitchen,Appliances,1,35523.47,0.2,28418.78,Cash on Delivery,Completed,New
O103201,2026-01-31,C1176,Customer 1176,Female,42,Warangal,Telangana,South,P2023,Accessories Product 2023,Electronics,Accessories,2,9651.38,0.1,17372.48,Cash on Delivery,Completed,Returning
O103202,2025-11-30,C1166,Customer 1166,Male,56,Jaipur,Rajasthan,North,P2057,Skincare Product 2057,Beauty,Skincare,1,63514.52,0.15,53987.34,Debit Card,Completed,Returning
O103203,2026-02-15,C1145,Customer 1145,Female,21,Noida,Uttar Pradesh,North,P2081,Men Product 2081,Fashion,Men,1,63359.53,0.1,57023.58,UPI,Completed,Returning
O103204,2025-10-11,C1330,Customer 1330,Female,37,Bengaluru,Karnataka,South,P2058,Women Product 2058,Fashion,Women,2,74077.42,0.25,111116.13,UPI,Completed,Returning
O103205,2026-04-11,C1370,Customer 1370,Male,47,New Delhi,Delhi,North,P2014,Skincare Product 2014,Beauty,Skincare,2,73803.13,0.1,132845.63,UPI,Completed,Returning
O103206,2025-03-21,C1283,Customer 1283,Female,33,Kochi,Kerala,South,P2093,Furniture Product 2093,Home & Kitchen,Furniture,1,15378.45,0.1,13840.61,UPI,Completed,Returning
O103207,2025-03-18,C1054,Customer 1054,Female,24,Bengaluru,Karnataka,South,P2020,Footwear Product 2020,Fashion,Footwear,2,47078.66,0.05,89449.45,UPI,Completed,Returning
O103208,2026-06-24,C1178,Customer 1178,Male,56,Mysuru,Karnataka,South,P2030,Men Product 2030,Fashion,Men,1,64551.14,0.05,61323.58,Debit Card,Cancelled,Returning
O103209,2025-12-27,C1419,Customer 1419,Female,32,Udaipur,Rajasthan,North,P2019,Accessories Product 2019,Electronics,Accessories,3,34190.91,0.05,97444.09,Net Banking,Completed,Returning
O103210,2025-03-18,C1244,Customer 1244,Male,23,Mumbai,Maharashtra,West,P2053,Mobiles Product 2053,Electronics,Mobiles,1,37147.78,0.25,27860.84,UPI,Completed,Returning
O103211,2026-05-24,C1341,Customer 1341,Male,60,Kozhikode,Kerala,South,P2056,Fitness Product 2056,Sports,Fitness,1,65159.96,0.2,52127.97,Credit Card,Completed,Returning
O103212,2025-06-13,C1127,Customer 1127,Female,46,Nagpur,Maharashtra,West,P2077,Men Product 2077,Fashion,Men,2,32487.3,0.05,61725.87,Credit Card,Completed,Returning
O103213,2025-01-09,C1409,Customer 1409,Female,29,Kozhikode,Kerala,South,P2082,Makeup Product 2082,Beauty,Makeup,1,65159.86,0.05,61901.87,Cash on Delivery,Completed,New
O103214,2025-06-24,C1412,Customer 1412,Female,36,Ahmedabad,Gujarat,West,P2023,Accessories Product 2023,Electronics,Accessories,1,9651.38,0,9651.38,UPI,Completed,Returning
O103215,2026-04-07,C1367,Customer 1367,Female,59,Mangaluru,Karnataka,South,P2062,Makeup Product 2062,Beauty,Makeup,1,20979.04,0.2,16783.23,Credit Card,Completed,Returning
O103216,2025-11-03,C1271,Customer 1271,Female,51,Ahmedabad,Gujarat,West,P2033,Footwear Product 2033,Fashion,Footwear,3,37566.95,0.05,107065.81,Cash on Delivery,Completed,Returning
O103217,2026-08-11,C1132,Customer 1132,Male,52,Noida,Uttar Pradesh,North,P2018,Women Product 2018,Fashion,Women,4,15516.48,0.1,55859.33,Credit Card,Completed,Returning
O103218,2025-09-02,C1093,Customer 1093,Female,48,Pune,Maharashtra,West,P2073,Mobiles Product 2073,Electronics,Mobiles,2,58078.44,0.2,92925.5,Debit Card,Completed,Returning
O103219,2025-05-02,C1379,Customer 1379,Female,24,Jaipur,Rajasthan,North,P2033,Footwear Product 2033,Fashion,Footwear,2,37566.95,0.05,71377.2,Cash on Delivery,Completed,Returning
O103220,2025-07-04,C1073,Customer 1073,Male,28,Ahmedabad,Gujarat,West,P2032,Mobiles Product 2032,Electronics,Mobiles,2,7978.59,0.15,13563.6,UPI,Returned,Returning
O103221,2025-02-01,C1411,Customer 1411,Male,29,Kolkata,West Bengal,East,P2061,Women Product 2061,Fashion,Women,1,44949.95,0.1,40454.96,Cash on Delivery,Completed,New
O103222,2026-07-23,C1410,Customer 1410,Female,36,Hyderabad,Telangana,South,P2054,Accessories Product 2054,Electronics,Accessories,1,51113.05,0.15,43446.09,Net Banking,Completed,Returning
O103223,2025-11-06,C1403,Customer 1403,Male,34,Mumbai,Maharashtra,West,P2017,Appliances Product 2017,Home & Kitchen,Appliances,4,35523.47,0.1,127884.49,UPI,Completed,Returning
O103224,2026-01-07,C1248,Customer 1248,Male,38,Vadodara,Gujarat,West,P2019,Accessories Product 2019,Electronics,Accessories,1,34190.91,0.05,32481.36,UPI,Completed,Returning
O103225,2026-08-19,C1348,Customer 1348,Female,24,Bengaluru,Karnataka,South,P2091,Accessories Product 2091,Electronics,Accessories,1,36816.84,0.25,27612.63,Debit Card,Completed,Returning
O103226,2025-02-25,C1273,Customer 1273,Female,35,Jaipur,Rajasthan,North,P2070,Men Product 2070,Fashion,Men,3,49797.81,0.1,134454.09,Cash on Delivery,Cancelled,New
O103227,2025-09-30,C1043,Customer 1043,Female,51,Warangal,Telangana,South,P2099,Sportswear Product 2099,Sports,Sportswear,2,42924.55,0.05,81556.64,UPI,Completed,Returning
O103228,2026-04-09,C1377,Customer 1377,Female,31,Jaipur,Rajasthan,North,P2034,Men Product 2034,Fashion,Men,1,42105.76,0.05,40000.47,Debit Card,Cancelled,Returning
O103229,2026-04-01,C1041,Customer 1041,Male,53,Ahmedabad,Gujarat,West,P2084,Fitness Product 2084,Sports,Fitness,1,39978.36,0,39978.36,UPI,Completed,Returning
O103230,2025-09-06,C1170,Customer 1170,Female,54,Lucknow,Uttar Pradesh,North,P2025,Footwear Product 2025,Fashion,Footwear,2,48968.5,0.15,83246.45,Net Banking,Completed,Returning
O103231,2025-03-19,C1434,Customer 1434,Female,46,Kolkata,West Bengal,East,P2068,Furniture Product 2068,Home & Kitchen,Furniture,2,37073.16,0.05,70439,Debit Card,Completed,Returning
O103232,2026-06-18,C1212,Customer 1212,Male,58,Kolkata,West Bengal,East,P2074,Mobiles Product 2074,Electronics,Mobiles,1,18005.98,0.15,15305.08,Credit Card,Completed,Returning
O103233,2025-04-18,C1493,Customer 1493,Male,32,New Delhi,Delhi,North,P2074,Mobiles Product 2074,Electronics,Mobiles,1,18005.98,0.05,17105.68,Debit Card,Completed,Returning
O103234,2025-09-30,C1168,Customer 1168,Male,43,Warangal,Telangana,South,P2088,Men Product 2088,Fashion,Men,5,36148.31,0.05,171704.47,Cash on Delivery,Completed,Returning
O103235,2025-01-15,C1039,Customer 1039,Male,34,Warangal,Telangana,South,P2085,Fitness Product 2085,Sports,Fitness,1,48108.22,0.15,40891.99,Credit Card,Completed,New
O103236,2026-01-05,C1369,Customer 1369,Male,53,New Delhi,Delhi,North,P2011,Footwear Product 2011,Fashion,Footwear,2,65143.66,0.1,117258.59,Net Banking,Returned,Returning
O103237,2025-10-31,C1245,Customer 1245,Male,55,Mumbai,Maharashtra,West,P2091,Accessories Product 2091,Electronics,Accessories,1,36816.84,0.2,29453.47,UPI,Completed,Returning
O103238,2025-07-24,C1151,Customer 1151,Male,48,New Delhi,Delhi,North,P2016,Mobiles Product 2016,Electronics,Mobiles,1,48979.51,0.1,44081.56,Debit Card,Completed,Returning
O103239,2025-04-23,C1111,Customer 1111,Female,24,Mangaluru,Karnataka,South,P2090,Men Product 2090,Fashion,Men,1,43634.38,0.05,41452.66,Net Banking,Completed,Returning
O103240,2025-09-10,C1480,Customer 1480,Female,54,Kozhikode,Kerala,South,P2061,Women Product 2061,Fashion,Women,4,44949.95,0.1,161819.82,Credit Card,Completed,Returning
O103241,2026-03-17,C1436,Customer 1436,Female,51,Mangaluru,Karnataka,South,P2094,Women Product 2094,Fashion,Women,3,14369.68,0,43109.04,Net Banking,Completed,Returning
O103242,2025-07-05,C1047,Customer 1047,Female,41,Vadodara,Gujarat,West,P2080,Mobiles Product 2080,Electronics,Mobiles,1,26947.88,0.05,25600.49,Credit Card,Cancelled,Returning
O103243,2025-08-15,C1063,Customer 1063,Male,32,Ahmedabad,Gujarat,West,P2007,Mobiles Product 2007,Electronics,Mobiles,3,70839.48,0,212518.44,Cash on Delivery,Completed,Returning
O103244,2026-06-12,C1225,Customer 1225,Female,36,Hyderabad,Telangana,South,P2016,Mobiles Product 2016,Electronics,Mobiles,1,48979.51,0.1,44081.56,UPI,Completed,Returning
O103245,2025-12-20,C1366,Customer 1366,Male,20,New Delhi,Delhi,North,P2099,Sportswear Product 2099,Sports,Sportswear,2,42924.55,0,85849.1,UPI,Completed,Returning
O103246,2025-01-01,C1069,Customer 1069,Female,45,Salem,Tamil Nadu,South,P2016,Mobiles Product 2016,Electronics,Mobiles,1,48979.51,0.05,46530.53,Net Banking,Completed,New
O103247,2026-07-07,C1299,Customer 1299,Male,47,Nagpur,Maharashtra,West,P2040,Mobiles Product 2040,Electronics,Mobiles,3,71380.78,0.05,203435.22,Net Banking,Completed,Returning
O103248,2026-07-14,C1432,Customer 1432,Female,51,Cuttack,Odisha,East,P2012,Fitness Product 2012,Sports,Fitness,1,70788.11,0,70788.11,Credit Card,Returned,Returning
O103249,2026-02-24,C1290,Customer 1290,Female,30,Pune,Maharashtra,West,P2035,Mobiles Product 2035,Electronics,Mobiles,2,38973.06,0,77946.12,Cash on Delivery,Completed,Returning
O103250,2025-06-10,C1296,Customer 1296,Female,57,Kolkata,West Bengal,East,P2021,Mobiles Product 2021,Electronics,Mobiles,3,68414.15,0.05,194980.33,Debit Card,Completed,Returning
O103251,2025-06-10,C1203,Customer 1203,Male,35,Mumbai,Maharashtra,West,P2050,Fitness Product 2050,Sports,Fitness,1,13904.21,0.05,13209,Cash on Delivery,Completed,Returning
O103252,2025-05-08,C1061,Customer 1061,Male,59,Vadodara,Gujarat,West,P2043,Furniture Product 2043,Home & Kitchen,Furniture,1,47010.26,0,47010.26,Credit Card,Completed,Returning
O103253,2025-05-31,C1434,Customer 1434,Female,46,Kolkata,West Bengal,East,P2100,Mobiles Product 2100,Electronics,Mobiles,1,51807.65,0,51807.65,UPI,Completed,Returning
O103254,2026-03-20,C1451,Customer 1451,Female,33,Vadodara,Gujarat,West,P2017,Appliances Product 2017,Home & Kitchen,Appliances,2,35523.47,0.15,60389.9,Credit Card,Completed,Returning
O103255,2026-04-16,C1318,Customer 1318,Male,32,Kozhikode,Kerala,South,P2032,Mobiles Product 2032,Electronics,Mobiles,1,7978.59,0.15,6781.8,Cash on Delivery,Completed,Returning
O103256,2026-04-08,C1314,Customer 1314,Male,39,Jaipur,Rajasthan,North,P2041,Accessories Product 2041,Electronics,Accessories,2,2659.49,0.1,4787.08,Credit Card,Completed,Returning
O103257,2025-01-30,C1161,Customer 1161,Male,55,New Delhi,Delhi,North,P2006,Accessories Product 2006,Electronics,Accessories,4,33608.93,0.2,107548.58,Cash on Delivery,Completed,New
O103258,2026-04-18,C1331,Customer 1331,Male,51,Vadodara,Gujarat,West,P2088,Men Product 2088,Fashion,Men,1,36148.31,0,36148.31,Net Banking,Completed,Returning
O103259,2026-07-11,C1016,Customer 1016,Male,46,Bhubaneswar,Odisha,East,P2027,Kitchen Product 2027,Home & Kitchen,Kitchen,1,11473.67,0.05,10899.99,Credit Card,Completed,Returning
O103260,2025-03-21,C1338,Customer 1338,Male,32,Thrissur,Kerala,South,P2020,Footwear Product 2020,Fashion,Footwear,2,47078.66,0.15,80033.72,Credit Card,Completed,Returning
O103261,2025-02-08,C1094,Customer 1094,Female,33,Noida,Uttar Pradesh,North,P2025,Footwear Product 2025,Fashion,Footwear,3,48968.5,0.1,132214.95,Debit Card,Completed,New
O103262,2025-08-28,C1304,Customer 1304,Female,27,Kanpur,Uttar Pradesh,North,P2066,Furniture Product 2066,Home & Kitchen,Furniture,4,13722.33,0.25,41166.99,Debit Card,Completed,Returning
O103263,2026-07-11,C1138,Customer 1138,Male,52,Jodhpur,Rajasthan,North,P2009,Skincare Product 2009,Beauty,Skincare,1,22588.57,0.2,18070.86,UPI,Completed,Returning
O103264,2026-08-13,C1338,Customer 1338,Male,32,Thrissur,Kerala,South,P2092,Footwear Product 2092,Fashion,Footwear,1,2539.03,0,2539.03,Cash on Delivery,Completed,Returning
O103265,2025-12-03,C1038,Customer 1038,Male,42,Nagpur,Maharashtra,West,P2053,Mobiles Product 2053,Electronics,Mobiles,3,37147.78,0.25,83582.5,Debit Card,Completed,Returning
O103266,2025-10-07,C1127,Customer 1127,Female,46,Nagpur,Maharashtra,West,P2061,Women Product 2061,Fashion,Women,3,44949.95,0.2,107879.88,Cash on Delivery,Completed,Returning
O103267,2025-04-26,C1275,Customer 1275,Male,30,Cuttack,Odisha,East,P2038,Accessories Product 2038,Electronics,Accessories,2,15304.17,0.05,29077.92,Debit Card,Completed,New
O103268,2025-09-26,C1164,Customer 1164,Female,55,Chennai,Tamil Nadu,South,P2003,Makeup Product 2003,Beauty,Makeup,1,44701.37,0.25,33526.03,Credit Card,Completed,Returning
O103269,2025-12-01,C1443,Customer 1443,Male,40,Kolkata,West Bengal,East,P2084,Fitness Product 2084,Sports,Fitness,1,39978.36,0,39978.36,Credit Card,Completed,Returning
O103270,2025-11-08,C1319,Customer 1319,Male,54,Coimbatore,Tamil Nadu,South,P2070,Men Product 2070,Fashion,Men,1,49797.81,0.1,44818.03,Net Banking,Completed,Returning
O103271,2025-02-22,C1077,Customer 1077,Female,53,Cuttack,Odisha,East,P2097,Footwear Product 2097,Fashion,Footwear,4,70862.68,0.05,269278.18,UPI,Completed,Returning
O103272,2025-03-09,C1174,Customer 1174,Female,51,Udaipur,Rajasthan,North,P2055,Accessories Product 2055,Electronics,Accessories,1,15507.3,0,15507.3,Cash on Delivery,Completed,New
O103273,2025-02-03,C1387,Customer 1387,Male,33,Hyderabad,Telangana,South,P2001,Accessories Product 2001,Electronics,Accessories,2,63975.38,0.1,115155.68,Credit Card,Completed,New
O103274,2026-01-21,C1458,Customer 1458,Female,36,Nagpur,Maharashtra,West,P2070,Men Product 2070,Fashion,Men,2,49797.81,0.05,94615.84,Cash on Delivery,Completed,Returning
O103275,2025-09-06,C1358,Customer 1358,Female,38,New Delhi,Delhi,North,P2045,Laptops Product 2045,Electronics,Laptops,1,61352.14,0.1,55216.93,Cash on Delivery,Completed,Returning
O103276,2025-04-21,C1321,Customer 1321,Female,37,Thrissur,Kerala,South,P2098,Women Product 2098,Fashion,Women,1,18537.8,0.1,16684.02,Net Banking,Completed,Returning
O103277,2025-04-04,C1376,Customer 1376,Female,22,Pune,Maharashtra,West,P2047,Laptops Product 2047,Electronics,Laptops,2,6397.76,0.05,12155.74,Credit Card,Returned,Returning
O103278,2026-02-14,C1091,Customer 1091,Female,56,Hyderabad,Telangana,South,P2079,Laptops Product 2079,Electronics,Laptops,1,12821.16,0,12821.16,Debit Card,Completed,Returning
O103279,2025-06-28,C1238,Customer 1238,Female,27,New Delhi,Delhi,North,P2026,Furniture Product 2026,Home & Kitchen,Furniture,1,59877.66,0.1,53889.89,Net Banking,Completed,Returning
O103280,2025-02-16,C1264,Customer 1264,Male,22,Kolkata,West Bengal,East,P2014,Skincare Product 2014,Beauty,Skincare,1,73803.13,0.15,62732.66,Credit Card,Cancelled,Returning
O103281,2026-08-27,C1179,Customer 1179,Male,31,Kolkata,West Bengal,East,P2054,Accessories Product 2054,Electronics,Accessories,3,51113.05,0.1,138005.24,Debit Card,Completed,Returning
O103282,2026-01-11,C1494,Customer 1494,Female,39,Kochi,Kerala,South,P2071,Mobiles Product 2071,Electronics,Mobiles,4,29513.79,0.1,106249.64,Net Banking,Completed,Returning
O103283,2026-08-10,C1490,Customer 1490,Male,45,Salem,Tamil Nadu,South,P2046,Appliances Product 2046,Home & Kitchen,Appliances,2,3344.33,0.1,6019.79,Credit Card,Completed,Returning
O103284,2025-07-21,C1209,Customer 1209,Female,55,Ahmedabad,Gujarat,West,P2031,Makeup Product 2031,Beauty,Makeup,3,36193.87,0.05,103152.53,Credit Card,Cancelled,Returning
O103285,2026-03-21,C1073,Customer 1073,Male,28,Ahmedabad,Gujarat,West,P2088,Men Product 2088,Fashion,Men,2,36148.31,0.1,65066.96,UPI,Completed,Returning
O103286,2025-10-24,C1390,Customer 1390,Male,58,Mangaluru,Karnataka,South,P2059,Mobiles Product 2059,Electronics,Mobiles,2,38695.49,0.25,58043.24,UPI,Completed,Returning
O103287,2025-11-04,C1107,Customer 1107,Female,49,Pune,Maharashtra,West,P2095,Skincare Product 2095,Beauty,Skincare,5,33448.14,0.15,142154.6,Cash on Delivery,Completed,Returning
O103288,2026-05-08,C1345,Customer 1345,Male,25,Udaipur,Rajasthan,North,P2029,Appliances Product 2029,Home & Kitchen,Appliances,1,54225.01,0.1,48802.51,Net Banking,Completed,Returning
O103289,2025-12-04,C1295,Customer 1295,Female,27,Ahmedabad,Gujarat,West,P2096,Outdoor Product 2096,Sports,Outdoor,1,19371.4,0.1,17434.26,UPI,Completed,Returning
O103290,2025-03-07,C1369,Customer 1369,Male,53,New Delhi,Delhi,North,P2017,Appliances Product 2017,Home & Kitchen,Appliances,4,35523.47,0.1,127884.49,Net Banking,Completed,New
O103291,2026-02-26,C1444,Customer 1444,Female,25,Warangal,Telangana,South,P2014,Skincare Product 2014,Beauty,Skincare,3,73803.13,0.1,199268.45,UPI,Completed,Returning
O103292,2026-06-24,C1284,Customer 1284,Male,34,Vadodara,Gujarat,West,P2036,Mobiles Product 2036,Electronics,Mobiles,1,6463.39,0.1,5817.05,Credit Card,Completed,Returning
O103293,2026-05-08,C1353,Customer 1353,Male,42,Jodhpur,Rajasthan,North,P2058,Women Product 2058,Fashion,Women,5,74077.42,0.15,314829.03,UPI,Completed,Returning
O103294,2025-11-13,C1182,Customer 1182,Male,44,Kolkata,West Bengal,East,P2024,Men Product 2024,Fashion,Men,1,15279.2,0.05,14515.24,Cash on Delivery,Completed,Returning
O103295,2025-03-16,C1037,Customer 1037,Female,31,New Delhi,Delhi,North,P2063,Women Product 2063,Fashion,Women,1,27128.58,0.05,25772.15,Cash on Delivery,Completed,New
O103296,2025-02-28,C1137,Customer 1137,Male,20,New Delhi,Delhi,North,P2091,Accessories Product 2091,Electronics,Accessories,2,36816.84,0.2,58906.94,Debit Card,Completed,Returning
O103297,2026-01-21,C1338,Customer 1338,Male,32,Thrissur,Kerala,South,P2025,Footwear Product 2025,Fashion,Footwear,1,48968.5,0.05,46520.08,Credit Card,Completed,Returning
O103298,2025-01-15,C1056,Customer 1056,Female,23,New Delhi,Delhi,North,P2059,Mobiles Product 2059,Electronics,Mobiles,2,38695.49,0.25,58043.24,Credit Card,Completed,New
O103299,2025-08-19,C1187,Customer 1187,Female,39,New Delhi,Delhi,North,P2032,Mobiles Product 2032,Electronics,Mobiles,1,7978.59,0,7978.59,Net Banking,Completed,Returning
O103300,2025-07-18,C1341,Customer 1341,Male,60,Kozhikode,Kerala,South,P2082,Makeup Product 2082,Beauty,Makeup,1,65159.86,0.05,61901.87,UPI,Completed,Returning
O103301,2025-12-20,C1258,Customer 1258,Female,39,Mumbai,Maharashtra,West,P2018,Women Product 2018,Fashion,Women,2,15516.48,0.1,27929.66,Credit Card,Completed,Returning
O103302,2025-02-04,C1445,Customer 1445,Female,20,Lucknow,Uttar Pradesh,North,P2037,Haircare Product 2037,Beauty,Haircare,2,29950.17,0.15,50915.29,Debit Card,Completed,New
O103303,2025-06-11,C1058,Customer 1058,Male,51,Thrissur,Kerala,South,P2026,Furniture Product 2026,Home & Kitchen,Furniture,1,59877.66,0.15,50896.01,Credit Card,Completed,Returning
O103304,2026-04-16,C1363,Customer 1363,Male,20,Thrissur,Kerala,South,P2009,Skincare Product 2009,Beauty,Skincare,4,22588.57,0,90354.28,UPI,Completed,Returning
O103305,2026-06-15,C1123,Customer 1123,Female,35,Patna,Bihar,East,P2099,Sportswear Product 2099,Sports,Sportswear,2,42924.55,0.05,81556.64,Credit Card,Completed,Returning
O103306,2026-02-27,C1188,Customer 1188,Male,44,Warangal,Telangana,South,P2064,Furniture Product 2064,Home & Kitchen,Furniture,1,47477.55,0.1,42729.8,Debit Card,Completed,Returning
O103307,2025-12-14,C1230,Customer 1230,Male,28,New Delhi,Delhi,North,P2072,Outdoor Product 2072,Sports,Outdoor,1,64391.57,0.05,61171.99,Cash on Delivery,Completed,Returning
O103308,2025-05-27,C1168,Customer 1168,Male,43,Warangal,Telangana,South,P2020,Footwear Product 2020,Fashion,Footwear,3,47078.66,0.1,127112.38,UPI,Returned,Returning
O103309,2026-01-09,C1420,Customer 1420,Female,30,Madurai,Tamil Nadu,South,P2054,Accessories Product 2054,Electronics,Accessories,2,51113.05,0.1,92003.49,Credit Card,Completed,Returning
O103310,2026-02-20,C1114,Customer 1114,Female,50,Kozhikode,Kerala,South,P2086,Mobiles Product 2086,Electronics,Mobiles,1,70060.46,0.1,63054.41,Credit Card,Completed,Returning
O103311,2026-05-09,C1252,Customer 1252,Male,45,Ahmedabad,Gujarat,West,P2083,Mobiles Product 2083,Electronics,Mobiles,1,2853.83,0.05,2711.14,UPI,Completed,Returning
O103312,2026-07-13,C1107,Customer 1107,Female,49,Pune,Maharashtra,West,P2030,Men Product 2030,Fashion,Men,1,64551.14,0,64551.14,Debit Card,Completed,Returning
O103313,2025-09-13,C1037,Customer 1037,Female,31,New Delhi,Delhi,North,P2053,Mobiles Product 2053,Electronics,Mobiles,1,37147.78,0.05,35290.39,UPI,Completed,Returning
O103314,2025-04-13,C1335,Customer 1335,Female,44,New Delhi,Delhi,North,P2092,Footwear Product 2092,Fashion,Footwear,2,2539.03,0,5078.06,UPI,Completed,New
O103315,2025-05-01,C1092,Customer 1092,Female,41,Chennai,Tamil Nadu,South,P2099,Sportswear Product 2099,Sports,Sportswear,4,42924.55,0.1,154528.38,Net Banking,Completed,Returning
O103316,2026-02-23,C1018,Customer 1018,Female,45,Bhubaneswar,Odisha,East,P2063,Women Product 2063,Fashion,Women,1,27128.58,0.15,23059.29,Credit Card,Cancelled,Returning
O103317,2025-12-16,C1354,Customer 1354,Female,56,Thrissur,Kerala,South,P2011,Footwear Product 2011,Fashion,Footwear,3,65143.66,0,195430.98,Cash on Delivery,Cancelled,Returning
O103318,2025-02-11,C1063,Customer 1063,Male,32,Ahmedabad,Gujarat,West,P2031,Makeup Product 2031,Beauty,Makeup,4,36193.87,0,144775.48,Credit Card,Completed,New
O103319,2026-01-02,C1150,Customer 1150,Female,27,Nagpur,Maharashtra,West,P2049,Appliances Product 2049,Home & Kitchen,Appliances,4,16675.28,0,66701.12,Credit Card,Completed,Returning
O103320,2025-01-29,C1139,Customer 1139,Male,59,New Delhi,Delhi,North,P2100,Mobiles Product 2100,Electronics,Mobiles,4,51807.65,0.15,176146.01,UPI,Completed,Returning
O103321,2025-01-14,C1186,Customer 1186,Male,36,Warangal,Telangana,South,P2094,Women Product 2094,Fashion,Women,3,14369.68,0,43109.04,UPI,Completed,New
O103322,2026-04-30,C1185,Customer 1185,Male,49,Surat,Gujarat,West,P2087,Kitchen Product 2087,Home & Kitchen,Kitchen,2,43974.9,0.25,65962.35,Cash on Delivery,Completed,Returning
O103323,2025-07-08,C1205,Customer 1205,Female,54,Cuttack,Odisha,East,P2019,Accessories Product 2019,Electronics,Accessories,1,34190.91,0.05,32481.36,Debit Card,Completed,Returning
O103324,2025-10-22,C1260,Customer 1260,Male,27,Kolkata,West Bengal,East,P2012,Fitness Product 2012,Sports,Fitness,2,70788.11,0.05,134497.41,UPI,Completed,Returning
O103325,2025-07-02,C1214,Customer 1214,Male,33,Patna,Bihar,East,P2015,Furniture Product 2015,Home & Kitchen,Furniture,3,17477.61,0,52432.83,Debit Card,Completed,Returning
O103326,2026-07-02,C1256,Customer 1256,Male,32,Mumbai,Maharashtra,West,P2031,Makeup Product 2031,Beauty,Makeup,1,36193.87,0.1,32574.48,Cash on Delivery,Completed,Returning
O103327,2025-02-06,C1135,Customer 1135,Male,31,Mangaluru,Karnataka,South,P2043,Furniture Product 2043,Home & Kitchen,Furniture,1,47010.26,0.1,42309.23,UPI,Completed,New
O103328,2025-01-14,C1061,Customer 1061,Male,59,Vadodara,Gujarat,West,P2037,Haircare Product 2037,Beauty,Haircare,1,29950.17,0.1,26955.15,UPI,Completed,Returning
O103329,2026-08-18,C1363,Customer 1363,Male,20,Thrissur,Kerala,South,P2079,Laptops Product 2079,Electronics,Laptops,3,12821.16,0.05,36540.31,UPI,Completed,Returning
O103330,2025-06-08,C1310,Customer 1310,Female,46,New Delhi,Delhi,North,P2029,Appliances Product 2029,Home & Kitchen,Appliances,3,54225.01,0.05,154541.28,Net Banking,Completed,Returning
O103331,2026-05-09,C1088,Customer 1088,Male,31,Mangaluru,Karnataka,South,P2026,Furniture Product 2026,Home & Kitchen,Furniture,2,59877.66,0.05,113767.55,UPI,Completed,Returning
O103332,2025-11-25,C1324,Customer 1324,Female,21,Kozhikode,Kerala,South,P2002,Sportswear Product 2002,Sports,Sportswear,1,72675.18,0.1,65407.66,UPI,Completed,Returning
O103333,2025-03-24,C1476,Customer 1476,Female,22,Patna,Bihar,East,P2084,Fitness Product 2084,Sports,Fitness,2,39978.36,0.05,75958.88,Credit Card,Completed,Returning
O103334,2026-07-10,C1207,Customer 1207,Female,44,New Delhi,Delhi,North,P2015,Furniture Product 2015,Home & Kitchen,Furniture,1,17477.61,0.15,14855.97,Debit Card,Completed,Returning
O103335,2026-08-03,C1129,Customer 1129,Female,43,Cuttack,Odisha,East,P2004,Kitchen Product 2004,Home & Kitchen,Kitchen,2,1952.63,0.05,3710,Net Banking,Completed,Returning
O103336,2026-07-14,C1311,Customer 1311,Female,36,Madurai,Tamil Nadu,South,P2086,Mobiles Product 2086,Electronics,Mobiles,1,70060.46,0.05,66557.44,Credit Card,Completed,Returning
O103337,2026-07-23,C1003,Customer 1003,Male,42,Mysuru,Karnataka,South,P2050,Fitness Product 2050,Sports,Fitness,5,13904.21,0.1,62568.94,Credit Card,Returned,Returning
O103338,2026-08-10,C1462,Customer 1462,Male,27,Cuttack,Odisha,East,P2038,Accessories Product 2038,Electronics,Accessories,2,15304.17,0,30608.34,Cash on Delivery,Completed,Returning
O103339,2025-01-22,C1422,Customer 1422,Female,35,Kozhikode,Kerala,South,P2023,Accessories Product 2023,Electronics,Accessories,2,9651.38,0.1,17372.48,UPI,Completed,Returning
O103340,2025-05-12,C1242,Customer 1242,Male,26,Jaipur,Rajasthan,North,P2059,Mobiles Product 2059,Electronics,Mobiles,2,38695.49,0.05,73521.43,UPI,Completed,Returning
O103341,2026-04-10,C1121,Customer 1121,Female,35,Kanpur,Uttar Pradesh,North,P2090,Men Product 2090,Fashion,Men,2,43634.38,0,87268.76,Debit Card,Completed,Returning
O103342,2026-04-01,C1385,Customer 1385,Male,56,Thrissur,Kerala,South,P2075,Laptops Product 2075,Electronics,Laptops,1,5790.21,0.2,4632.17,Net Banking,Completed,Returning
O103343,2025-10-29,C1102,Customer 1102,Female,45,Coimbatore,Tamil Nadu,South,P2028,Furniture Product 2028,Home & Kitchen,Furniture,2,29619.27,0.05,56276.61,Credit Card,Completed,Returning
O103344,2025-09-24,C1038,Customer 1038,Male,42,Nagpur,Maharashtra,West,P2066,Furniture Product 2066,Home & Kitchen,Furniture,4,13722.33,0.1,49400.39,UPI,Completed,Returning
O103345,2026-01-30,C1341,Customer 1341,Male,60,Kozhikode,Kerala,South,P2008,Mobiles Product 2008,Electronics,Mobiles,1,12522.7,0.15,10644.3,Net Banking,Completed,Returning
O103346,2025-04-30,C1496,Customer 1496,Male,23,Bengaluru,Karnataka,South,P2029,Appliances Product 2029,Home & Kitchen,Appliances,2,54225.01,0,108450.02,Debit Card,Completed,Returning
O103347,2025-09-03,C1413,Customer 1413,Female,39,Patna,Bihar,East,P2011,Footwear Product 2011,Fashion,Footwear,5,65143.66,0.2,260574.64,Cash on Delivery,Completed,Returning
O103348,2026-07-22,C1133,Customer 1133,Male,52,Kolkata,West Bengal,East,P2018,Women Product 2018,Fashion,Women,3,15516.48,0.05,44221.97,Net Banking,Completed,Returning
O103349,2025-02-07,C1497,Customer 1497,Male,29,Jodhpur,Rajasthan,North,P2055,Accessories Product 2055,Electronics,Accessories,2,15507.3,0.1,27913.14,UPI,Completed,New
O103350,2025-09-02,C1202,Customer 1202,Female,38,Bhubaneswar,Odisha,East,P2050,Fitness Product 2050,Sports,Fitness,2,13904.21,0.15,23637.16,Net Banking,Completed,Returning
O103351,2025-01-21,C1348,Customer 1348,Female,24,Bengaluru,Karnataka,South,P2014,Skincare Product 2014,Beauty,Skincare,4,73803.13,0.2,236170.02,UPI,Completed,New
O103352,2025-04-20,C1021,Customer 1021,Female,52,Lucknow,Uttar Pradesh,North,P2074,Mobiles Product 2074,Electronics,Mobiles,4,18005.98,0.1,64821.53,Net Banking,Completed,Returning
O103353,2026-08-29,C1242,Customer 1242,Male,26,Jaipur,Rajasthan,North,P2099,Sportswear Product 2099,Sports,Sportswear,4,42924.55,0.1,154528.38,Net Banking,Completed,Returning
O103354,2026-01-29,C1455,Customer 1455,Male,45,Mumbai,Maharashtra,West,P2009,Skincare Product 2009,Beauty,Skincare,2,22588.57,0.1,40659.43,Credit Card,Completed,Returning
O103355,2026-02-14,C1451,Customer 1451,Female,33,Vadodara,Gujarat,West,P2099,Sportswear Product 2099,Sports,Sportswear,1,42924.55,0,42924.55,Debit Card,Completed,Returning
O103356,2025-01-08,C1109,Customer 1109,Female,42,Bhubaneswar,Odisha,East,P2011,Footwear Product 2011,Fashion,Footwear,1,65143.66,0.15,55372.11,UPI,Completed,New
O103357,2026-03-20,C1303,Customer 1303,Male,45,Hyderabad,Telangana,South,P2063,Women Product 2063,Fashion,Women,1,27128.58,0,27128.58,UPI,Completed,Returning
O103358,2025-11-24,C1084,Customer 1084,Female,24,Mumbai,Maharashtra,West,P2076,Laptops Product 2076,Electronics,Laptops,4,33823.68,0.1,121765.25,UPI,Completed,Returning
O103359,2025-10-17,C1083,Customer 1083,Male,58,Kolkata,West Bengal,East,P2067,Laptops Product 2067,Electronics,Laptops,3,38592.36,0.1,104199.37,Net Banking,Completed,Returning
O103360,2026-05-26,C1291,Customer 1291,Male,31,New Delhi,Delhi,North,P2053,Mobiles Product 2053,Electronics,Mobiles,2,37147.78,0.2,59436.45,Credit Card,Completed,Returning
O103361,2025-12-27,C1452,Customer 1452,Female,45,Kolkata,West Bengal,East,P2039,Footwear Product 2039,Fashion,Footwear,2,15251.22,0.1,27452.2,UPI,Completed,Returning
O103362,2026-08-22,C1069,Customer 1069,Female,45,Salem,Tamil Nadu,South,P2078,Accessories Product 2078,Electronics,Accessories,1,71159.18,0.15,60485.3,Net Banking,Completed,Returning
O103363,2025-08-07,C1129,Customer 1129,Female,43,Cuttack,Odisha,East,P2056,Fitness Product 2056,Sports,Fitness,1,65159.96,0,65159.96,UPI,Completed,Returning
O103364,2026-02-10,C1196,Customer 1196,Female,31,Kochi,Kerala,South,P2028,Furniture Product 2028,Home & Kitchen,Furniture,2,29619.27,0,59238.54,Net Banking,Completed,Returning
O103365,2025-08-08,C1140,Customer 1140,Male,29,Kozhikode,Kerala,South,P2075,Laptops Product 2075,Electronics,Laptops,1,5790.21,0.1,5211.19,Credit Card,Completed,Returning
O103366,2026-08-18,C1444,Customer 1444,Female,25,Warangal,Telangana,South,P2039,Footwear Product 2039,Fashion,Footwear,1,15251.22,0.1,13726.1,Credit Card,Returned,Returning
O103367,2025-04-17,C1283,Customer 1283,Female,33,Kochi,Kerala,South,P2025,Footwear Product 2025,Fashion,Footwear,2,48968.5,0.1,88143.3,UPI,Completed,Returning
O103368,2026-08-04,C1312,Customer 1312,Male,28,Jodhpur,Rajasthan,North,P2021,Mobiles Product 2021,Electronics,Mobiles,1,68414.15,0.15,58152.03,Cash on Delivery,Completed,Returning
O103369,2025-10-13,C1234,Customer 1234,Female,48,Kolkata,West Bengal,East,P2010,Sportswear Product 2010,Sports,Sportswear,5,51133.3,0.05,242883.18,UPI,Completed,Returning
O103370,2025-01-08,C1023,Customer 1023,Female,58,Pune,Maharashtra,West,P2043,Furniture Product 2043,Home & Kitchen,Furniture,1,47010.26,0.1,42309.23,UPI,Completed,New
O103371,2025-07-08,C1153,Customer 1153,Male,29,Kochi,Kerala,South,P2015,Furniture Product 2015,Home & Kitchen,Furniture,4,17477.61,0,69910.44,Debit Card,Returned,New
O103372,2025-03-22,C1277,Customer 1277,Male,55,Cuttack,Odisha,East,P2083,Mobiles Product 2083,Electronics,Mobiles,1,2853.83,0,2853.83,Net Banking,Completed,Returning
O103373,2025-04-18,C1061,Customer 1061,Male,59,Vadodara,Gujarat,West,P2048,Accessories Product 2048,Electronics,Accessories,1,48876.98,0,48876.98,UPI,Cancelled,Returning
O103374,2025-11-17,C1319,Customer 1319,Male,54,Coimbatore,Tamil Nadu,South,P2086,Mobiles Product 2086,Electronics,Mobiles,2,70060.46,0.15,119102.78,Debit Card,Completed,Returning
O103375,2026-08-02,C1378,Customer 1378,Male,20,Bengaluru,Karnataka,South,P2021,Mobiles Product 2021,Electronics,Mobiles,3,68414.15,0.1,184718.2,Debit Card,Completed,Returning
O103376,2025-12-12,C1052,Customer 1052,Female,52,Kozhikode,Kerala,South,P2060,Women Product 2060,Fashion,Women,2,54476.75,0.05,103505.82,Debit Card,Completed,Returning
O103377,2025-11-24,C1344,Customer 1344,Female,40,Salem,Tamil Nadu,South,P2096,Outdoor Product 2096,Sports,Outdoor,1,19371.4,0.1,17434.26,Credit Card,Cancelled,Returning
O103378,2026-07-09,C1153,Customer 1153,Male,29,Kochi,Kerala,South,P2050,Fitness Product 2050,Sports,Fitness,1,13904.21,0.05,13209,UPI,Returned,Returning
O103379,2025-10-29,C1237,Customer 1237,Female,38,Thrissur,Kerala,South,P2023,Accessories Product 2023,Electronics,Accessories,2,9651.38,0.15,16407.35,Credit Card,Completed,Returning
O103380,2025-07-19,C1311,Customer 1311,Female,36,Madurai,Tamil Nadu,South,P2013,Appliances Product 2013,Home & Kitchen,Appliances,1,72349.68,0.1,65114.71,Debit Card,Completed,Returning
O103381,2026-02-23,C1302,Customer 1302,Male,55,Chennai,Tamil Nadu,South,P2069,Mobiles Product 2069,Electronics,Mobiles,1,33564.3,0,33564.3,UPI,Completed,Returning
O103382,2025-02-08,C1032,Customer 1032,Male,39,Udaipur,Rajasthan,North,P2004,Kitchen Product 2004,Home & Kitchen,Kitchen,2,1952.63,0.25,2928.94,Debit Card,Completed,Returning
O103383,2025-11-03,C1055,Customer 1055,Male,58,Bhubaneswar,Odisha,East,P2092,Footwear Product 2092,Fashion,Footwear,1,2539.03,0,2539.03,UPI,Completed,Returning
O103384,2025-01-04,C1352,Customer 1352,Male,22,Lucknow,Uttar Pradesh,North,P2078,Accessories Product 2078,Electronics,Accessories,1,71159.18,0.15,60485.3,Credit Card,Completed,Returning
O103385,2025-03-18,C1389,Customer 1389,Male,30,Mysuru,Karnataka,South,P2072,Outdoor Product 2072,Sports,Outdoor,1,64391.57,0.1,57952.41,Credit Card,Completed,Returning
O103386,2026-04-13,C1036,Customer 1036,Male,33,Kozhikode,Kerala,South,P2009,Skincare Product 2009,Beauty,Skincare,5,22588.57,0.05,107295.71,Cash on Delivery,Completed,Returning
O103387,2025-06-28,C1110,Customer 1110,Male,29,Kanpur,Uttar Pradesh,North,P2035,Mobiles Product 2035,Electronics,Mobiles,1,38973.06,0.15,33127.1,Debit Card,Completed,Returning
O103388,2025-10-03,C1490,Customer 1490,Male,45,Salem,Tamil Nadu,South,P2021,Mobiles Product 2021,Electronics,Mobiles,4,68414.15,0,273656.6,UPI,Returned,Returning
O103389,2025-06-01,C1177,Customer 1177,Male,51,Surat,Gujarat,West,P2058,Women Product 2058,Fashion,Women,1,74077.42,0.2,59261.94,UPI,Completed,Returning
O103390,2025-06-13,C1362,Customer 1362,Male,28,Kozhikode,Kerala,South,P2018,Women Product 2018,Fashion,Women,2,15516.48,0.05,29481.31,Debit Card,Completed,Returning
O103391,2025-10-17,C1314,Customer 1314,Male,39,Jaipur,Rajasthan,North,P2097,Footwear Product 2097,Fashion,Footwear,1,70862.68,0.05,67319.55,Credit Card,Completed,Returning
O103392,2026-01-13,C1295,Customer 1295,Female,27,Ahmedabad,Gujarat,West,P2072,Outdoor Product 2072,Sports,Outdoor,2,64391.57,0.1,115904.83,Debit Card,Completed,Returning
O103393,2025-11-06,C1336,Customer 1336,Female,41,Jodhpur,Rajasthan,North,P2081,Men Product 2081,Fashion,Men,3,63359.53,0,190078.59,Credit Card,Completed,Returning
O103394,2026-01-24,C1097,Customer 1097,Female,49,Cuttack,Odisha,East,P2043,Furniture Product 2043,Home & Kitchen,Furniture,3,47010.26,0.1,126927.7,Net Banking,Completed,Returning
O103395,2025-07-02,C1369,Customer 1369,Male,53,New Delhi,Delhi,North,P2095,Skincare Product 2095,Beauty,Skincare,3,33448.14,0.2,80275.54,Cash on Delivery,Completed,Returning
O103396,2025-11-02,C1213,Customer 1213,Male,58,Cuttack,Odisha,East,P2098,Women Product 2098,Fashion,Women,3,18537.8,0.15,47271.39,UPI,Completed,Returning
O103397,2025-03-13,C1317,Customer 1317,Male,48,New Delhi,Delhi,North,P2006,Accessories Product 2006,Electronics,Accessories,1,33608.93,0.05,31928.48,Debit Card,Completed,Returning
O103398,2025-08-07,C1137,Customer 1137,Male,20,New Delhi,Delhi,North,P2086,Mobiles Product 2086,Electronics,Mobiles,2,70060.46,0.1,126108.83,UPI,Completed,Returning
O103399,2025-06-22,C1006,Customer 1006,Female,37,Salem,Tamil Nadu,South,P2078,Accessories Product 2078,Electronics,Accessories,2,71159.18,0.2,113854.69,Credit Card,Completed,Returning
O103400,2025-09-29,C1499,Customer 1499,Male,60,Surat,Gujarat,West,P2067,Laptops Product 2067,Electronics,Laptops,3,38592.36,0,115777.08,Credit Card,Completed,Returning
O103401,2026-04-13,C1109,Customer 1109,Female,42,Bhubaneswar,Odisha,East,P2012,Fitness Product 2012,Sports,Fitness,1,70788.11,0.1,63709.3,Debit Card,Completed,Returning
O103402,2025-09-26,C1035,Customer 1035,Female,35,Kozhikode,Kerala,South,P2100,Mobiles Product 2100,Electronics,Mobiles,4,51807.65,0.05,196869.07,Credit Card,Completed,Returning
O103403,2025-01-20,C1039,Customer 1039,Male,34,Warangal,Telangana,South,P2012,Fitness Product 2012,Sports,Fitness,1,70788.11,0.2,56630.49,Net Banking,Completed,Returning
O103404,2026-08-01,C1150,Customer 1150,Female,27,Nagpur,Maharashtra,West,P2066,Furniture Product 2066,Home & Kitchen,Furniture,2,13722.33,0.15,23327.96,Credit Card,Completed,Returning
O103405,2026-05-18,C1425,Customer 1425,Female,35,New Delhi,Delhi,North,P2002,Sportswear Product 2002,Sports,Sportswear,1,72675.18,0.15,61773.9,Credit Card,Completed,Returning
O103406,2025-05-27,C1118,Customer 1118,Female,20,Patna,Bihar,East,P2015,Furniture Product 2015,Home & Kitchen,Furniture,1,17477.61,0.2,13982.09,UPI,Cancelled,Returning
O103407,2026-03-05,C1261,Customer 1261,Male,60,Warangal,Telangana,South,P2023,Accessories Product 2023,Electronics,Accessories,2,9651.38,0.05,18337.62,Debit Card,Completed,Returning
O103408,2025-06-14,C1426,Customer 1426,Male,27,Bengaluru,Karnataka,South,P2029,Appliances Product 2029,Home & Kitchen,Appliances,2,54225.01,0,108450.02,UPI,Returned,Returning
O103409,2025-11-06,C1087,Customer 1087,Female,22,Patna,Bihar,East,P2081,Men Product 2081,Fashion,Men,4,63359.53,0.05,240766.21,Credit Card,Cancelled,Returning
O103410,2026-06-02,C1465,Customer 1465,Female,41,Patna,Bihar,East,P2096,Outdoor Product 2096,Sports,Outdoor,2,19371.4,0.05,36805.66,UPI,Completed,Returning
O103411,2025-01-14,C1076,Customer 1076,Female,20,Hyderabad,Telangana,South,P2007,Mobiles Product 2007,Electronics,Mobiles,2,70839.48,0.1,127511.06,UPI,Completed,Returning
O103412,2025-05-12,C1471,Customer 1471,Male,43,Kolkata,West Bengal,East,P2094,Women Product 2094,Fashion,Women,3,14369.68,0.15,36642.68,UPI,Completed,Returning
O103413,2026-03-15,C1464,Customer 1464,Male,34,Mysuru,Karnataka,South,P2028,Furniture Product 2028,Home & Kitchen,Furniture,2,29619.27,0.05,56276.61,UPI,Completed,Returning
O103414,2025-09-20,C1451,Customer 1451,Female,33,Vadodara,Gujarat,West,P2014,Skincare Product 2014,Beauty,Skincare,2,73803.13,0.1,132845.63,Credit Card,Completed,Returning
O103415,2025-08-13,C1414,Customer 1414,Male,43,New Delhi,Delhi,North,P2044,Makeup Product 2044,Beauty,Makeup,1,61167.44,0.15,51992.32,Credit Card,Completed,Returning
O103416,2025-09-15,C1313,Customer 1313,Female,52,Chennai,Tamil Nadu,South,P2030,Men Product 2030,Fashion,Men,1,64551.14,0.05,61323.58,UPI,Cancelled,Returning
O103417,2025-08-22,C1383,Customer 1383,Female,42,Jodhpur,Rajasthan,North,P2081,Men Product 2081,Fashion,Men,2,63359.53,0,126719.06,Debit Card,Completed,Returning
O103418,2025-12-02,C1214,Customer 1214,Male,33,Patna,Bihar,East,P2032,Mobiles Product 2032,Electronics,Mobiles,3,7978.59,0.1,21542.19,UPI,Completed,Returning
O103419,2026-02-13,C1457,Customer 1457,Female,49,Ahmedabad,Gujarat,West,P2070,Men Product 2070,Fashion,Men,1,49797.81,0.1,44818.03,Credit Card,Completed,Returning
O103420,2025-01-24,C1285,Customer 1285,Female,50,New Delhi,Delhi,North,P2088,Men Product 2088,Fashion,Men,1,36148.31,0.2,28918.65,Net Banking,Cancelled,Returning
O103421,2025-09-28,C1239,Customer 1239,Male,20,Kanpur,Uttar Pradesh,North,P2006,Accessories Product 2006,Electronics,Accessories,2,33608.93,0.05,63856.97,Credit Card,Completed,Returning
O103422,2025-04-05,C1165,Customer 1165,Female,29,Warangal,Telangana,South,P2027,Kitchen Product 2027,Home & Kitchen,Kitchen,1,11473.67,0.15,9752.62,Cash on Delivery,Completed,Returning
O103423,2025-05-22,C1087,Customer 1087,Female,22,Patna,Bihar,East,P2082,Makeup Product 2082,Beauty,Makeup,2,65159.86,0.1,117287.75,Credit Card,Completed,Returning
O103424,2025-03-22,C1141,Customer 1141,Female,48,Ahmedabad,Gujarat,West,P2088,Men Product 2088,Fashion,Men,2,36148.31,0,72296.62,Net Banking,Completed,Returning
O103425,2025-10-01,C1160,Customer 1160,Female,48,Kochi,Kerala,South,P2024,Men Product 2024,Fashion,Men,1,15279.2,0,15279.2,Debit Card,Returned,Returning
O103426,2025-10-03,C1046,Customer 1046,Female,44,Warangal,Telangana,South,P2034,Men Product 2034,Fashion,Men,3,42105.76,0,126317.28,Cash on Delivery,Completed,Returning
O103427,2026-04-10,C1372,Customer 1372,Female,27,Hyderabad,Telangana,South,P2040,Mobiles Product 2040,Electronics,Mobiles,2,71380.78,0,142761.56,Cash on Delivery,Completed,Returning
O103428,2025-07-27,C1495,Customer 1495,Male,44,Surat,Gujarat,West,P2047,Laptops Product 2047,Electronics,Laptops,2,6397.76,0.05,12155.74,UPI,Completed,Returning
O103429,2025-10-23,C1112,Customer 1112,Male,55,Patna,Bihar,East,P2079,Laptops Product 2079,Electronics,Laptops,1,12821.16,0.1,11539.04,UPI,Cancelled,Returning
O103430,2025-02-08,C1407,Customer 1407,Female,48,Mumbai,Maharashtra,West,P2075,Laptops Product 2075,Electronics,Laptops,1,5790.21,0.1,5211.19,Debit Card,Completed,New
O103431,2025-10-15,C1045,Customer 1045,Female,41,Cuttack,Odisha,East,P2086,Mobiles Product 2086,Electronics,Mobiles,3,70060.46,0.1,189163.24,Credit Card,Completed,Returning
O103432,2025-05-04,C1401,Customer 1401,Female,52,Warangal,Telangana,South,P2024,Men Product 2024,Fashion,Men,1,15279.2,0,15279.2,Net Banking,Completed,Returning
O103433,2025-10-10,C1247,Customer 1247,Male,50,Warangal,Telangana,South,P2065,Makeup Product 2065,Beauty,Makeup,1,58267.22,0.1,52440.5,UPI,Completed,Returning
O103434,2025-06-29,C1104,Customer 1104,Female,58,Patna,Bihar,East,P2018,Women Product 2018,Fashion,Women,1,15516.48,0.05,14740.66,Net Banking,Completed,Returning
O103435,2025-04-07,C1085,Customer 1085,Male,41,Udaipur,Rajasthan,North,P2044,Makeup Product 2044,Beauty,Makeup,1,61167.44,0.2,48933.95,UPI,Completed,Returning
O103436,2025-07-10,C1450,Customer 1450,Female,53,Kanpur,Uttar Pradesh,North,P2076,Laptops Product 2076,Electronics,Laptops,1,33823.68,0.2,27058.94,UPI,Completed,Returning
O103437,2025-03-15,C1485,Customer 1485,Male,29,Pune,Maharashtra,West,P2057,Skincare Product 2057,Beauty,Skincare,1,63514.52,0.15,53987.34,Cash on Delivery,Completed,New
O103438,2026-03-23,C1134,Customer 1134,Male,56,Kanpur,Uttar Pradesh,North,P2028,Furniture Product 2028,Home & Kitchen,Furniture,4,29619.27,0.15,100705.52,UPI,Completed,Returning
O103439,2026-05-12,C1108,Customer 1108,Female,56,New Delhi,Delhi,North,P2071,Mobiles Product 2071,Electronics,Mobiles,2,29513.79,0,59027.58,Credit Card,Completed,Returning
O103440,2026-07-15,C1018,Customer 1018,Female,45,Bhubaneswar,Odisha,East,P2023,Accessories Product 2023,Electronics,Accessories,1,9651.38,0,9651.38,UPI,Completed,Returning
O103441,2026-04-29,C1094,Customer 1094,Female,33,Noida,Uttar Pradesh,North,P2085,Fitness Product 2085,Sports,Fitness,3,48108.22,0.15,122675.96,Net Banking,Completed,Returning
O103442,2025-04-26,C1150,Customer 1150,Female,27,Nagpur,Maharashtra,West,P2034,Men Product 2034,Fashion,Men,1,42105.76,0.1,37895.18,Debit Card,Completed,Returning
O103443,2026-06-19,C1246,Customer 1246,Female,25,Kolkata,West Bengal,East,P2011,Footwear Product 2011,Fashion,Footwear,2,65143.66,0.1,117258.59,Net Banking,Completed,Returning
O103444,2025-04-08,C1289,Customer 1289,Male,42,Vadodara,Gujarat,West,P2086,Mobiles Product 2086,Electronics,Mobiles,1,70060.46,0.15,59551.39,Credit Card,Completed,Returning
O103445,2025-11-24,C1414,Customer 1414,Male,43,New Delhi,Delhi,North,P2035,Mobiles Product 2035,Electronics,Mobiles,1,38973.06,0.1,35075.75,Credit Card,Completed,Returning
O103446,2026-02-11,C1209,Customer 1209,Female,55,Ahmedabad,Gujarat,West,P2093,Furniture Product 2093,Home & Kitchen,Furniture,3,15378.45,0,46135.35,UPI,Completed,Returning
O103447,2025-11-09,C1126,Customer 1126,Female,51,Pune,Maharashtra,West,P2042,Sportswear Product 2042,Sports,Sportswear,1,46086.93,0,46086.93,UPI,Completed,Returning
O103448,2025-05-28,C1235,Customer 1235,Female,56,Lucknow,Uttar Pradesh,North,P2028,Furniture Product 2028,Home & Kitchen,Furniture,3,29619.27,0,88857.81,Credit Card,Completed,Returning
O103449,2025-12-08,C1416,Customer 1416,Male,53,Kolkata,West Bengal,East,P2082,Makeup Product 2082,Beauty,Makeup,1,65159.86,0.15,55385.88,Debit Card,Completed,Returning
O103450,2026-05-10,C1426,Customer 1426,Male,27,Bengaluru,Karnataka,South,P2078,Accessories Product 2078,Electronics,Accessories,1,71159.18,0.1,64043.26,UPI,Returned,Returning
O103451,2025-01-23,C1499,Customer 1499,Male,60,Surat,Gujarat,West,P2082,Makeup Product 2082,Beauty,Makeup,2,65159.86,0.2,104255.78,UPI,Cancelled,New
O103452,2025-04-15,C1462,Customer 1462,Male,27,Cuttack,Odisha,East,P2092,Footwear Product 2092,Fashion,Footwear,2,2539.03,0.15,4316.35,UPI,Completed,Returning
O103453,2026-08-02,C1122,Customer 1122,Male,43,Nagpur,Maharashtra,West,P2024,Men Product 2024,Fashion,Men,1,15279.2,0,15279.2,Credit Card,Completed,Returning
O103454,2026-07-12,C1138,Customer 1138,Male,52,Jodhpur,Rajasthan,North,P2008,Mobiles Product 2008,Electronics,Mobiles,1,12522.7,0,12522.7,UPI,Returned,Returning
O103455,2026-08-16,C1495,Customer 1495,Male,44,Surat,Gujarat,West,P2053,Mobiles Product 2053,Electronics,Mobiles,1,37147.78,0.1,33433,UPI,Completed,Returning
O103456,2025-08-10,C1115,Customer 1115,Male,29,Chennai,Tamil Nadu,South,P2072,Outdoor Product 2072,Sports,Outdoor,4,64391.57,0.2,206053.02,UPI,Completed,Returning
O103457,2025-01-15,C1420,Customer 1420,Female,30,Madurai,Tamil Nadu,South,P2004,Kitchen Product 2004,Home & Kitchen,Kitchen,2,1952.63,0.05,3710,Net Banking,Completed,New
O103458,2025-03-19,C1162,Customer 1162,Male,44,Kolkata,West Bengal,East,P2091,Accessories Product 2091,Electronics,Accessories,1,36816.84,0.15,31294.31,UPI,Completed,Returning
O103459,2025-11-18,C1201,Customer 1201,Male,50,Cuttack,Odisha,East,P2100,Mobiles Product 2100,Electronics,Mobiles,3,51807.65,0.05,147651.8,Net Banking,Cancelled,Returning
O103460,2025-08-29,C1234,Customer 1234,Female,48,Kolkata,West Bengal,East,P2005,Appliances Product 2005,Home & Kitchen,Appliances,1,61463.29,0.05,58390.13,Credit Card,Completed,Returning
O103461,2025-01-18,C1028,Customer 1028,Female,43,Jaipur,Rajasthan,North,P2097,Footwear Product 2097,Fashion,Footwear,1,70862.68,0.2,56690.14,Debit Card,Returned,New
O103462,2026-03-30,C1011,Customer 1011,Male,43,Nagpur,Maharashtra,West,P2049,Appliances Product 2049,Home & Kitchen,Appliances,1,16675.28,0,16675.28,UPI,Completed,Returning
O103463,2026-03-19,C1206,Customer 1206,Male,31,Kolkata,West Bengal,East,P2098,Women Product 2098,Fashion,Women,2,18537.8,0.1,33368.04,Debit Card,Returned,Returning
O103464,2025-10-04,C1167,Customer 1167,Female,28,Bhubaneswar,Odisha,East,P2030,Men Product 2030,Fashion,Men,1,64551.14,0,64551.14,UPI,Completed,Returning
O103465,2026-02-28,C1247,Customer 1247,Male,50,Warangal,Telangana,South,P2072,Outdoor Product 2072,Sports,Outdoor,2,64391.57,0.15,109465.67,UPI,Completed,Returning
O103466,2026-04-21,C1047,Customer 1047,Female,41,Vadodara,Gujarat,West,P2063,Women Product 2063,Fashion,Women,3,27128.58,0.15,69177.88,Cash on Delivery,Completed,Returning
O103467,2025-01-27,C1246,Customer 1246,Female,25,Kolkata,West Bengal,East,P2047,Laptops Product 2047,Electronics,Laptops,1,6397.76,0.2,5118.21,Debit Card,Completed,Returning
O103468,2026-05-29,C1127,Customer 1127,Female,46,Nagpur,Maharashtra,West,P2026,Furniture Product 2026,Home & Kitchen,Furniture,1,59877.66,0,59877.66,UPI,Completed,Returning
O103469,2026-04-09,C1147,Customer 1147,Male,42,Salem,Tamil Nadu,South,P2057,Skincare Product 2057,Beauty,Skincare,1,63514.52,0,63514.52,Credit Card,Completed,Returning
O103470,2025-12-29,C1118,Customer 1118,Female,20,Patna,Bihar,East,P2037,Haircare Product 2037,Beauty,Haircare,2,29950.17,0.1,53910.31,Credit Card,Completed,Returning
O103471,2026-01-18,C1399,Customer 1399,Female,53,Jodhpur,Rajasthan,North,P2098,Women Product 2098,Fashion,Women,4,18537.8,0.05,70443.64,Debit Card,Completed,Returning
O103472,2026-06-09,C1382,Customer 1382,Female,36,Chennai,Tamil Nadu,South,P2007,Mobiles Product 2007,Electronics,Mobiles,1,70839.48,0.1,63755.53,Debit Card,Completed,Returning
O103473,2026-01-17,C1412,Customer 1412,Female,36,Ahmedabad,Gujarat,West,P2040,Mobiles Product 2040,Electronics,Mobiles,1,71380.78,0.1,64242.7,UPI,Completed,Returning
O103474,2025-07-03,C1152,Customer 1152,Male,45,New Delhi,Delhi,North,P2092,Footwear Product 2092,Fashion,Footwear,1,2539.03,0,2539.03,UPI,Completed,New
O103475,2025-07-13,C1072,Customer 1072,Female,42,Kolkata,West Bengal,East,P2039,Footwear Product 2039,Fashion,Footwear,1,15251.22,0.15,12963.54,Credit Card,Completed,Returning
O103476,2026-04-07,C1363,Customer 1363,Male,20,Thrissur,Kerala,South,P2062,Makeup Product 2062,Beauty,Makeup,2,20979.04,0.15,35664.37,Credit Card,Returned,Returning
O103477,2025-02-25,C1137,Customer 1137,Male,20,New Delhi,Delhi,North,P2092,Footwear Product 2092,Fashion,Footwear,1,2539.03,0.25,1904.27,Credit Card,Completed,New
O103478,2025-08-18,C1175,Customer 1175,Female,43,Madurai,Tamil Nadu,South,P2078,Accessories Product 2078,Electronics,Accessories,1,71159.18,0.05,67601.22,Debit Card,Completed,Returning
O103479,2026-05-04,C1289,Customer 1289,Male,42,Vadodara,Gujarat,West,P2053,Mobiles Product 2053,Electronics,Mobiles,2,37147.78,0.05,70580.78,Debit Card,Completed,Returning
O103480,2025-01-28,C1446,Customer 1446,Male,24,Ahmedabad,Gujarat,West,P2004,Kitchen Product 2004,Home & Kitchen,Kitchen,1,1952.63,0,1952.63,Credit Card,Completed,New
O103481,2026-08-06,C1481,Customer 1481,Female,34,Pune,Maharashtra,West,P2082,Makeup Product 2082,Beauty,Makeup,2,65159.86,0,130319.72,Cash on Delivery,Completed,Returning
O103482,2025-07-03,C1019,Customer 1019,Female,36,Vadodara,Gujarat,West,P2025,Footwear Product 2025,Fashion,Footwear,1,48968.5,0.05,46520.08,UPI,Completed,Returning
O103483,2026-03-01,C1195,Customer 1195,Male,38,Cuttack,Odisha,East,P2007,Mobiles Product 2007,Electronics,Mobiles,4,70839.48,0.25,212518.44,Debit Card,Completed,Returning
O103484,2026-01-10,C1330,Customer 1330,Female,37,Bengaluru,Karnataka,South,P2028,Furniture Product 2028,Home & Kitchen,Furniture,1,29619.27,0,29619.27,Cash on Delivery,Completed,Returning
O103485,2025-02-10,C1424,Customer 1424,Male,30,Noida,Uttar Pradesh,North,P2069,Mobiles Product 2069,Electronics,Mobiles,4,33564.3,0.05,127544.34,Credit Card,Completed,Returning
O103486,2026-04-29,C1175,Customer 1175,Female,43,Madurai,Tamil Nadu,South,P2067,Laptops Product 2067,Electronics,Laptops,1,38592.36,0,38592.36,Credit Card,Cancelled,Returning
O103487,2025-09-17,C1490,Customer 1490,Male,45,Salem,Tamil Nadu,South,P2095,Skincare Product 2095,Beauty,Skincare,3,33448.14,0.05,95327.2,UPI,Completed,Returning
O103488,2026-03-17,C1449,Customer 1449,Male,45,Mumbai,Maharashtra,West,P2020,Footwear Product 2020,Fashion,Footwear,1,47078.66,0,47078.66,Net Banking,Completed,Returning
O103489,2025-03-25,C1413,Customer 1413,Female,39,Patna,Bihar,East,P2083,Mobiles Product 2083,Electronics,Mobiles,2,2853.83,0.1,5136.89,Credit Card,Completed,Returning
O103490,2025-02-15,C1434,Customer 1434,Female,46,Kolkata,West Bengal,East,P2011,Footwear Product 2011,Fashion,Footwear,1,65143.66,0.1,58629.29,Debit Card,Completed,New
O103491,2026-03-16,C1354,Customer 1354,Female,56,Thrissur,Kerala,South,P2067,Laptops Product 2067,Electronics,Laptops,2,38592.36,0,77184.72,UPI,Completed,Returning
O103492,2026-06-03,C1499,Customer 1499,Male,60,Surat,Gujarat,West,P2087,Kitchen Product 2087,Home & Kitchen,Kitchen,2,43974.9,0,87949.8,UPI,Completed,Returning
O103493,2026-03-14,C1141,Customer 1141,Female,48,Ahmedabad,Gujarat,West,P2007,Mobiles Product 2007,Electronics,Mobiles,2,70839.48,0.1,127511.06,UPI,Completed,Returning
O103494,2025-05-16,C1246,Customer 1246,Female,25,Kolkata,West Bengal,East,P2023,Accessories Product 2023,Electronics,Accessories,2,9651.38,0.05,18337.62,UPI,Completed,Returning
O103495,2025-07-02,C1385,Customer 1385,Male,56,Thrissur,Kerala,South,P2061,Women Product 2061,Fashion,Women,1,44949.95,0,44949.95,Cash on Delivery,Completed,Returning
O103496,2025-06-21,C1418,Customer 1418,Female,21,Cuttack,Odisha,East,P2071,Mobiles Product 2071,Electronics,Mobiles,1,29513.79,0.2,23611.03,Net Banking,Completed,Returning
O103497,2026-08-13,C1093,Customer 1093,Female,48,Pune,Maharashtra,West,P2034,Men Product 2034,Fashion,Men,2,42105.76,0.05,80000.94,Credit Card,Completed,Returning
O103498,2026-06-23,C1432,Customer 1432,Female,51,Cuttack,Odisha,East,P2019,Accessories Product 2019,Electronics,Accessories,1,34190.91,0.1,30771.82,UPI,Completed,Returning
O103499,2025-04-30,C1239,Customer 1239,Male,20,Kanpur,Uttar Pradesh,North,P2058,Women Product 2058,Fashion,Women,1,74077.42,0.2,59261.94,UPI,Completed,Returning
O103500,2025-10-08,C1205,Customer 1205,Female,54,Cuttack,Odisha,East,P2009,Skincare Product 2009,Beauty,Skincare,1,22588.57,0.05,21459.14,Debit Card,Completed,Returning
O103501,2025-11-04,C1048,Customer 1048,Male,41,Ahmedabad,Gujarat,West,P2048,Accessories Product 2048,Electronics,Accessories,1,48876.98,0.15,41545.43,UPI,Completed,Returning
O103502,2025-10-04,C1433,Customer 1433,Male,22,Warangal,Telangana,South,P2082,Makeup Product 2082,Beauty,Makeup,2,65159.86,0.2,104255.78,Debit Card,Completed,Returning
O103503,2026-06-14,C1245,Customer 1245,Male,55,Mumbai,Maharashtra,West,P2041,Accessories Product 2041,Electronics,Accessories,2,2659.49,0,5318.98,UPI,Completed,Returning
O103504,2025-10-22,C1320,Customer 1320,Female,25,New Delhi,Delhi,North,P2048,Accessories Product 2048,Electronics,Accessories,4,48876.98,0.2,156406.34,Debit Card,Completed,Returning
O103505,2025-02-22,C1317,Customer 1317,Male,48,New Delhi,Delhi,North,P2045,Laptops Product 2045,Electronics,Laptops,1,61352.14,0,61352.14,Net Banking,Completed,New
O103506,2026-03-08,C1413,Customer 1413,Female,39,Patna,Bihar,East,P2025,Footwear Product 2025,Fashion,Footwear,4,48968.5,0.05,186080.3,Credit Card,Completed,Returning
O103507,2025-02-21,C1295,Customer 1295,Female,27,Ahmedabad,Gujarat,West,P2078,Accessories Product 2078,Electronics,Accessories,2,71159.18,0.15,120970.61,Net Banking,Completed,Returning
O103508,2025-03-13,C1128,Customer 1128,Male,39,Thrissur,Kerala,South,P2025,Footwear Product 2025,Fashion,Footwear,4,48968.5,0.2,156699.2,Net Banking,Completed,Returning
O103509,2025-01-28,C1344,Customer 1344,Female,40,Salem,Tamil Nadu,South,P2019,Accessories Product 2019,Electronics,Accessories,3,34190.91,0.15,87186.82,Debit Card,Completed,Returning
O103510,2026-04-14,C1282,Customer 1282,Female,60,Cuttack,Odisha,East,P2039,Footwear Product 2039,Fashion,Footwear,2,15251.22,0,30502.44,Credit Card,Completed,Returning
O103511,2026-07-01,C1017,Customer 1017,Female,21,New Delhi,Delhi,North,P2079,Laptops Product 2079,Electronics,Laptops,1,12821.16,0.1,11539.04,UPI,Completed,Returning
O103512,2026-02-05,C1071,Customer 1071,Female,45,Madurai,Tamil Nadu,South,P2080,Mobiles Product 2080,Electronics,Mobiles,1,26947.88,0.1,24253.09,Net Banking,Completed,Returning
O103513,2025-07-20,C1269,Customer 1269,Male,57,Kolkata,West Bengal,East,P2027,Kitchen Product 2027,Home & Kitchen,Kitchen,1,11473.67,0.05,10899.99,Debit Card,Completed,Returning
O103514,2026-04-11,C1325,Customer 1325,Female,29,Mangaluru,Karnataka,South,P2074,Mobiles Product 2074,Electronics,Mobiles,4,18005.98,0.25,54017.94,Net Banking,Completed,Returning
O103515,2026-08-18,C1282,Customer 1282,Female,60,Cuttack,Odisha,East,P2063,Women Product 2063,Fashion,Women,4,27128.58,0.05,103088.6,Credit Card,Completed,Returning
O103516,2026-07-14,C1305,Customer 1305,Female,47,Madurai,Tamil Nadu,South,P2068,Furniture Product 2068,Home & Kitchen,Furniture,2,37073.16,0,74146.32,UPI,Completed,Returning
O103517,2026-01-14,C1451,Customer 1451,Female,33,Vadodara,Gujarat,West,P2019,Accessories Product 2019,Electronics,Accessories,3,34190.91,0,102572.73,Cash on Delivery,Completed,Returning
O103518,2025-06-26,C1007,Customer 1007,Male,44,Patna,Bihar,East,P2028,Furniture Product 2028,Home & Kitchen,Furniture,4,29619.27,0.05,112553.23,UPI,Completed,Returning
O103519,2025-02-21,C1314,Customer 1314,Male,39,Jaipur,Rajasthan,North,P2085,Fitness Product 2085,Sports,Fitness,2,48108.22,0.15,81783.97,Cash on Delivery,Completed,Returning
O103520,2025-03-20,C1305,Customer 1305,Female,47,Madurai,Tamil Nadu,South,P2078,Accessories Product 2078,Electronics,Accessories,2,71159.18,0.05,135202.44,UPI,Completed,Returning
O103521,2026-01-20,C1103,Customer 1103,Female,40,Mumbai,Maharashtra,West,P2033,Footwear Product 2033,Fashion,Footwear,1,37566.95,0.15,31931.91,Credit Card,Cancelled,Returning
O103522,2026-07-30,C1309,Customer 1309,Female,55,Patna,Bihar,East,P2010,Sportswear Product 2010,Sports,Sportswear,1,51133.3,0,51133.3,Credit Card,Completed,Returning
O103523,2025-01-08,C1193,Customer 1193,Male,31,Patna,Bihar,East,P2083,Mobiles Product 2083,Electronics,Mobiles,1,2853.83,0.1,2568.45,Cash on Delivery,Completed,New
O103524,2025-08-02,C1241,Customer 1241,Female,36,Cuttack,Odisha,East,P2030,Men Product 2030,Fashion,Men,1,64551.14,0.15,54868.47,Cash on Delivery,Returned,Returning
O103525,2025-01-25,C1062,Customer 1062,Male,35,Kolkata,West Bengal,East,P2022,Outdoor Product 2022,Sports,Outdoor,2,34818.67,0,69637.34,Net Banking,Completed,New
O103526,2026-03-26,C1017,Customer 1017,Female,21,New Delhi,Delhi,North,P2003,Makeup Product 2003,Beauty,Makeup,1,44701.37,0.1,40231.23,Credit Card,Completed,Returning
O103527,2026-04-02,C1171,Customer 1171,Female,55,Coimbatore,Tamil Nadu,South,P2082,Makeup Product 2082,Beauty,Makeup,3,65159.86,0.15,166157.64,UPI,Completed,Returning
O103528,2026-04-06,C1025,Customer 1025,Female,45,Mumbai,Maharashtra,West,P2075,Laptops Product 2075,Electronics,Laptops,1,5790.21,0.1,5211.19,Debit Card,Completed,Returning
O103529,2025-07-17,C1251,Customer 1251,Female,29,Chennai,Tamil Nadu,South,P2048,Accessories Product 2048,Electronics,Accessories,1,48876.98,0.1,43989.28,Credit Card,Completed,Returning
O103530,2025-04-04,C1253,Customer 1253,Female,38,Udaipur,Rajasthan,North,P2002,Sportswear Product 2002,Sports,Sportswear,3,72675.18,0.15,185321.71,Net Banking,Completed,New
O103531,2026-03-13,C1387,Customer 1387,Male,33,Hyderabad,Telangana,South,P2076,Laptops Product 2076,Electronics,Laptops,2,33823.68,0.25,50735.52,Net Banking,Completed,Returning
O103532,2026-06-11,C1207,Customer 1207,Female,44,New Delhi,Delhi,North,P2054,Accessories Product 2054,Electronics,Accessories,1,51113.05,0,51113.05,Credit Card,Completed,Returning
O103533,2026-01-13,C1029,Customer 1029,Female,32,Hyderabad,Telangana,South,P2006,Accessories Product 2006,Electronics,Accessories,2,33608.93,0.15,57135.18,Debit Card,Completed,Returning
O103534,2026-08-10,C1117,Customer 1117,Male,51,Vadodara,Gujarat,West,P2040,Mobiles Product 2040,Electronics,Mobiles,1,71380.78,0,71380.78,Net Banking,Completed,Returning
O103535,2025-04-14,C1491,Customer 1491,Female,44,Cuttack,Odisha,East,P2093,Furniture Product 2093,Home & Kitchen,Furniture,4,15378.45,0,61513.8,Cash on Delivery,Cancelled,New
O103536,2025-02-08,C1416,Customer 1416,Male,53,Kolkata,West Bengal,East,P2094,Women Product 2094,Fashion,Women,2,14369.68,0.05,27302.39,Debit Card,Completed,Returning
O103537,2026-04-03,C1282,Customer 1282,Female,60,Cuttack,Odisha,East,P2002,Sportswear Product 2002,Sports,Sportswear,1,72675.18,0.25,54506.38,Net Banking,Completed,Returning
O103538,2025-12-30,C1380,Customer 1380,Male,49,Kolkata,West Bengal,East,P2073,Mobiles Product 2073,Electronics,Mobiles,2,58078.44,0.1,104541.19,Credit Card,Completed,Returning
O103539,2025-05-15,C1144,Customer 1144,Female,50,Salem,Tamil Nadu,South,P2002,Sportswear Product 2002,Sports,Sportswear,3,72675.18,0.05,207124.26,UPI,Completed,Returning
O103540,2026-01-09,C1025,Customer 1025,Female,45,Mumbai,Maharashtra,West,P2093,Furniture Product 2093,Home & Kitchen,Furniture,2,15378.45,0,30756.9,UPI,Returned,Returning
O103541,2025-08-20,C1310,Customer 1310,Female,46,New Delhi,Delhi,North,P2097,Footwear Product 2097,Fashion,Footwear,3,70862.68,0.2,170070.43,UPI,Completed,Returning
O103542,2025-02-08,C1156,Customer 1156,Female,60,Vadodara,Gujarat,West,P2074,Mobiles Product 2074,Electronics,Mobiles,1,18005.98,0.05,17105.68,UPI,Completed,Returning
O103543,2025-02-16,C1073,Customer 1073,Male,28,Ahmedabad,Gujarat,West,P2098,Women Product 2098,Fashion,Women,3,18537.8,0.05,52832.73,UPI,Completed,Returning
O103544,2025-02-05,C1120,Customer 1120,Male,23,Cuttack,Odisha,East,P2055,Accessories Product 2055,Electronics,Accessories,2,15507.3,0.2,24811.68,Net Banking,Completed,Returning
O103545,2025-04-05,C1312,Customer 1312,Male,28,Jodhpur,Rajasthan,North,P2072,Outdoor Product 2072,Sports,Outdoor,2,64391.57,0.1,115904.83,Credit Card,Completed,Returning
O103546,2025-12-27,C1321,Customer 1321,Female,37,Thrissur,Kerala,South,P2060,Women Product 2060,Fashion,Women,1,54476.75,0,54476.75,Credit Card,Completed,Returning
O103547,2026-06-09,C1093,Customer 1093,Female,48,Pune,Maharashtra,West,P2097,Footwear Product 2097,Fashion,Footwear,3,70862.68,0.1,191329.24,Credit Card,Completed,Returning
O103548,2025-05-26,C1086,Customer 1086,Male,48,Kolkata,West Bengal,East,P2006,Accessories Product 2006,Electronics,Accessories,2,33608.93,0.2,53774.29,Credit Card,Cancelled,Returning
O103549,2026-01-03,C1336,Customer 1336,Female,41,Jodhpur,Rajasthan,North,P2019,Accessories Product 2019,Electronics,Accessories,3,34190.91,0.2,82058.18,UPI,Completed,Returning
O103550,2025-03-06,C1425,Customer 1425,Female,35,New Delhi,Delhi,North,P2096,Outdoor Product 2096,Sports,Outdoor,1,19371.4,0,19371.4,UPI,Completed,New
O103551,2025-08-16,C1499,Customer 1499,Male,60,Surat,Gujarat,West,P2027,Kitchen Product 2027,Home & Kitchen,Kitchen,1,11473.67,0.05,10899.99,Net Banking,Completed,Returning
O103552,2026-06-04,C1364,Customer 1364,Female,32,Salem,Tamil Nadu,South,P2001,Accessories Product 2001,Electronics,Accessories,1,63975.38,0,63975.38,Debit Card,Completed,Returning
O103553,2026-07-09,C1435,Customer 1435,Female,48,Kolkata,West Bengal,East,P2033,Footwear Product 2033,Fashion,Footwear,1,37566.95,0.1,33810.25,Credit Card,Completed,Returning
O103554,2025-06-30,C1118,Customer 1118,Female,20,Patna,Bihar,East,P2040,Mobiles Product 2040,Electronics,Mobiles,2,71380.78,0.15,121347.33,Credit Card,Completed,Returning
O103555,2026-05-16,C1233,Customer 1233,Female,24,Patna,Bihar,East,P2032,Mobiles Product 2032,Electronics,Mobiles,2,7978.59,0.05,15159.32,UPI,Completed,Returning
O103556,2026-08-20,C1199,Customer 1199,Male,47,Hyderabad,Telangana,South,P2069,Mobiles Product 2069,Electronics,Mobiles,2,33564.3,0.15,57059.31,Credit Card,Completed,Returning
O103557,2025-06-04,C1206,Customer 1206,Male,31,Kolkata,West Bengal,East,P2017,Appliances Product 2017,Home & Kitchen,Appliances,3,35523.47,0.1,95913.37,Debit Card,Completed,Returning
O103558,2026-06-19,C1413,Customer 1413,Female,39,Patna,Bihar,East,P2008,Mobiles Product 2008,Electronics,Mobiles,1,12522.7,0.15,10644.3,Debit Card,Completed,Returning
O103559,2026-03-11,C1339,Customer 1339,Female,52,Kolkata,West Bengal,East,P2057,Skincare Product 2057,Beauty,Skincare,1,63514.52,0.2,50811.62,UPI,Returned,Returning
O103560,2025-04-09,C1147,Customer 1147,Male,42,Salem,Tamil Nadu,South,P2042,Sportswear Product 2042,Sports,Sportswear,3,46086.93,0.1,124434.71,Net Banking,Completed,Returning
O103561,2026-01-07,C1450,Customer 1450,Female,53,Kanpur,Uttar Pradesh,North,P2098,Women Product 2098,Fashion,Women,2,18537.8,0.05,35221.82,Credit Card,Completed,Returning
O103562,2026-07-17,C1425,Customer 1425,Female,35,New Delhi,Delhi,North,P2009,Skincare Product 2009,Beauty,Skincare,2,22588.57,0.15,38400.57,Credit Card,Completed,Returning
O103563,2025-12-28,C1429,Customer 1429,Male,23,Noida,Uttar Pradesh,North,P2087,Kitchen Product 2087,Home & Kitchen,Kitchen,1,43974.9,0.15,37378.66,Debit Card,Completed,Returning
O103564,2025-04-22,C1271,Customer 1271,Female,51,Ahmedabad,Gujarat,West,P2035,Mobiles Product 2035,Electronics,Mobiles,2,38973.06,0,77946.12,Credit Card,Returned,Returning
O103565,2026-03-29,C1387,Customer 1387,Male,33,Hyderabad,Telangana,South,P2071,Mobiles Product 2071,Electronics,Mobiles,1,29513.79,0.15,25086.72,Debit Card,Completed,Returning
O103566,2025-06-18,C1139,Customer 1139,Male,59,New Delhi,Delhi,North,P2079,Laptops Product 2079,Electronics,Laptops,2,12821.16,0,25642.32,UPI,Completed,Returning
O103567,2026-08-07,C1181,Customer 1181,Male,42,Bhubaneswar,Odisha,East,P2053,Mobiles Product 2053,Electronics,Mobiles,5,37147.78,0,185738.9,Credit Card,Completed,Returning
O103568,2025-05-19,C1430,Customer 1430,Female,44,Vadodara,Gujarat,West,P2054,Accessories Product 2054,Electronics,Accessories,2,51113.05,0,102226.1,UPI,Completed,Returning
O103569,2025-08-19,C1030,Customer 1030,Female,26,Bhubaneswar,Odisha,East,P2084,Fitness Product 2084,Sports,Fitness,1,39978.36,0.25,29983.77,UPI,Completed,Returning
O103570,2025-08-27,C1057,Customer 1057,Female,25,Kolkata,West Bengal,East,P2025,Footwear Product 2025,Fashion,Footwear,3,48968.5,0.1,132214.95,UPI,Completed,New
O103571,2025-09-10,C1232,Customer 1232,Female,21,Madurai,Tamil Nadu,South,P2067,Laptops Product 2067,Electronics,Laptops,1,38592.36,0,38592.36,Debit Card,Completed,Returning
O103572,2026-03-12,C1146,Customer 1146,Male,54,Salem,Tamil Nadu,South,P2062,Makeup Product 2062,Beauty,Makeup,1,20979.04,0.25,15734.28,UPI,Returned,Returning
O103573,2026-07-15,C1435,Customer 1435,Female,48,Kolkata,West Bengal,East,P2055,Accessories Product 2055,Electronics,Accessories,3,15507.3,0.15,39543.61,UPI,Completed,Returning
O103574,2026-02-26,C1384,Customer 1384,Male,34,Mumbai,Maharashtra,West,P2046,Appliances Product 2046,Home & Kitchen,Appliances,1,3344.33,0.15,2842.68,Credit Card,Completed,Returning
O103575,2025-10-30,C1048,Customer 1048,Male,41,Ahmedabad,Gujarat,West,P2024,Men Product 2024,Fashion,Men,4,15279.2,0,61116.8,Cash on Delivery,Completed,Returning
O103576,2025-03-13,C1194,Customer 1194,Male,60,Mangaluru,Karnataka,South,P2098,Women Product 2098,Fashion,Women,1,18537.8,0,18537.8,Net Banking,Completed,New
O103577,2025-09-20,C1224,Customer 1224,Female,29,Patna,Bihar,East,P2046,Appliances Product 2046,Home & Kitchen,Appliances,2,3344.33,0.1,6019.79,Cash on Delivery,Completed,Returning
O103578,2025-08-10,C1136,Customer 1136,Male,22,New Delhi,Delhi,North,P2022,Outdoor Product 2022,Sports,Outdoor,2,34818.67,0.15,59191.74,Debit Card,Completed,Returning
O103579,2025-03-18,C1022,Customer 1022,Male,28,Coimbatore,Tamil Nadu,South,P2011,Footwear Product 2011,Fashion,Footwear,1,65143.66,0.1,58629.29,Credit Card,Completed,Returning
O103580,2025-03-03,C1006,Customer 1006,Female,37,Salem,Tamil Nadu,South,P2048,Accessories Product 2048,Electronics,Accessories,2,48876.98,0.1,87978.56,Debit Card,Completed,Returning
O103581,2026-04-16,C1204,Customer 1204,Male,24,Warangal,Telangana,South,P2008,Mobiles Product 2008,Electronics,Mobiles,4,12522.7,0.15,42577.18,UPI,Completed,Returning
O103582,2025-06-06,C1239,Customer 1239,Male,20,Kanpur,Uttar Pradesh,North,P2039,Footwear Product 2039,Fashion,Footwear,3,15251.22,0.05,43465.98,UPI,Completed,Returning
O103583,2025-05-05,C1185,Customer 1185,Male,49,Surat,Gujarat,West,P2035,Mobiles Product 2035,Electronics,Mobiles,2,38973.06,0.1,70151.51,Credit Card,Completed,New
O103584,2025-06-10,C1360,Customer 1360,Male,40,Lucknow,Uttar Pradesh,North,P2049,Appliances Product 2049,Home & Kitchen,Appliances,5,16675.28,0.05,79207.58,UPI,Completed,Returning
O103585,2026-06-25,C1292,Customer 1292,Male,29,Chennai,Tamil Nadu,South,P2046,Appliances Product 2046,Home & Kitchen,Appliances,1,3344.33,0,3344.33,Debit Card,Completed,Returning
O103586,2026-08-14,C1335,Customer 1335,Female,44,New Delhi,Delhi,North,P2038,Accessories Product 2038,Electronics,Accessories,1,15304.17,0,15304.17,Credit Card,Completed,Returning
O103587,2026-06-19,C1220,Customer 1220,Male,30,New Delhi,Delhi,North,P2008,Mobiles Product 2008,Electronics,Mobiles,1,12522.7,0.15,10644.3,UPI,Completed,Returning
O103588,2025-04-16,C1116,Customer 1116,Female,38,New Delhi,Delhi,North,P2054,Accessories Product 2054,Electronics,Accessories,2,51113.05,0.2,81780.88,Cash on Delivery,Completed,New
O103589,2025-05-11,C1313,Customer 1313,Female,52,Chennai,Tamil Nadu,South,P2037,Haircare Product 2037,Beauty,Haircare,3,29950.17,0.05,85357.98,Debit Card,Cancelled,Returning
O103590,2025-12-23,C1049,Customer 1049,Female,25,Salem,Tamil Nadu,South,P2091,Accessories Product 2091,Electronics,Accessories,2,36816.84,0,73633.68,Credit Card,Completed,Returning
O103591,2025-01-02,C1173,Customer 1173,Male,58,Cuttack,Odisha,East,P2092,Footwear Product 2092,Fashion,Footwear,4,2539.03,0,10156.12,Cash on Delivery,Completed,New
O103592,2025-08-21,C1082,Customer 1082,Female,35,New Delhi,Delhi,North,P2040,Mobiles Product 2040,Electronics,Mobiles,2,71380.78,0.2,114209.25,UPI,Completed,Returning
O103593,2026-01-04,C1322,Customer 1322,Male,24,Mysuru,Karnataka,South,P2034,Men Product 2034,Fashion,Men,1,42105.76,0.15,35789.9,Net Banking,Completed,Returning
O103594,2025-09-08,C1333,Customer 1333,Female,40,Hyderabad,Telangana,South,P2096,Outdoor Product 2096,Sports,Outdoor,1,19371.4,0.25,14528.55,Credit Card,Completed,Returning
O103595,2025-04-18,C1045,Customer 1045,Female,41,Cuttack,Odisha,East,P2079,Laptops Product 2079,Electronics,Laptops,4,12821.16,0.2,41027.71,Debit Card,Completed,Returning
O103596,2025-10-03,C1335,Customer 1335,Female,44,New Delhi,Delhi,North,P2017,Appliances Product 2017,Home & Kitchen,Appliances,1,35523.47,0.05,33747.3,Cash on Delivery,Completed,Returning
O103597,2025-06-29,C1020,Customer 1020,Male,59,Pune,Maharashtra,West,P2033,Footwear Product 2033,Fashion,Footwear,2,37566.95,0,75133.9,Credit Card,Completed,Returning
O103598,2025-10-20,C1448,Customer 1448,Female,31,Coimbatore,Tamil Nadu,South,P2047,Laptops Product 2047,Electronics,Laptops,1,6397.76,0.1,5757.98,UPI,Completed,Returning
O103599,2026-08-07,C1221,Customer 1221,Male,37,Patna,Bihar,East,P2052,Laptops Product 2052,Electronics,Laptops,1,54024.37,0,54024.37,UPI,Completed,Returning
O103600,2025-06-24,C1123,Customer 1123,Female,35,Patna,Bihar,East,P2080,Mobiles Product 2080,Electronics,Mobiles,2,26947.88,0,53895.76,UPI,Completed,Returning
O103601,2025-05-03,C1234,Customer 1234,Female,48,Kolkata,West Bengal,East,P2093,Furniture Product 2093,Home & Kitchen,Furniture,1,15378.45,0.05,14609.53,Net Banking,Completed,New
O103602,2025-08-15,C1221,Customer 1221,Male,37,Patna,Bihar,East,P2009,Skincare Product 2009,Beauty,Skincare,4,22588.57,0.1,81318.85,UPI,Completed,Returning
O103603,2026-03-20,C1323,Customer 1323,Female,44,Chennai,Tamil Nadu,South,P2033,Footwear Product 2033,Fashion,Footwear,1,37566.95,0.1,33810.25,UPI,Completed,Returning
O103604,2026-03-04,C1339,Customer 1339,Female,52,Kolkata,West Bengal,East,P2060,Women Product 2060,Fashion,Women,2,54476.75,0.05,103505.82,Net Banking,Completed,Returning
O103605,2025-03-24,C1003,Customer 1003,Male,42,Mysuru,Karnataka,South,P2093,Furniture Product 2093,Home & Kitchen,Furniture,2,15378.45,0.1,27681.21,UPI,Completed,Returning
O103606,2025-03-06,C1182,Customer 1182,Male,44,Kolkata,West Bengal,East,P2077,Men Product 2077,Fashion,Men,2,32487.3,0,64974.6,Net Banking,Completed,Returning
O103607,2025-10-08,C1206,Customer 1206,Male,31,Kolkata,West Bengal,East,P2021,Mobiles Product 2021,Electronics,Mobiles,4,68414.15,0.15,232608.11,UPI,Completed,Returning
O103608,2026-01-26,C1320,Customer 1320,Female,25,New Delhi,Delhi,North,P2058,Women Product 2058,Fashion,Women,1,74077.42,0.15,62965.81,UPI,Completed,Returning
O103609,2026-03-04,C1040,Customer 1040,Male,47,New Delhi,Delhi,North,P2085,Fitness Product 2085,Sports,Fitness,1,48108.22,0,48108.22,UPI,Completed,Returning
O103610,2025-04-17,C1059,Customer 1059,Male,49,Patna,Bihar,East,P2069,Mobiles Product 2069,Electronics,Mobiles,1,33564.3,0.1,30207.87,Cash on Delivery,Completed,Returning
O103611,2026-07-02,C1439,Customer 1439,Male,24,Bhubaneswar,Odisha,East,P2010,Sportswear Product 2010,Sports,Sportswear,3,51133.3,0.1,138059.91,Credit Card,Cancelled,Returning
O103612,2025-09-19,C1062,Customer 1062,Male,35,Kolkata,West Bengal,East,P2006,Accessories Product 2006,Electronics,Accessories,5,33608.93,0,168044.65,UPI,Completed,Returning
O103613,2025-06-08,C1132,Customer 1132,Male,52,Noida,Uttar Pradesh,North,P2013,Appliances Product 2013,Home & Kitchen,Appliances,1,72349.68,0.05,68732.2,Credit Card,Returned,Returning
O103614,2025-09-22,C1060,Customer 1060,Male,54,Mumbai,Maharashtra,West,P2065,Makeup Product 2065,Beauty,Makeup,2,58267.22,0.25,87400.83,Debit Card,Completed,Returning
O103615,2026-04-13,C1372,Customer 1372,Female,27,Hyderabad,Telangana,South,P2020,Footwear Product 2020,Fashion,Footwear,1,47078.66,0,47078.66,UPI,Completed,Returning
O103616,2025-07-21,C1331,Customer 1331,Male,51,Vadodara,Gujarat,West,P2057,Skincare Product 2057,Beauty,Skincare,1,63514.52,0.1,57163.07,Debit Card,Completed,Returning
O103617,2025-06-04,C1122,Customer 1122,Male,43,Nagpur,Maharashtra,West,P2046,Appliances Product 2046,Home & Kitchen,Appliances,2,3344.33,0.15,5685.36,UPI,Completed,Returning
O103618,2025-01-13,C1479,Customer 1479,Male,57,Salem,Tamil Nadu,South,P2008,Mobiles Product 2008,Electronics,Mobiles,1,12522.7,0.05,11896.56,UPI,Completed,New
O103619,2025-10-24,C1107,Customer 1107,Female,49,Pune,Maharashtra,West,P2010,Sportswear Product 2010,Sports,Sportswear,1,51133.3,0.05,48576.64,Credit Card,Completed,Returning
O103620,2026-05-13,C1096,Customer 1096,Female,24,Kanpur,Uttar Pradesh,North,P2073,Mobiles Product 2073,Electronics,Mobiles,2,58078.44,0.2,92925.5,UPI,Completed,Returning
O103621,2026-08-20,C1347,Customer 1347,Male,36,Patna,Bihar,East,P2067,Laptops Product 2067,Electronics,Laptops,3,38592.36,0.05,109988.23,Cash on Delivery,Completed,Returning
O103622,2025-09-02,C1414,Customer 1414,Male,43,New Delhi,Delhi,North,P2011,Footwear Product 2011,Fashion,Footwear,1,65143.66,0.1,58629.29,UPI,Completed,Returning
O103623,2025-10-27,C1235,Customer 1235,Female,56,Lucknow,Uttar Pradesh,North,P2012,Fitness Product 2012,Sports,Fitness,2,70788.11,0.15,120339.79,Net Banking,Completed,Returning
O103624,2025-12-28,C1386,Customer 1386,Female,40,Kochi,Kerala,South,P2010,Sportswear Product 2010,Sports,Sportswear,2,51133.3,0.15,86926.61,UPI,Completed,Returning
O103625,2025-12-20,C1062,Customer 1062,Male,35,Kolkata,West Bengal,East,P2025,Footwear Product 2025,Fashion,Footwear,1,48968.5,0.25,36726.38,Net Banking,Completed,Returning
O103626,2026-06-05,C1256,Customer 1256,Male,32,Mumbai,Maharashtra,West,P2049,Appliances Product 2049,Home & Kitchen,Appliances,2,16675.28,0.15,28347.98,UPI,Returned,Returning
O103627,2026-01-21,C1049,Customer 1049,Female,25,Salem,Tamil Nadu,South,P2049,Appliances Product 2049,Home & Kitchen,Appliances,1,16675.28,0.1,15007.75,Cash on Delivery,Completed,Returning
O103628,2025-11-08,C1393,Customer 1393,Female,57,Warangal,Telangana,South,P2089,Women Product 2089,Fashion,Women,1,71400.34,0.2,57120.27,UPI,Completed,Returning
O103629,2026-02-18,C1348,Customer 1348,Female,24,Bengaluru,Karnataka,South,P2011,Footwear Product 2011,Fashion,Footwear,1,65143.66,0.2,52114.93,Net Banking,Completed,Returning
O103630,2025-10-05,C1159,Customer 1159,Male,30,Udaipur,Rajasthan,North,P2062,Makeup Product 2062,Beauty,Makeup,3,20979.04,0.25,47202.84,Credit Card,Completed,Returning
O103631,2026-08-16,C1124,Customer 1124,Male,21,Kozhikode,Kerala,South,P2036,Mobiles Product 2036,Electronics,Mobiles,1,6463.39,0.15,5493.88,Credit Card,Cancelled,Returning
O103632,2025-12-22,C1482,Customer 1482,Female,44,Hyderabad,Telangana,South,P2039,Footwear Product 2039,Fashion,Footwear,1,15251.22,0,15251.22,UPI,Completed,Returning
O103633,2026-06-09,C1317,Customer 1317,Male,48,New Delhi,Delhi,North,P2053,Mobiles Product 2053,Electronics,Mobiles,1,37147.78,0.15,31575.61,Net Banking,Completed,Returning
O103634,2025-01-16,C1207,Customer 1207,Female,44,New Delhi,Delhi,North,P2090,Men Product 2090,Fashion,Men,1,43634.38,0,43634.38,UPI,Completed,Returning
O103635,2025-02-14,C1048,Customer 1048,Male,41,Ahmedabad,Gujarat,West,P2078,Accessories Product 2078,Electronics,Accessories,2,71159.18,0.05,135202.44,Debit Card,Completed,New
O103636,2025-11-17,C1409,Customer 1409,Female,29,Kozhikode,Kerala,South,P2056,Fitness Product 2056,Sports,Fitness,1,65159.96,0,65159.96,Credit Card,Completed,Returning
O103637,2025-11-22,C1420,Customer 1420,Female,30,Madurai,Tamil Nadu,South,P2001,Accessories Product 2001,Electronics,Accessories,3,63975.38,0.2,153540.91,Cash on Delivery,Completed,Returning
O103638,2025-05-28,C1136,Customer 1136,Male,22,New Delhi,Delhi,North,P2056,Fitness Product 2056,Sports,Fitness,2,65159.96,0.05,123803.92,Debit Card,Completed,New
O103639,2025-12-21,C1201,Customer 1201,Male,50,Cuttack,Odisha,East,P2004,Kitchen Product 2004,Home & Kitchen,Kitchen,2,1952.63,0.15,3319.47,UPI,Completed,Returning
O103640,2025-08-24,C1250,Customer 1250,Male,46,Noida,Uttar Pradesh,North,P2030,Men Product 2030,Fashion,Men,2,64551.14,0.1,116192.05,Credit Card,Completed,Returning
O103641,2025-04-15,C1314,Customer 1314,Male,39,Jaipur,Rajasthan,North,P2012,Fitness Product 2012,Sports,Fitness,1,70788.11,0,70788.11,UPI,Completed,Returning
O103642,2026-04-19,C1357,Customer 1357,Female,29,Bhubaneswar,Odisha,East,P2035,Mobiles Product 2035,Electronics,Mobiles,1,38973.06,0.1,35075.75,UPI,Completed,Returning
O103643,2026-01-31,C1368,Customer 1368,Female,51,Thrissur,Kerala,South,P2077,Men Product 2077,Fashion,Men,2,32487.3,0.1,58477.14,Credit Card,Completed,Returning
O103644,2026-03-22,C1429,Customer 1429,Male,23,Noida,Uttar Pradesh,North,P2052,Laptops Product 2052,Electronics,Laptops,1,54024.37,0.2,43219.5,Net Banking,Completed,Returning
O103645,2026-08-29,C1318,Customer 1318,Male,32,Kozhikode,Kerala,South,P2031,Makeup Product 2031,Beauty,Makeup,2,36193.87,0,72387.74,Net Banking,Completed,Returning
O103646,2025-08-08,C1295,Customer 1295,Female,27,Ahmedabad,Gujarat,West,P2087,Kitchen Product 2087,Home & Kitchen,Kitchen,1,43974.9,0.05,41776.16,UPI,Completed,Returning
O103647,2026-03-18,C1480,Customer 1480,Female,54,Kozhikode,Kerala,South,P2068,Furniture Product 2068,Home & Kitchen,Furniture,1,37073.16,0.15,31512.19,Credit Card,Cancelled,Returning
O103648,2025-01-28,C1314,Customer 1314,Male,39,Jaipur,Rajasthan,North,P2052,Laptops Product 2052,Electronics,Laptops,1,54024.37,0,54024.37,UPI,Completed,New
O103649,2026-04-20,C1500,Customer 1500,Female,37,Ahmedabad,Gujarat,West,P2080,Mobiles Product 2080,Electronics,Mobiles,1,26947.88,0,26947.88,UPI,Completed,Returning
O103650,2025-11-01,C1209,Customer 1209,Female,55,Ahmedabad,Gujarat,West,P2007,Mobiles Product 2007,Electronics,Mobiles,4,70839.48,0,283357.92,UPI,Completed,Returning
O103651,2026-02-09,C1355,Customer 1355,Female,56,New Delhi,Delhi,North,P2022,Outdoor Product 2022,Sports,Outdoor,1,34818.67,0.1,31336.8,Debit Card,Completed,Returning
O103652,2026-05-28,C1485,Customer 1485,Male,29,Pune,Maharashtra,West,P2093,Furniture Product 2093,Home & Kitchen,Furniture,3,15378.45,0.05,43828.58,Cash on Delivery,Completed,Returning
O103653,2026-05-17,C1211,Customer 1211,Male,35,Jodhpur,Rajasthan,North,P2075,Laptops Product 2075,Electronics,Laptops,2,5790.21,0.1,10422.38,UPI,Completed,Returning
O103654,2025-12-14,C1192,Customer 1192,Male,55,Hyderabad,Telangana,South,P2056,Fitness Product 2056,Sports,Fitness,3,65159.96,0.25,146609.91,Credit Card,Completed,Returning
O103655,2025-08-28,C1044,Customer 1044,Female,42,Patna,Bihar,East,P2097,Footwear Product 2097,Fashion,Footwear,1,70862.68,0.15,60233.28,UPI,Cancelled,Returning
O103656,2026-07-24,C1029,Customer 1029,Female,32,Hyderabad,Telangana,South,P2058,Women Product 2058,Fashion,Women,4,74077.42,0.05,281494.2,Cash on Delivery,Returned,Returning
O103657,2025-12-03,C1059,Customer 1059,Male,49,Patna,Bihar,East,P2093,Furniture Product 2093,Home & Kitchen,Furniture,1,15378.45,0.1,13840.61,UPI,Completed,Returning
O103658,2025-01-26,C1071,Customer 1071,Female,45,Madurai,Tamil Nadu,South,P2064,Furniture Product 2064,Home & Kitchen,Furniture,2,47477.55,0,94955.1,Debit Card,Completed,New
O103659,2026-02-13,C1092,Customer 1092,Female,41,Chennai,Tamil Nadu,South,P2012,Fitness Product 2012,Sports,Fitness,1,70788.11,0,70788.11,Cash on Delivery,Completed,Returning
O103660,2025-03-18,C1265,Customer 1265,Male,32,Noida,Uttar Pradesh,North,P2007,Mobiles Product 2007,Electronics,Mobiles,1,70839.48,0.05,67297.51,UPI,Completed,Returning
O103661,2025-08-05,C1383,Customer 1383,Female,42,Jodhpur,Rajasthan,North,P2055,Accessories Product 2055,Electronics,Accessories,2,15507.3,0.05,29463.87,Debit Card,Cancelled,Returning
O103662,2025-11-24,C1220,Customer 1220,Male,30,New Delhi,Delhi,North,P2062,Makeup Product 2062,Beauty,Makeup,2,20979.04,0.1,37762.27,UPI,Cancelled,Returning
O103663,2025-01-23,C1390,Customer 1390,Male,58,Mangaluru,Karnataka,South,P2090,Men Product 2090,Fashion,Men,1,43634.38,0.2,34907.5,Net Banking,Returned,New
O103664,2025-11-06,C1413,Customer 1413,Female,39,Patna,Bihar,East,P2073,Mobiles Product 2073,Electronics,Mobiles,1,58078.44,0.2,46462.75,UPI,Completed,Returning
O103665,2026-08-22,C1442,Customer 1442,Female,41,Pune,Maharashtra,West,P2098,Women Product 2098,Fashion,Women,2,18537.8,0,37075.6,Cash on Delivery,Completed,Returning
O103666,2025-09-24,C1401,Customer 1401,Female,52,Warangal,Telangana,South,P2077,Men Product 2077,Fashion,Men,2,32487.3,0.1,58477.14,Cash on Delivery,Completed,Returning
O103667,2026-02-19,C1400,Customer 1400,Male,57,Patna,Bihar,East,P2055,Accessories Product 2055,Electronics,Accessories,1,15507.3,0,15507.3,Debit Card,Returned,Returning
O103668,2025-09-24,C1215,Customer 1215,Male,50,Kolkata,West Bengal,East,P2036,Mobiles Product 2036,Electronics,Mobiles,4,6463.39,0.1,23268.2,Credit Card,Completed,Returning
O103669,2025-11-29,C1479,Customer 1479,Male,57,Salem,Tamil Nadu,South,P2089,Women Product 2089,Fashion,Women,4,71400.34,0,285601.36,Net Banking,Completed,Returning
O103670,2026-03-26,C1387,Customer 1387,Male,33,Hyderabad,Telangana,South,P2024,Men Product 2024,Fashion,Men,3,15279.2,0.2,36670.08,UPI,Returned,Returning
O103671,2026-07-19,C1277,Customer 1277,Male,55,Cuttack,Odisha,East,P2044,Makeup Product 2044,Beauty,Makeup,3,61167.44,0.2,146801.86,UPI,Completed,Returning
O103672,2025-09-04,C1064,Customer 1064,Male,49,Hyderabad,Telangana,South,P2017,Appliances Product 2017,Home & Kitchen,Appliances,1,35523.47,0,35523.47,UPI,Completed,Returning
O103673,2025-02-05,C1346,Customer 1346,Male,47,Udaipur,Rajasthan,North,P2002,Sportswear Product 2002,Sports,Sportswear,5,72675.18,0.15,308869.51,Debit Card,Completed,New
O103674,2026-02-05,C1292,Customer 1292,Male,29,Chennai,Tamil Nadu,South,P2013,Appliances Product 2013,Home & Kitchen,Appliances,1,72349.68,0.1,65114.71,Net Banking,Completed,Returning
O103675,2025-01-28,C1490,Customer 1490,Male,45,Salem,Tamil Nadu,South,P2031,Makeup Product 2031,Beauty,Makeup,1,36193.87,0.1,32574.48,Cash on Delivery,Completed,Returning
O103676,2025-08-08,C1485,Customer 1485,Male,29,Pune,Maharashtra,West,P2093,Furniture Product 2093,Home & Kitchen,Furniture,3,15378.45,0.1,41521.82,Debit Card,Completed,Returning
O103677,2026-02-10,C1245,Customer 1245,Male,55,Mumbai,Maharashtra,West,P2028,Furniture Product 2028,Home & Kitchen,Furniture,1,29619.27,0.15,25176.38,Debit Card,Completed,Returning
O103678,2025-09-28,C1470,Customer 1470,Female,33,Coimbatore,Tamil Nadu,South,P2060,Women Product 2060,Fashion,Women,2,54476.75,0.2,87162.8,Cash on Delivery,Completed,Returning
O103679,2026-05-26,C1062,Customer 1062,Male,35,Kolkata,West Bengal,East,P2027,Kitchen Product 2027,Home & Kitchen,Kitchen,1,11473.67,0.15,9752.62,Cash on Delivery,Returned,Returning
O103680,2025-10-13,C1426,Customer 1426,Male,27,Bengaluru,Karnataka,South,P2015,Furniture Product 2015,Home & Kitchen,Furniture,1,17477.61,0.1,15729.85,Credit Card,Completed,Returning
O103681,2026-03-30,C1332,Customer 1332,Male,30,Kochi,Kerala,South,P2095,Skincare Product 2095,Beauty,Skincare,2,33448.14,0.15,56861.84,UPI,Completed,Returning
O103682,2025-11-13,C1170,Customer 1170,Female,54,Lucknow,Uttar Pradesh,North,P2079,Laptops Product 2079,Electronics,Laptops,1,12821.16,0.25,9615.87,Credit Card,Completed,Returning
O103683,2026-08-13,C1445,Customer 1445,Female,20,Lucknow,Uttar Pradesh,North,P2033,Footwear Product 2033,Fashion,Footwear,1,37566.95,0.05,35688.6,Credit Card,Completed,Returning
O103684,2025-10-24,C1269,Customer 1269,Male,57,Kolkata,West Bengal,East,P2020,Footwear Product 2020,Fashion,Footwear,2,47078.66,0,94157.32,Debit Card,Completed,Returning
O103685,2025-12-04,C1267,Customer 1267,Female,44,Warangal,Telangana,South,P2042,Sportswear Product 2042,Sports,Sportswear,1,46086.93,0.15,39173.89,Cash on Delivery,Completed,Returning
O103686,2025-11-03,C1054,Customer 1054,Female,24,Bengaluru,Karnataka,South,P2012,Fitness Product 2012,Sports,Fitness,1,70788.11,0.25,53091.08,Cash on Delivery,Completed,Returning
O103687,2026-03-04,C1016,Customer 1016,Male,46,Bhubaneswar,Odisha,East,P2073,Mobiles Product 2073,Electronics,Mobiles,4,58078.44,0,232313.76,Credit Card,Completed,Returning
O103688,2025-12-17,C1008,Customer 1008,Male,50,Kozhikode,Kerala,South,P2023,Accessories Product 2023,Electronics,Accessories,1,9651.38,0.1,8686.24,UPI,Completed,Returning
O103689,2026-05-26,C1104,Customer 1104,Female,58,Patna,Bihar,East,P2072,Outdoor Product 2072,Sports,Outdoor,3,64391.57,0,193174.71,UPI,Completed,Returning
O103690,2026-06-09,C1059,Customer 1059,Male,49,Patna,Bihar,East,P2096,Outdoor Product 2096,Sports,Outdoor,1,19371.4,0.15,16465.69,UPI,Completed,Returning
O103691,2026-05-07,C1313,Customer 1313,Female,52,Chennai,Tamil Nadu,South,P2014,Skincare Product 2014,Beauty,Skincare,1,73803.13,0.2,59042.5,Credit Card,Completed,Returning
O103692,2026-08-17,C1040,Customer 1040,Male,47,New Delhi,Delhi,North,P2091,Accessories Product 2091,Electronics,Accessories,1,36816.84,0.1,33135.16,Cash on Delivery,Completed,Returning
O103693,2025-01-09,C1237,Customer 1237,Female,38,Thrissur,Kerala,South,P2025,Footwear Product 2025,Fashion,Footwear,1,48968.5,0.05,46520.08,Credit Card,Completed,New
O103694,2026-05-12,C1443,Customer 1443,Male,40,Kolkata,West Bengal,East,P2077,Men Product 2077,Fashion,Men,1,32487.3,0.2,25989.84,Credit Card,Cancelled,Returning
O103695,2026-07-14,C1386,Customer 1386,Female,40,Kochi,Kerala,South,P2085,Fitness Product 2085,Sports,Fitness,1,48108.22,0,48108.22,UPI,Completed,Returning
O103696,2026-07-15,C1094,Customer 1094,Female,33,Noida,Uttar Pradesh,North,P2031,Makeup Product 2031,Beauty,Makeup,1,36193.87,0.2,28955.1,Credit Card,Completed,Returning
O103697,2026-03-16,C1222,Customer 1222,Male,31,Cuttack,Odisha,East,P2054,Accessories Product 2054,Electronics,Accessories,1,51113.05,0.05,48557.4,Cash on Delivery,Completed,Returning
O103698,2026-07-06,C1204,Customer 1204,Male,24,Warangal,Telangana,South,P2005,Appliances Product 2005,Home & Kitchen,Appliances,2,61463.29,0.1,110633.92,Net Banking,Completed,Returning
O103699,2025-04-18,C1138,Customer 1138,Male,52,Jodhpur,Rajasthan,North,P2013,Appliances Product 2013,Home & Kitchen,Appliances,4,72349.68,0.1,260458.85,UPI,Completed,Returning
O103700,2025-09-02,C1300,Customer 1300,Female,27,Salem,Tamil Nadu,South,P2028,Furniture Product 2028,Home & Kitchen,Furniture,1,29619.27,0.1,26657.34,Net Banking,Completed,Returning
O103701,2025-09-12,C1395,Customer 1395,Male,37,Kolkata,West Bengal,East,P2043,Furniture Product 2043,Home & Kitchen,Furniture,2,47010.26,0.2,75216.42,UPI,Completed,Returning
O103702,2025-02-02,C1207,Customer 1207,Female,44,New Delhi,Delhi,North,P2089,Women Product 2089,Fashion,Women,2,71400.34,0.25,107100.51,Debit Card,Cancelled,Returning
O103703,2025-01-23,C1336,Customer 1336,Female,41,Jodhpur,Rajasthan,North,P2099,Sportswear Product 2099,Sports,Sportswear,2,42924.55,0.15,72971.74,UPI,Returned,New
O103704,2026-07-20,C1081,Customer 1081,Male,20,Mysuru,Karnataka,South,P2047,Laptops Product 2047,Electronics,Laptops,3,6397.76,0,19193.28,Debit Card,Returned,Returning
O103705,2025-02-18,C1218,Customer 1218,Male,42,Noida,Uttar Pradesh,North,P2071,Mobiles Product 2071,Electronics,Mobiles,4,29513.79,0.05,112152.4,UPI,Completed,New
O103706,2026-04-07,C1002,Customer 1002,Female,51,Ahmedabad,Gujarat,West,P2038,Accessories Product 2038,Electronics,Accessories,1,15304.17,0.1,13773.75,Debit Card,Cancelled,Returning
O103707,2026-08-13,C1178,Customer 1178,Male,56,Mysuru,Karnataka,South,P2096,Outdoor Product 2096,Sports,Outdoor,2,19371.4,0.2,30994.24,Debit Card,Completed,Returning
O103708,2025-12-02,C1396,Customer 1396,Female,49,Bengaluru,Karnataka,South,P2067,Laptops Product 2067,Electronics,Laptops,2,38592.36,0.1,69466.25,UPI,Completed,Returning
O103709,2025-12-24,C1371,Customer 1371,Female,50,Cuttack,Odisha,East,P2062,Makeup Product 2062,Beauty,Makeup,1,20979.04,0.25,15734.28,Cash on Delivery,Completed,Returning
O103710,2025-05-02,C1346,Customer 1346,Male,47,Udaipur,Rajasthan,North,P2039,Footwear Product 2039,Fashion,Footwear,1,15251.22,0.25,11438.42,UPI,Completed,Returning
O103711,2026-03-20,C1279,Customer 1279,Male,38,Bhubaneswar,Odisha,East,P2037,Haircare Product 2037,Beauty,Haircare,4,29950.17,0.1,107820.61,Cash on Delivery,Completed,Returning
O103712,2025-12-25,C1146,Customer 1146,Male,54,Salem,Tamil Nadu,South,P2086,Mobiles Product 2086,Electronics,Mobiles,3,70060.46,0.2,168145.1,Credit Card,Completed,Returning
O103713,2026-08-25,C1318,Customer 1318,Male,32,Kozhikode,Kerala,South,P2008,Mobiles Product 2008,Electronics,Mobiles,1,12522.7,0.25,9392.03,Debit Card,Completed,Returning
O103714,2025-12-12,C1224,Customer 1224,Female,29,Patna,Bihar,East,P2081,Men Product 2081,Fashion,Men,1,63359.53,0.15,53855.6,Debit Card,Completed,Returning
O103715,2025-07-12,C1369,Customer 1369,Male,53,New Delhi,Delhi,North,P2052,Laptops Product 2052,Electronics,Laptops,4,54024.37,0.1,194487.73,UPI,Completed,Returning
O103716,2026-02-20,C1384,Customer 1384,Male,34,Mumbai,Maharashtra,West,P2091,Accessories Product 2091,Electronics,Accessories,1,36816.84,0.15,31294.31,UPI,Completed,Returning
O103717,2026-01-12,C1062,Customer 1062,Male,35,Kolkata,West Bengal,East,P2033,Footwear Product 2033,Fashion,Footwear,2,37566.95,0,75133.9,Credit Card,Completed,Returning
O103718,2026-04-08,C1294,Customer 1294,Female,35,Bhubaneswar,Odisha,East,P2081,Men Product 2081,Fashion,Men,1,63359.53,0.1,57023.58,Net Banking,Completed,Returning
O103719,2025-05-26,C1239,Customer 1239,Male,20,Kanpur,Uttar Pradesh,North,P2042,Sportswear Product 2042,Sports,Sportswear,1,46086.93,0,46086.93,Cash on Delivery,Completed,Returning
O103720,2026-04-23,C1195,Customer 1195,Male,38,Cuttack,Odisha,East,P2076,Laptops Product 2076,Electronics,Laptops,1,33823.68,0,33823.68,UPI,Completed,Returning
O103721,2026-02-12,C1166,Customer 1166,Male,56,Jaipur,Rajasthan,North,P2027,Kitchen Product 2027,Home & Kitchen,Kitchen,1,11473.67,0.2,9178.94,Credit Card,Completed,Returning
O103722,2025-10-13,C1451,Customer 1451,Female,33,Vadodara,Gujarat,West,P2008,Mobiles Product 2008,Electronics,Mobiles,1,12522.7,0.1,11270.43,Debit Card,Cancelled,Returning
O103723,2025-04-21,C1222,Customer 1222,Male,31,Cuttack,Odisha,East,P2023,Accessories Product 2023,Electronics,Accessories,2,9651.38,0.05,18337.62,Credit Card,Completed,Returning
O103724,2025-02-19,C1061,Customer 1061,Male,59,Vadodara,Gujarat,West,P2064,Furniture Product 2064,Home & Kitchen,Furniture,2,47477.55,0.05,90207.34,Cash on Delivery,Completed,Returning
O103725,2025-01-14,C1129,Customer 1129,Female,43,Cuttack,Odisha,East,P2093,Furniture Product 2093,Home & Kitchen,Furniture,1,15378.45,0.25,11533.84,UPI,Completed,New
O103726,2025-05-14,C1478,Customer 1478,Female,37,Cuttack,Odisha,East,P2020,Footwear Product 2020,Fashion,Footwear,2,47078.66,0.2,75325.86,Credit Card,Completed,Returning
O103727,2026-08-11,C1173,Customer 1173,Male,58,Cuttack,Odisha,East,P2016,Mobiles Product 2016,Electronics,Mobiles,2,48979.51,0,97959.02,Debit Card,Completed,Returning
O103728,2026-08-19,C1480,Customer 1480,Female,54,Kozhikode,Kerala,South,P2017,Appliances Product 2017,Home & Kitchen,Appliances,1,35523.47,0.25,26642.6,UPI,Completed,Returning
O103729,2025-12-09,C1156,Customer 1156,Female,60,Vadodara,Gujarat,West,P2080,Mobiles Product 2080,Electronics,Mobiles,1,26947.88,0.05,25600.49,Debit Card,Completed,Returning
O103730,2025-10-13,C1405,Customer 1405,Female,36,Noida,Uttar Pradesh,North,P2019,Accessories Product 2019,Electronics,Accessories,1,34190.91,0.15,29062.27,UPI,Completed,Returning
O103731,2025-11-10,C1378,Customer 1378,Male,20,Bengaluru,Karnataka,South,P2008,Mobiles Product 2008,Electronics,Mobiles,4,12522.7,0.15,42577.18,Credit Card,Completed,Returning
O103732,2026-08-29,C1110,Customer 1110,Male,29,Kanpur,Uttar Pradesh,North,P2038,Accessories Product 2038,Electronics,Accessories,2,15304.17,0.2,24486.67,Debit Card,Completed,Returning
O103733,2025-10-24,C1269,Customer 1269,Male,57,Kolkata,West Bengal,East,P2038,Accessories Product 2038,Electronics,Accessories,1,15304.17,0.2,12243.34,UPI,Returned,Returning
O103734,2026-08-29,C1411,Customer 1411,Male,29,Kolkata,West Bengal,East,P2053,Mobiles Product 2053,Electronics,Mobiles,2,37147.78,0.05,70580.78,UPI,Completed,Returning
O103735,2026-07-23,C1356,Customer 1356,Male,29,Jaipur,Rajasthan,North,P2093,Furniture Product 2093,Home & Kitchen,Furniture,1,15378.45,0.1,13840.61,Cash on Delivery,Completed,Returning
O103736,2025-06-13,C1391,Customer 1391,Male,57,Salem,Tamil Nadu,South,P2100,Mobiles Product 2100,Electronics,Mobiles,1,51807.65,0.05,49217.27,Cash on Delivery,Completed,Returning
O103737,2026-05-12,C1278,Customer 1278,Female,54,Salem,Tamil Nadu,South,P2090,Men Product 2090,Fashion,Men,1,43634.38,0.1,39270.94,Cash on Delivery,Completed,Returning
O103738,2025-01-16,C1074,Customer 1074,Female,31,Mumbai,Maharashtra,West,P2031,Makeup Product 2031,Beauty,Makeup,2,36193.87,0.1,65148.97,Cash on Delivery,Completed,Returning
O103739,2025-12-10,C1487,Customer 1487,Male,36,New Delhi,Delhi,North,P2044,Makeup Product 2044,Beauty,Makeup,1,61167.44,0.05,58109.07,UPI,Completed,Returning
O103740,2025-03-19,C1437,Customer 1437,Female,38,Jaipur,Rajasthan,North,P2060,Women Product 2060,Fashion,Women,3,54476.75,0.1,147087.22,UPI,Completed,Returning
O103741,2025-12-12,C1463,Customer 1463,Female,54,New Delhi,Delhi,North,P2076,Laptops Product 2076,Electronics,Laptops,1,33823.68,0,33823.68,UPI,Completed,Returning
O103742,2025-03-13,C1207,Customer 1207,Female,44,New Delhi,Delhi,North,P2017,Appliances Product 2017,Home & Kitchen,Appliances,1,35523.47,0.1,31971.12,Cash on Delivery,Completed,Returning
O103743,2025-09-27,C1388,Customer 1388,Male,21,Patna,Bihar,East,P2079,Laptops Product 2079,Electronics,Laptops,5,12821.16,0.15,54489.93,Net Banking,Completed,Returning
O103744,2025-10-14,C1480,Customer 1480,Female,54,Kozhikode,Kerala,South,P2073,Mobiles Product 2073,Electronics,Mobiles,2,58078.44,0.1,104541.19,Debit Card,Completed,Returning
O103745,2025-03-07,C1279,Customer 1279,Male,38,Bhubaneswar,Odisha,East,P2039,Footwear Product 2039,Fashion,Footwear,3,15251.22,0.25,34315.24,Cash on Delivery,Completed,New
O103746,2025-03-09,C1375,Customer 1375,Male,53,Surat,Gujarat,West,P2042,Sportswear Product 2042,Sports,Sportswear,3,46086.93,0,138260.79,Debit Card,Completed,Returning
O103747,2025-07-12,C1326,Customer 1326,Female,49,Mysuru,Karnataka,South,P2048,Accessories Product 2048,Electronics,Accessories,4,48876.98,0.1,175957.13,UPI,Completed,Returning
O103748,2025-02-24,C1472,Customer 1472,Female,21,Mumbai,Maharashtra,West,P2012,Fitness Product 2012,Sports,Fitness,1,70788.11,0.1,63709.3,UPI,Completed,New
O103749,2026-01-14,C1340,Customer 1340,Female,53,Kolkata,West Bengal,East,P2096,Outdoor Product 2096,Sports,Outdoor,1,19371.4,0,19371.4,UPI,Completed,Returning
O103750,2025-06-17,C1357,Customer 1357,Female,29,Bhubaneswar,Odisha,East,P2089,Women Product 2089,Fashion,Women,3,71400.34,0.05,203490.97,UPI,Completed,Returning
O103751,2026-02-13,C1340,Customer 1340,Female,53,Kolkata,West Bengal,East,P2018,Women Product 2018,Fashion,Women,2,15516.48,0.2,24826.37,Credit Card,Completed,Returning
O103752,2026-05-23,C1204,Customer 1204,Male,24,Warangal,Telangana,South,P2079,Laptops Product 2079,Electronics,Laptops,2,12821.16,0.1,23078.09,Net Banking,Completed,Returning
O103753,2026-06-21,C1161,Customer 1161,Male,55,New Delhi,Delhi,North,P2096,Outdoor Product 2096,Sports,Outdoor,1,19371.4,0.1,17434.26,UPI,Completed,Returning
O103754,2025-04-12,C1028,Customer 1028,Female,43,Jaipur,Rajasthan,North,P2006,Accessories Product 2006,Electronics,Accessories,1,33608.93,0.05,31928.48,Debit Card,Completed,Returning
O103755,2026-02-26,C1392,Customer 1392,Male,53,Pune,Maharashtra,West,P2043,Furniture Product 2043,Home & Kitchen,Furniture,2,47010.26,0.2,75216.42,Credit Card,Completed,Returning
O103756,2026-04-23,C1257,Customer 1257,Male,47,Lucknow,Uttar Pradesh,North,P2035,Mobiles Product 2035,Electronics,Mobiles,1,38973.06,0.05,37024.41,Cash on Delivery,Completed,Returning
O103757,2025-04-30,C1165,Customer 1165,Female,29,Warangal,Telangana,South,P2098,Women Product 2098,Fashion,Women,1,18537.8,0.2,14830.24,Net Banking,Completed,Returning
O103758,2025-10-18,C1063,Customer 1063,Male,32,Ahmedabad,Gujarat,West,P2054,Accessories Product 2054,Electronics,Accessories,1,51113.05,0.05,48557.4,Cash on Delivery,Completed,Returning
O103759,2026-05-03,C1022,Customer 1022,Male,28,Coimbatore,Tamil Nadu,South,P2062,Makeup Product 2062,Beauty,Makeup,1,20979.04,0.1,18881.14,Credit Card,Completed,Returning
O103760,2025-06-10,C1070,Customer 1070,Female,56,Patna,Bihar,East,P2069,Mobiles Product 2069,Electronics,Mobiles,3,33564.3,0,100692.9,UPI,Completed,Returning
O103761,2025-03-19,C1381,Customer 1381,Female,49,Jaipur,Rajasthan,North,P2082,Makeup Product 2082,Beauty,Makeup,2,65159.86,0.15,110771.76,Credit Card,Completed,Returning
O103762,2025-02-07,C1405,Customer 1405,Female,36,Noida,Uttar Pradesh,North,P2016,Mobiles Product 2016,Electronics,Mobiles,1,48979.51,0.15,41632.58,UPI,Completed,New
O103763,2026-01-29,C1096,Customer 1096,Female,24,Kanpur,Uttar Pradesh,North,P2008,Mobiles Product 2008,Electronics,Mobiles,1,12522.7,0.1,11270.43,Credit Card,Completed,Returning
O103764,2026-03-17,C1163,Customer 1163,Female,40,Warangal,Telangana,South,P2089,Women Product 2089,Fashion,Women,2,71400.34,0,142800.68,UPI,Completed,Returning
O103765,2026-06-24,C1079,Customer 1079,Male,44,Salem,Tamil Nadu,South,P2096,Outdoor Product 2096,Sports,Outdoor,1,19371.4,0.1,17434.26,Credit Card,Completed,Returning
O103766,2026-04-07,C1005,Customer 1005,Male,22,New Delhi,Delhi,North,P2090,Men Product 2090,Fashion,Men,3,43634.38,0.05,124357.98,Cash on Delivery,Returned,Returning
O103767,2025-10-21,C1316,Customer 1316,Female,47,Cuttack,Odisha,East,P2086,Mobiles Product 2086,Electronics,Mobiles,3,70060.46,0.05,199672.31,UPI,Cancelled,Returning
O103768,2026-02-04,C1120,Customer 1120,Male,23,Cuttack,Odisha,East,P2031,Makeup Product 2031,Beauty,Makeup,3,36193.87,0.2,86865.29,Cash on Delivery,Completed,Returning
O103769,2025-04-02,C1302,Customer 1302,Male,55,Chennai,Tamil Nadu,South,P2010,Sportswear Product 2010,Sports,Sportswear,2,51133.3,0.15,86926.61,UPI,Completed,Returning
O103770,2025-01-06,C1178,Customer 1178,Male,56,Mysuru,Karnataka,South,P2056,Fitness Product 2056,Sports,Fitness,1,65159.96,0.05,61901.96,UPI,Completed,New
O103771,2025-09-28,C1176,Customer 1176,Female,42,Warangal,Telangana,South,P2076,Laptops Product 2076,Electronics,Laptops,2,33823.68,0.25,50735.52,Credit Card,Completed,Returning
O103772,2026-07-13,C1390,Customer 1390,Male,58,Mangaluru,Karnataka,South,P2092,Footwear Product 2092,Fashion,Footwear,1,2539.03,0.2,2031.22,Net Banking,Completed,Returning
O103773,2025-04-09,C1217,Customer 1217,Female,54,Bengaluru,Karnataka,South,P2070,Men Product 2070,Fashion,Men,1,49797.81,0.1,44818.03,Debit Card,Completed,Returning
O103774,2026-06-10,C1056,Customer 1056,Female,23,New Delhi,Delhi,North,P2020,Footwear Product 2020,Fashion,Footwear,1,47078.66,0.1,42370.79,Debit Card,Completed,Returning
O103775,2025-07-13,C1366,Customer 1366,Male,20,New Delhi,Delhi,North,P2005,Appliances Product 2005,Home & Kitchen,Appliances,1,61463.29,0.2,49170.63,UPI,Completed,Returning
O103776,2025-06-06,C1187,Customer 1187,Female,39,New Delhi,Delhi,North,P2023,Accessories Product 2023,Electronics,Accessories,1,9651.38,0.1,8686.24,UPI,Completed,Returning
O103777,2025-04-25,C1232,Customer 1232,Female,21,Madurai,Tamil Nadu,South,P2009,Skincare Product 2009,Beauty,Skincare,1,22588.57,0.1,20329.71,UPI,Completed,Returning
O103778,2026-01-31,C1255,Customer 1255,Male,22,New Delhi,Delhi,North,P2058,Women Product 2058,Fashion,Women,2,74077.42,0.15,125931.61,Credit Card,Completed,Returning
O103779,2026-06-06,C1413,Customer 1413,Female,39,Patna,Bihar,East,P2059,Mobiles Product 2059,Electronics,Mobiles,5,38695.49,0.05,183803.58,Cash on Delivery,Completed,Returning
O103780,2025-08-02,C1455,Customer 1455,Male,45,Mumbai,Maharashtra,West,P2093,Furniture Product 2093,Home & Kitchen,Furniture,1,15378.45,0.2,12302.76,Cash on Delivery,Completed,Returning
O103781,2026-06-17,C1104,Customer 1104,Female,58,Patna,Bihar,East,P2080,Mobiles Product 2080,Electronics,Mobiles,2,26947.88,0.1,48506.18,UPI,Completed,Returning
O103782,2025-01-15,C1077,Customer 1077,Female,53,Cuttack,Odisha,East,P2054,Accessories Product 2054,Electronics,Accessories,1,51113.05,0.1,46001.74,Debit Card,Completed,Returning
O103783,2026-02-23,C1230,Customer 1230,Male,28,New Delhi,Delhi,North,P2046,Appliances Product 2046,Home & Kitchen,Appliances,4,3344.33,0,13377.32,Debit Card,Completed,Returning
O103784,2026-01-03,C1402,Customer 1402,Female,43,Nagpur,Maharashtra,West,P2022,Outdoor Product 2022,Sports,Outdoor,1,34818.67,0.05,33077.74,UPI,Completed,Returning
O103785,2025-08-01,C1258,Customer 1258,Female,39,Mumbai,Maharashtra,West,P2064,Furniture Product 2064,Home & Kitchen,Furniture,3,47477.55,0.1,128189.39,Credit Card,Completed,Returning
O103786,2025-01-05,C1264,Customer 1264,Male,22,Kolkata,West Bengal,East,P2008,Mobiles Product 2008,Electronics,Mobiles,1,12522.7,0.05,11896.56,Credit Card,Completed,New
O103787,2025-08-19,C1331,Customer 1331,Male,51,Vadodara,Gujarat,West,P2020,Footwear Product 2020,Fashion,Footwear,3,47078.66,0.15,120050.58,Debit Card,Completed,Returning
O103788,2025-07-20,C1481,Customer 1481,Female,34,Pune,Maharashtra,West,P2051,Makeup Product 2051,Beauty,Makeup,1,3561.53,0.05,3383.45,UPI,Completed,Returning
O103789,2026-02-06,C1182,Customer 1182,Male,44,Kolkata,West Bengal,East,P2078,Accessories Product 2078,Electronics,Accessories,1,71159.18,0,71159.18,Cash on Delivery,Completed,Returning
O103790,2025-05-29,C1381,Customer 1381,Female,49,Jaipur,Rajasthan,North,P2039,Footwear Product 2039,Fashion,Footwear,1,15251.22,0.1,13726.1,Credit Card,Completed,Returning
O103791,2026-08-07,C1256,Customer 1256,Male,32,Mumbai,Maharashtra,West,P2037,Haircare Product 2037,Beauty,Haircare,1,29950.17,0.1,26955.15,UPI,Completed,Returning
O103792,2026-05-07,C1038,Customer 1038,Male,42,Nagpur,Maharashtra,West,P2050,Fitness Product 2050,Sports,Fitness,3,13904.21,0,41712.63,UPI,Completed,Returning
O103793,2025-08-14,C1176,Customer 1176,Female,42,Warangal,Telangana,South,P2034,Men Product 2034,Fashion,Men,2,42105.76,0,84211.52,Net Banking,Completed,Returning
O103794,2026-08-09,C1027,Customer 1027,Female,44,Ahmedabad,Gujarat,West,P2075,Laptops Product 2075,Electronics,Laptops,1,5790.21,0.2,4632.17,Debit Card,Completed,Returning
O103795,2025-06-18,C1276,Customer 1276,Female,56,Mangaluru,Karnataka,South,P2033,Footwear Product 2033,Fashion,Footwear,5,37566.95,0,187834.75,Debit Card,Completed,Returning
O103796,2025-06-01,C1140,Customer 1140,Male,29,Kozhikode,Kerala,South,P2031,Makeup Product 2031,Beauty,Makeup,1,36193.87,0.2,28955.1,UPI,Completed,New
O103797,2025-08-12,C1299,Customer 1299,Male,47,Nagpur,Maharashtra,West,P2054,Accessories Product 2054,Electronics,Accessories,4,51113.05,0.05,194229.59,UPI,Completed,Returning
O103798,2026-05-19,C1445,Customer 1445,Female,20,Lucknow,Uttar Pradesh,North,P2044,Makeup Product 2044,Beauty,Makeup,1,61167.44,0.1,55050.7,Credit Card,Completed,Returning
O103799,2026-07-04,C1287,Customer 1287,Male,22,Jodhpur,Rajasthan,North,P2034,Men Product 2034,Fashion,Men,4,42105.76,0,168423.04,UPI,Completed,Returning
O103800,2025-02-13,C1091,Customer 1091,Female,56,Hyderabad,Telangana,South,P2071,Mobiles Product 2071,Electronics,Mobiles,1,29513.79,0.15,25086.72,Debit Card,Completed,New
O103801,2026-05-19,C1480,Customer 1480,Female,54,Kozhikode,Kerala,South,P2062,Makeup Product 2062,Beauty,Makeup,2,20979.04,0,41958.08,UPI,Returned,Returning
O103802,2025-08-29,C1061,Customer 1061,Male,59,Vadodara,Gujarat,West,P2023,Accessories Product 2023,Electronics,Accessories,1,9651.38,0.05,9168.81,UPI,Cancelled,Returning
O103803,2025-12-17,C1458,Customer 1458,Female,36,Nagpur,Maharashtra,West,P2046,Appliances Product 2046,Home & Kitchen,Appliances,2,3344.33,0.05,6354.23,UPI,Completed,Returning
O103804,2025-01-23,C1451,Customer 1451,Female,33,Vadodara,Gujarat,West,P2056,Fitness Product 2056,Sports,Fitness,2,65159.96,0.15,110771.93,Credit Card,Completed,Returning
O103805,2026-08-21,C1365,Customer 1365,Male,23,Patna,Bihar,East,P2007,Mobiles Product 2007,Electronics,Mobiles,1,70839.48,0.2,56671.58,Net Banking,Completed,Returning
O103806,2025-02-12,C1347,Customer 1347,Male,36,Patna,Bihar,East,P2089,Women Product 2089,Fashion,Women,5,71400.34,0.05,339151.61,Net Banking,Completed,New
O103807,2026-04-11,C1163,Customer 1163,Female,40,Warangal,Telangana,South,P2061,Women Product 2061,Fashion,Women,5,44949.95,0.05,213512.26,Net Banking,Completed,Returning
O103808,2025-02-09,C1351,Customer 1351,Female,57,Madurai,Tamil Nadu,South,P2003,Makeup Product 2003,Beauty,Makeup,4,44701.37,0.15,151984.66,Debit Card,Completed,Returning
O103809,2025-10-30,C1143,Customer 1143,Female,31,Udaipur,Rajasthan,North,P2038,Accessories Product 2038,Electronics,Accessories,5,15304.17,0.2,61216.68,UPI,Completed,Returning
O103810,2025-06-24,C1400,Customer 1400,Male,57,Patna,Bihar,East,P2084,Fitness Product 2084,Sports,Fitness,3,39978.36,0.1,107941.57,Debit Card,Completed,Returning
O103811,2026-06-16,C1253,Customer 1253,Female,38,Udaipur,Rajasthan,North,P2034,Men Product 2034,Fashion,Men,5,42105.76,0.2,168423.04,UPI,Completed,Returning
O103812,2026-04-06,C1269,Customer 1269,Male,57,Kolkata,West Bengal,East,P2044,Makeup Product 2044,Beauty,Makeup,3,61167.44,0.05,174327.2,Net Banking,Completed,Returning
O103813,2025-07-12,C1369,Customer 1369,Male,53,New Delhi,Delhi,North,P2030,Men Product 2030,Fashion,Men,1,64551.14,0,64551.14,Net Banking,Completed,Returning
O103814,2025-09-01,C1291,Customer 1291,Male,31,New Delhi,Delhi,North,P2017,Appliances Product 2017,Home & Kitchen,Appliances,3,35523.47,0,106570.41,Debit Card,Completed,Returning
O103815,2025-10-07,C1500,Customer 1500,Female,37,Ahmedabad,Gujarat,West,P2059,Mobiles Product 2059,Electronics,Mobiles,4,38695.49,0.1,139303.76,UPI,Completed,Returning
O103816,2025-02-05,C1459,Customer 1459,Male,45,Cuttack,Odisha,East,P2010,Sportswear Product 2010,Sports,Sportswear,2,51133.3,0.05,97153.27,Cash on Delivery,Returned,New
O103817,2026-07-11,C1187,Customer 1187,Female,39,New Delhi,Delhi,North,P2099,Sportswear Product 2099,Sports,Sportswear,1,42924.55,0,42924.55,Net Banking,Returned,Returning
O103818,2026-06-24,C1405,Customer 1405,Female,36,Noida,Uttar Pradesh,North,P2084,Fitness Product 2084,Sports,Fitness,1,39978.36,0.05,37979.44,Debit Card,Completed,Returning
O103819,2025-06-03,C1499,Customer 1499,Male,60,Surat,Gujarat,West,P2018,Women Product 2018,Fashion,Women,3,15516.48,0.1,41894.5,UPI,Completed,Returning
O103820,2025-01-23,C1438,Customer 1438,Female,40,Pune,Maharashtra,West,P2045,Laptops Product 2045,Electronics,Laptops,4,61352.14,0,245408.56,Credit Card,Completed,Returning
O103821,2025-04-01,C1459,Customer 1459,Male,45,Cuttack,Odisha,East,P2091,Accessories Product 2091,Electronics,Accessories,1,36816.84,0,36816.84,UPI,Completed,Returning
O103822,2026-01-25,C1414,Customer 1414,Male,43,New Delhi,Delhi,North,P2059,Mobiles Product 2059,Electronics,Mobiles,1,38695.49,0.2,30956.39,Credit Card,Completed,Returning
O103823,2025-12-25,C1304,Customer 1304,Female,27,Kanpur,Uttar Pradesh,North,P2062,Makeup Product 2062,Beauty,Makeup,1,20979.04,0.05,19930.09,Debit Card,Completed,Returning
O103824,2026-07-04,C1291,Customer 1291,Male,31,New Delhi,Delhi,North,P2059,Mobiles Product 2059,Electronics,Mobiles,2,38695.49,0.05,73521.43,Cash on Delivery,Completed,Returning
O103825,2025-08-16,C1086,Customer 1086,Male,48,Kolkata,West Bengal,East,P2049,Appliances Product 2049,Home & Kitchen,Appliances,1,16675.28,0.15,14173.99,UPI,Completed,Returning
O103826,2025-07-21,C1166,Customer 1166,Male,56,Jaipur,Rajasthan,North,P2100,Mobiles Product 2100,Electronics,Mobiles,2,51807.65,0.2,82892.24,Debit Card,Completed,Returning
O103827,2025-12-16,C1415,Customer 1415,Male,24,Chennai,Tamil Nadu,South,P2063,Women Product 2063,Fashion,Women,4,27128.58,0.1,97662.89,UPI,Completed,Returning
O103828,2025-02-07,C1462,Customer 1462,Male,27,Cuttack,Odisha,East,P2087,Kitchen Product 2087,Home & Kitchen,Kitchen,2,43974.9,0.05,83552.31,Credit Card,Returned,New
O103829,2026-05-15,C1408,Customer 1408,Female,23,Patna,Bihar,East,P2032,Mobiles Product 2032,Electronics,Mobiles,1,7978.59,0.2,6382.87,Cash on Delivery,Completed,Returning
O103830,2025-02-12,C1114,Customer 1114,Female,50,Kozhikode,Kerala,South,P2010,Sportswear Product 2010,Sports,Sportswear,4,51133.3,0.1,184079.88,Debit Card,Cancelled,New
O103831,2026-06-01,C1433,Customer 1433,Male,22,Warangal,Telangana,South,P2011,Footwear Product 2011,Fashion,Footwear,2,65143.66,0.05,123772.95,Credit Card,Completed,Returning
O103832,2025-03-09,C1480,Customer 1480,Female,54,Kozhikode,Kerala,South,P2070,Men Product 2070,Fashion,Men,1,49797.81,0.1,44818.03,UPI,Cancelled,New
O103833,2025-05-03,C1356,Customer 1356,Male,29,Jaipur,Rajasthan,North,P2062,Makeup Product 2062,Beauty,Makeup,2,20979.04,0.15,35664.37,Credit Card,Completed,Returning
O103834,2025-12-02,C1416,Customer 1416,Male,53,Kolkata,West Bengal,East,P2047,Laptops Product 2047,Electronics,Laptops,2,6397.76,0.1,11515.97,UPI,Completed,Returning
O103835,2025-06-02,C1183,Customer 1183,Female,54,Chennai,Tamil Nadu,South,P2034,Men Product 2034,Fashion,Men,3,42105.76,0.2,101053.82,Credit Card,Completed,Returning
O103836,2025-06-11,C1207,Customer 1207,Female,44,New Delhi,Delhi,North,P2100,Mobiles Product 2100,Electronics,Mobiles,4,51807.65,0.1,186507.54,UPI,Completed,Returning
O103837,2025-08-02,C1256,Customer 1256,Male,32,Mumbai,Maharashtra,West,P2017,Appliances Product 2017,Home & Kitchen,Appliances,1,35523.47,0.2,28418.78,Net Banking,Returned,Returning
O103838,2026-01-11,C1235,Customer 1235,Female,56,Lucknow,Uttar Pradesh,North,P2054,Accessories Product 2054,Electronics,Accessories,1,51113.05,0.1,46001.74,UPI,Completed,Returning
O103839,2026-03-19,C1442,Customer 1442,Female,41,Pune,Maharashtra,West,P2076,Laptops Product 2076,Electronics,Laptops,1,33823.68,0.05,32132.5,UPI,Completed,Returning
O103840,2026-02-27,C1355,Customer 1355,Female,56,New Delhi,Delhi,North,P2085,Fitness Product 2085,Sports,Fitness,2,48108.22,0.1,86594.8,Debit Card,Completed,Returning
O103841,2026-06-22,C1003,Customer 1003,Male,42,Mysuru,Karnataka,South,P2040,Mobiles Product 2040,Electronics,Mobiles,3,71380.78,0,214142.34,Cash on Delivery,Cancelled,Returning
O103842,2025-08-18,C1208,Customer 1208,Female,40,Vadodara,Gujarat,West,P2019,Accessories Product 2019,Electronics,Accessories,1,34190.91,0.05,32481.36,Cash on Delivery,Completed,Returning
O103843,2025-02-28,C1197,Customer 1197,Female,28,Thrissur,Kerala,South,P2067,Laptops Product 2067,Electronics,Laptops,1,38592.36,0.15,32803.51,Net Banking,Completed,New
O103844,2025-04-06,C1341,Customer 1341,Male,60,Kozhikode,Kerala,South,P2082,Makeup Product 2082,Beauty,Makeup,4,65159.86,0.1,234575.5,UPI,Completed,Returning
O103845,2025-09-19,C1125,Customer 1125,Male,47,Mumbai,Maharashtra,West,P2053,Mobiles Product 2053,Electronics,Mobiles,4,37147.78,0,148591.12,UPI,Completed,Returning
O103846,2025-12-20,C1138,Customer 1138,Male,52,Jodhpur,Rajasthan,North,P2064,Furniture Product 2064,Home & Kitchen,Furniture,1,47477.55,0.1,42729.8,Cash on Delivery,Completed,Returning
O103847,2025-11-08,C1339,Customer 1339,Female,52,Kolkata,West Bengal,East,P2083,Mobiles Product 2083,Electronics,Mobiles,3,2853.83,0,8561.49,Cash on Delivery,Completed,Returning
O103848,2025-05-16,C1025,Customer 1025,Female,45,Mumbai,Maharashtra,West,P2047,Laptops Product 2047,Electronics,Laptops,2,6397.76,0.2,10236.42,Debit Card,Completed,Returning
O103849,2026-04-18,C1068,Customer 1068,Male,47,Hyderabad,Telangana,South,P2006,Accessories Product 2006,Electronics,Accessories,1,33608.93,0,33608.93,UPI,Completed,Returning
O103850,2026-03-06,C1061,Customer 1061,Male,59,Vadodara,Gujarat,West,P2016,Mobiles Product 2016,Electronics,Mobiles,1,48979.51,0.1,44081.56,UPI,Completed,Returning
O103851,2026-06-21,C1029,Customer 1029,Female,32,Hyderabad,Telangana,South,P2072,Outdoor Product 2072,Sports,Outdoor,1,64391.57,0.1,57952.41,Net Banking,Completed,Returning
O103852,2025-05-26,C1383,Customer 1383,Female,42,Jodhpur,Rajasthan,North,P2018,Women Product 2018,Fashion,Women,1,15516.48,0.1,13964.83,UPI,Completed,Returning
O103853,2026-06-08,C1019,Customer 1019,Female,36,Vadodara,Gujarat,West,P2052,Laptops Product 2052,Electronics,Laptops,2,54024.37,0.05,102646.3,Debit Card,Completed,Returning
O103854,2025-03-28,C1171,Customer 1171,Female,55,Coimbatore,Tamil Nadu,South,P2048,Accessories Product 2048,Electronics,Accessories,1,48876.98,0.05,46433.13,Cash on Delivery,Completed,Returning
O103855,2025-04-19,C1450,Customer 1450,Female,53,Kanpur,Uttar Pradesh,North,P2043,Furniture Product 2043,Home & Kitchen,Furniture,1,47010.26,0.15,39958.72,Debit Card,Completed,Returning
O103856,2026-02-27,C1074,Customer 1074,Female,31,Mumbai,Maharashtra,West,P2039,Footwear Product 2039,Fashion,Footwear,2,15251.22,0.15,25927.07,UPI,Completed,Returning
O103857,2025-12-11,C1061,Customer 1061,Male,59,Vadodara,Gujarat,West,P2049,Appliances Product 2049,Home & Kitchen,Appliances,1,16675.28,0.15,14173.99,UPI,Completed,Returning
O103858,2025-09-23,C1427,Customer 1427,Male,23,Kanpur,Uttar Pradesh,North,P2012,Fitness Product 2012,Sports,Fitness,2,70788.11,0.15,120339.79,UPI,Completed,Returning
O103859,2026-08-09,C1153,Customer 1153,Male,29,Kochi,Kerala,South,P2010,Sportswear Product 2010,Sports,Sportswear,1,51133.3,0,51133.3,Debit Card,Completed,Returning
O103860,2026-05-09,C1276,Customer 1276,Female,56,Mangaluru,Karnataka,South,P2071,Mobiles Product 2071,Electronics,Mobiles,2,29513.79,0,59027.58,Credit Card,Completed,Returning
O103861,2025-11-29,C1048,Customer 1048,Male,41,Ahmedabad,Gujarat,West,P2055,Accessories Product 2055,Electronics,Accessories,5,15507.3,0.2,62029.2,UPI,Completed,Returning
O103862,2026-02-17,C1211,Customer 1211,Male,35,Jodhpur,Rajasthan,North,P2001,Accessories Product 2001,Electronics,Accessories,1,63975.38,0.15,54379.07,UPI,Completed,Returning
O103863,2025-07-10,C1343,Customer 1343,Male,20,Patna,Bihar,East,P2049,Appliances Product 2049,Home & Kitchen,Appliances,2,16675.28,0.15,28347.98,UPI,Completed,Returning
O103864,2025-05-22,C1408,Customer 1408,Female,23,Patna,Bihar,East,P2036,Mobiles Product 2036,Electronics,Mobiles,1,6463.39,0.1,5817.05,Cash on Delivery,Completed,Returning
O103865,2025-03-14,C1139,Customer 1139,Male,59,New Delhi,Delhi,North,P2021,Mobiles Product 2021,Electronics,Mobiles,3,68414.15,0.05,194980.33,Net Banking,Completed,Returning
O103866,2025-06-16,C1110,Customer 1110,Male,29,Kanpur,Uttar Pradesh,North,P2037,Haircare Product 2037,Beauty,Haircare,3,29950.17,0.05,85357.98,Credit Card,Completed,Returning
O103867,2025-06-17,C1482,Customer 1482,Female,44,Hyderabad,Telangana,South,P2024,Men Product 2024,Fashion,Men,1,15279.2,0.1,13751.28,Cash on Delivery,Cancelled,Returning
O103868,2026-07-20,C1183,Customer 1183,Female,54,Chennai,Tamil Nadu,South,P2055,Accessories Product 2055,Electronics,Accessories,2,15507.3,0.2,24811.68,Debit Card,Completed,Returning
O103869,2025-09-16,C1028,Customer 1028,Female,43,Jaipur,Rajasthan,North,P2025,Footwear Product 2025,Fashion,Footwear,1,48968.5,0.1,44071.65,Net Banking,Completed,Returning
O103870,2026-03-15,C1197,Customer 1197,Female,28,Thrissur,Kerala,South,P2007,Mobiles Product 2007,Electronics,Mobiles,4,70839.48,0.05,269190.02,Debit Card,Completed,Returning
O103871,2025-04-21,C1191,Customer 1191,Male,38,Nagpur,Maharashtra,West,P2081,Men Product 2081,Fashion,Men,1,63359.53,0.05,60191.55,Net Banking,Completed,Returning
O103872,2026-06-15,C1315,Customer 1315,Male,32,Kozhikode,Kerala,South,P2093,Furniture Product 2093,Home & Kitchen,Furniture,3,15378.45,0,46135.35,UPI,Completed,Returning
O103873,2025-10-17,C1389,Customer 1389,Male,30,Mysuru,Karnataka,South,P2094,Women Product 2094,Fashion,Women,1,14369.68,0.1,12932.71,Credit Card,Completed,Returning
O103874,2026-07-16,C1051,Customer 1051,Male,56,Vadodara,Gujarat,West,P2071,Mobiles Product 2071,Electronics,Mobiles,2,29513.79,0.25,44270.68,Net Banking,Completed,Returning
O103875,2026-05-25,C1149,Customer 1149,Male,45,Mysuru,Karnataka,South,P2097,Footwear Product 2097,Fashion,Footwear,5,70862.68,0.15,301166.39,UPI,Completed,Returning
O103876,2025-06-24,C1268,Customer 1268,Female,52,Noida,Uttar Pradesh,North,P2071,Mobiles Product 2071,Electronics,Mobiles,3,29513.79,0.2,70833.1,UPI,Completed,Returning
O103877,2025-10-29,C1050,Customer 1050,Female,34,New Delhi,Delhi,North,P2024,Men Product 2024,Fashion,Men,1,15279.2,0.1,13751.28,UPI,Returned,Returning
O103878,2025-07-04,C1388,Customer 1388,Male,21,Patna,Bihar,East,P2011,Footwear Product 2011,Fashion,Footwear,2,65143.66,0.1,117258.59,UPI,Completed,Returning
O103879,2025-12-05,C1246,Customer 1246,Female,25,Kolkata,West Bengal,East,P2073,Mobiles Product 2073,Electronics,Mobiles,1,58078.44,0.25,43558.83,UPI,Completed,Returning
O103880,2026-05-25,C1113,Customer 1113,Female,53,Kochi,Kerala,South,P2012,Fitness Product 2012,Sports,Fitness,1,70788.11,0.1,63709.3,Debit Card,Completed,Returning
O103881,2025-11-06,C1170,Customer 1170,Female,54,Lucknow,Uttar Pradesh,North,P2035,Mobiles Product 2035,Electronics,Mobiles,1,38973.06,0.2,31178.45,UPI,Completed,Returning
O103882,2026-05-22,C1468,Customer 1468,Male,47,Udaipur,Rajasthan,North,P2063,Women Product 2063,Fashion,Women,1,27128.58,0.15,23059.29,UPI,Completed,Returning
O103883,2025-12-12,C1166,Customer 1166,Male,56,Jaipur,Rajasthan,North,P2068,Furniture Product 2068,Home & Kitchen,Furniture,2,37073.16,0.05,70439,Cash on Delivery,Returned,Returning
O103884,2025-03-22,C1409,Customer 1409,Female,29,Kozhikode,Kerala,South,P2100,Mobiles Product 2100,Electronics,Mobiles,1,51807.65,0.1,46626.88,Debit Card,Completed,Returning
O103885,2026-01-09,C1014,Customer 1014,Male,42,Kolkata,West Bengal,East,P2092,Footwear Product 2092,Fashion,Footwear,2,2539.03,0.05,4824.16,UPI,Completed,Returning
O103886,2025-06-05,C1203,Customer 1203,Male,35,Mumbai,Maharashtra,West,P2057,Skincare Product 2057,Beauty,Skincare,1,63514.52,0,63514.52,Credit Card,Completed,New
O103887,2026-03-08,C1288,Customer 1288,Male,35,Warangal,Telangana,South,P2013,Appliances Product 2013,Home & Kitchen,Appliances,1,72349.68,0.05,68732.2,Debit Card,Completed,Returning
O103888,2026-05-15,C1395,Customer 1395,Male,37,Kolkata,West Bengal,East,P2023,Accessories Product 2023,Electronics,Accessories,2,9651.38,0.2,15442.21,Net Banking,Completed,Returning
O103889,2025-05-27,C1189,Customer 1189,Male,41,New Delhi,Delhi,North,P2083,Mobiles Product 2083,Electronics,Mobiles,1,2853.83,0.15,2425.76,UPI,Completed,Returning
O103890,2026-04-26,C1402,Customer 1402,Female,43,Nagpur,Maharashtra,West,P2039,Footwear Product 2039,Fashion,Footwear,1,15251.22,0.05,14488.66,Cash on Delivery,Returned,Returning
O103891,2026-03-11,C1155,Customer 1155,Male,53,Thrissur,Kerala,South,P2088,Men Product 2088,Fashion,Men,1,36148.31,0.05,34340.89,Net Banking,Completed,Returning
O103892,2026-06-03,C1055,Customer 1055,Male,58,Bhubaneswar,Odisha,East,P2080,Mobiles Product 2080,Electronics,Mobiles,2,26947.88,0.1,48506.18,Net Banking,Returned,Returning
O103893,2025-03-10,C1182,Customer 1182,Male,44,Kolkata,West Bengal,East,P2097,Footwear Product 2097,Fashion,Footwear,2,70862.68,0.05,134639.09,UPI,Completed,Returning
O103894,2026-08-29,C1210,Customer 1210,Male,42,New Delhi,Delhi,North,P2012,Fitness Product 2012,Sports,Fitness,1,70788.11,0.1,63709.3,UPI,Completed,Returning
O103895,2025-07-05,C1376,Customer 1376,Female,22,Pune,Maharashtra,West,P2034,Men Product 2034,Fashion,Men,1,42105.76,0.15,35789.9,UPI,Completed,Returning
O103896,2025-07-23,C1471,Customer 1471,Male,43,Kolkata,West Bengal,East,P2071,Mobiles Product 2071,Electronics,Mobiles,3,29513.79,0.1,79687.23,UPI,Completed,Returning
O103897,2026-07-08,C1075,Customer 1075,Male,20,Bhubaneswar,Odisha,East,P2075,Laptops Product 2075,Electronics,Laptops,5,5790.21,0,28951.05,UPI,Completed,Returning
O103898,2025-01-13,C1277,Customer 1277,Male,55,Cuttack,Odisha,East,P2031,Makeup Product 2031,Beauty,Makeup,1,36193.87,0.1,32574.48,UPI,Completed,New
O103899,2025-10-01,C1428,Customer 1428,Female,59,Jaipur,Rajasthan,North,P2093,Furniture Product 2093,Home & Kitchen,Furniture,2,15378.45,0.05,29219.06,Debit Card,Cancelled,Returning
O103900,2025-10-25,C1133,Customer 1133,Male,52,Kolkata,West Bengal,East,P2062,Makeup Product 2062,Beauty,Makeup,1,20979.04,0.05,19930.09,UPI,Completed,Returning
O103901,2025-02-20,C1343,Customer 1343,Male,20,Patna,Bihar,East,P2013,Appliances Product 2013,Home & Kitchen,Appliances,1,72349.68,0.05,68732.2,UPI,Completed,Returning
O103902,2026-05-15,C1425,Customer 1425,Female,35,New Delhi,Delhi,North,P2031,Makeup Product 2031,Beauty,Makeup,1,36193.87,0.1,32574.48,Cash on Delivery,Returned,Returning
O103903,2026-01-04,C1059,Customer 1059,Male,49,Patna,Bihar,East,P2002,Sportswear Product 2002,Sports,Sportswear,2,72675.18,0.2,116280.29,UPI,Returned,Returning
O103904,2025-12-23,C1345,Customer 1345,Male,25,Udaipur,Rajasthan,North,P2015,Furniture Product 2015,Home & Kitchen,Furniture,1,17477.61,0.15,14855.97,Credit Card,Completed,Returning
O103905,2025-01-03,C1489,Customer 1489,Male,41,Warangal,Telangana,South,P2057,Skincare Product 2057,Beauty,Skincare,4,63514.52,0.1,228652.27,Debit Card,Completed,Returning
O103906,2025-09-11,C1182,Customer 1182,Male,44,Kolkata,West Bengal,East,P2075,Laptops Product 2075,Electronics,Laptops,1,5790.21,0.1,5211.19,Cash on Delivery,Completed,Returning
O103907,2026-04-20,C1458,Customer 1458,Female,36,Nagpur,Maharashtra,West,P2034,Men Product 2034,Fashion,Men,1,42105.76,0,42105.76,Cash on Delivery,Completed,Returning
O103908,2026-05-21,C1406,Customer 1406,Female,24,Bengaluru,Karnataka,South,P2068,Furniture Product 2068,Home & Kitchen,Furniture,3,37073.16,0.05,105658.51,Credit Card,Completed,Returning
O103909,2025-09-13,C1339,Customer 1339,Female,52,Kolkata,West Bengal,East,P2075,Laptops Product 2075,Electronics,Laptops,1,5790.21,0.15,4921.68,Cash on Delivery,Completed,Returning
O103910,2025-05-30,C1321,Customer 1321,Female,37,Thrissur,Kerala,South,P2029,Appliances Product 2029,Home & Kitchen,Appliances,1,54225.01,0.05,51513.76,Credit Card,Returned,Returning
O103911,2026-05-03,C1064,Customer 1064,Male,49,Hyderabad,Telangana,South,P2066,Furniture Product 2066,Home & Kitchen,Furniture,1,13722.33,0.1,12350.1,Debit Card,Completed,Returning
O103912,2025-10-06,C1327,Customer 1327,Male,24,Ahmedabad,Gujarat,West,P2016,Mobiles Product 2016,Electronics,Mobiles,1,48979.51,0,48979.51,UPI,Completed,Returning
O103913,2025-02-28,C1260,Customer 1260,Male,27,Kolkata,West Bengal,East,P2039,Footwear Product 2039,Fashion,Footwear,1,15251.22,0.2,12200.98,Debit Card,Completed,Returning
O103914,2026-03-22,C1193,Customer 1193,Male,31,Patna,Bihar,East,P2077,Men Product 2077,Fashion,Men,1,32487.3,0.2,25989.84,Credit Card,Completed,Returning
O103915,2025-04-23,C1143,Customer 1143,Female,31,Udaipur,Rajasthan,North,P2037,Haircare Product 2037,Beauty,Haircare,1,29950.17,0,29950.17,Debit Card,Completed,Returning
O103916,2026-07-23,C1104,Customer 1104,Female,58,Patna,Bihar,East,P2081,Men Product 2081,Fashion,Men,1,63359.53,0.15,53855.6,Debit Card,Completed,Returning
O103917,2026-05-04,C1460,Customer 1460,Male,55,Lucknow,Uttar Pradesh,North,P2021,Mobiles Product 2021,Electronics,Mobiles,5,68414.15,0,342070.75,UPI,Completed,Returning
O103918,2026-02-11,C1406,Customer 1406,Female,24,Bengaluru,Karnataka,South,P2044,Makeup Product 2044,Beauty,Makeup,1,61167.44,0.1,55050.7,UPI,Completed,Returning
O103919,2026-01-02,C1214,Customer 1214,Male,33,Patna,Bihar,East,P2019,Accessories Product 2019,Electronics,Accessories,1,34190.91,0,34190.91,Debit Card,Completed,Returning
O103920,2025-03-01,C1242,Customer 1242,Male,26,Jaipur,Rajasthan,North,P2071,Mobiles Product 2071,Electronics,Mobiles,5,29513.79,0,147568.95,UPI,Completed,Returning
O103921,2025-11-25,C1431,Customer 1431,Male,22,Vadodara,Gujarat,West,P2008,Mobiles Product 2008,Electronics,Mobiles,2,12522.7,0,25045.4,Credit Card,Completed,Returning
O103922,2026-04-14,C1209,Customer 1209,Female,55,Ahmedabad,Gujarat,West,P2077,Men Product 2077,Fashion,Men,1,32487.3,0.2,25989.84,Debit Card,Completed,Returning
O103923,2026-07-21,C1093,Customer 1093,Female,48,Pune,Maharashtra,West,P2066,Furniture Product 2066,Home & Kitchen,Furniture,1,13722.33,0.15,11663.98,Cash on Delivery,Completed,Returning
O103924,2025-03-04,C1430,Customer 1430,Female,44,Vadodara,Gujarat,West,P2041,Accessories Product 2041,Electronics,Accessories,2,2659.49,0,5318.98,UPI,Completed,Returning
O103925,2025-07-03,C1142,Customer 1142,Male,32,Coimbatore,Tamil Nadu,South,P2075,Laptops Product 2075,Electronics,Laptops,1,5790.21,0.1,5211.19,Credit Card,Completed,Returning
O103926,2025-11-07,C1434,Customer 1434,Female,46,Kolkata,West Bengal,East,P2088,Men Product 2088,Fashion,Men,2,36148.31,0.05,68681.79,UPI,Completed,Returning
O103927,2026-06-22,C1404,Customer 1404,Male,49,Vadodara,Gujarat,West,P2070,Men Product 2070,Fashion,Men,5,49797.81,0.05,236539.6,Credit Card,Completed,Returning
O103928,2025-06-26,C1434,Customer 1434,Female,46,Kolkata,West Bengal,East,P2061,Women Product 2061,Fashion,Women,2,44949.95,0.2,71919.92,UPI,Cancelled,Returning
O103929,2026-07-29,C1112,Customer 1112,Male,55,Patna,Bihar,East,P2026,Furniture Product 2026,Home & Kitchen,Furniture,1,59877.66,0,59877.66,Debit Card,Completed,Returning
O103930,2026-03-05,C1417,Customer 1417,Male,25,New Delhi,Delhi,North,P2071,Mobiles Product 2071,Electronics,Mobiles,2,29513.79,0.1,53124.82,Net Banking,Completed,Returning
O103931,2025-03-14,C1375,Customer 1375,Male,53,Surat,Gujarat,West,P2083,Mobiles Product 2083,Electronics,Mobiles,2,2853.83,0.05,5422.28,UPI,Completed,Returning
O103932,2025-06-16,C1059,Customer 1059,Male,49,Patna,Bihar,East,P2070,Men Product 2070,Fashion,Men,2,49797.81,0,99595.62,Debit Card,Completed,Returning
O103933,2025-08-13,C1043,Customer 1043,Female,51,Warangal,Telangana,South,P2029,Appliances Product 2029,Home & Kitchen,Appliances,1,54225.01,0.1,48802.51,Credit Card,Completed,Returning
O103934,2026-07-31,C1207,Customer 1207,Female,44,New Delhi,Delhi,North,P2066,Furniture Product 2066,Home & Kitchen,Furniture,2,13722.33,0.2,21955.73,UPI,Completed,Returning
O103935,2026-08-04,C1268,Customer 1268,Female,52,Noida,Uttar Pradesh,North,P2019,Accessories Product 2019,Electronics,Accessories,2,34190.91,0.15,58124.55,Credit Card,Completed,Returning
O103936,2025-01-09,C1296,Customer 1296,Female,57,Kolkata,West Bengal,East,P2068,Furniture Product 2068,Home & Kitchen,Furniture,5,37073.16,0,185365.8,Credit Card,Completed,New
O103937,2025-08-24,C1118,Customer 1118,Female,20,Patna,Bihar,East,P2058,Women Product 2058,Fashion,Women,3,74077.42,0.15,188897.42,UPI,Completed,Returning
O103938,2025-01-28,C1020,Customer 1020,Male,59,Pune,Maharashtra,West,P2070,Men Product 2070,Fashion,Men,1,49797.81,0.2,39838.25,Net Banking,Cancelled,New
O103939,2025-01-27,C1222,Customer 1222,Male,31,Cuttack,Odisha,East,P2057,Skincare Product 2057,Beauty,Skincare,2,63514.52,0.05,120677.59,Net Banking,Completed,New
O103940,2026-07-04,C1166,Customer 1166,Male,56,Jaipur,Rajasthan,North,P2037,Haircare Product 2037,Beauty,Haircare,1,29950.17,0.05,28452.66,Net Banking,Completed,Returning
O103941,2025-07-15,C1131,Customer 1131,Female,54,Hyderabad,Telangana,South,P2061,Women Product 2061,Fashion,Women,3,44949.95,0,134849.85,Credit Card,Completed,New
O103942,2025-07-22,C1156,Customer 1156,Female,60,Vadodara,Gujarat,West,P2092,Footwear Product 2092,Fashion,Footwear,1,2539.03,0.05,2412.08,UPI,Completed,Returning
O103943,2025-03-26,C1184,Customer 1184,Male,60,Ahmedabad,Gujarat,West,P2030,Men Product 2030,Fashion,Men,1,64551.14,0.15,54868.47,Net Banking,Completed,Returning
O103944,2025-01-30,C1090,Customer 1090,Female,35,Mysuru,Karnataka,South,P2071,Mobiles Product 2071,Electronics,Mobiles,3,29513.79,0.05,84114.3,UPI,Completed,Returning
O103945,2026-04-11,C1094,Customer 1094,Female,33,Noida,Uttar Pradesh,North,P2073,Mobiles Product 2073,Electronics,Mobiles,1,58078.44,0,58078.44,Debit Card,Completed,Returning
O103946,2025-04-09,C1013,Customer 1013,Male,41,Hyderabad,Telangana,South,P2025,Footwear Product 2025,Fashion,Footwear,3,48968.5,0.05,139560.22,Net Banking,Completed,Returning
O103947,2025-07-09,C1461,Customer 1461,Female,20,Vadodara,Gujarat,West,P2097,Footwear Product 2097,Fashion,Footwear,2,70862.68,0.1,127552.82,Net Banking,Completed,Returning
O103948,2025-01-12,C1322,Customer 1322,Male,24,Mysuru,Karnataka,South,P2065,Makeup Product 2065,Beauty,Makeup,1,58267.22,0.1,52440.5,Credit Card,Completed,New
O103949,2026-08-26,C1293,Customer 1293,Male,51,Coimbatore,Tamil Nadu,South,P2006,Accessories Product 2006,Electronics,Accessories,1,33608.93,0.15,28567.59,Cash on Delivery,Completed,Returning
O103950,2025-01-30,C1433,Customer 1433,Male,22,Warangal,Telangana,South,P2018,Women Product 2018,Fashion,Women,4,15516.48,0,62065.92,Debit Card,Completed,Returning
O103951,2025-02-07,C1230,Customer 1230,Male,28,New Delhi,Delhi,North,P2010,Sportswear Product 2010,Sports,Sportswear,1,51133.3,0.1,46019.97,Debit Card,Completed,New
O103952,2026-07-26,C1322,Customer 1322,Male,24,Mysuru,Karnataka,South,P2092,Footwear Product 2092,Fashion,Footwear,2,2539.03,0.05,4824.16,Debit Card,Completed,Returning
O103953,2025-10-21,C1292,Customer 1292,Male,29,Chennai,Tamil Nadu,South,P2011,Footwear Product 2011,Fashion,Footwear,2,65143.66,0.2,104229.86,UPI,Returned,Returning
O103954,2025-12-26,C1438,Customer 1438,Female,40,Pune,Maharashtra,West,P2097,Footwear Product 2097,Fashion,Footwear,4,70862.68,0.05,269278.18,Credit Card,Completed,Returning
O103955,2025-06-29,C1026,Customer 1026,Female,54,Ahmedabad,Gujarat,West,P2065,Makeup Product 2065,Beauty,Makeup,2,58267.22,0,116534.44,Cash on Delivery,Completed,Returning
O103956,2025-04-22,C1075,Customer 1075,Male,20,Bhubaneswar,Odisha,East,P2077,Men Product 2077,Fashion,Men,2,32487.3,0,64974.6,UPI,Completed,Returning
O103957,2026-03-20,C1456,Customer 1456,Male,41,Kolkata,West Bengal,East,P2084,Fitness Product 2084,Sports,Fitness,4,39978.36,0.05,151917.77,Credit Card,Completed,Returning
O103958,2025-01-21,C1364,Customer 1364,Female,32,Salem,Tamil Nadu,South,P2065,Makeup Product 2065,Beauty,Makeup,3,58267.22,0,174801.66,Credit Card,Completed,New
O103959,2025-05-25,C1424,Customer 1424,Male,30,Noida,Uttar Pradesh,North,P2052,Laptops Product 2052,Electronics,Laptops,2,54024.37,0.1,97243.87,Credit Card,Cancelled,Returning
O103960,2026-05-14,C1299,Customer 1299,Male,47,Nagpur,Maharashtra,West,P2067,Laptops Product 2067,Electronics,Laptops,1,38592.36,0.15,32803.51,Credit Card,Completed,Returning
O103961,2025-05-26,C1150,Customer 1150,Female,27,Nagpur,Maharashtra,West,P2082,Makeup Product 2082,Beauty,Makeup,1,65159.86,0.05,61901.87,Cash on Delivery,Returned,Returning
O103962,2026-03-17,C1148,Customer 1148,Male,36,Jaipur,Rajasthan,North,P2078,Accessories Product 2078,Electronics,Accessories,2,71159.18,0.1,128086.52,UPI,Completed,Returning
O103963,2026-02-25,C1008,Customer 1008,Male,50,Kozhikode,Kerala,South,P2031,Makeup Product 2031,Beauty,Makeup,2,36193.87,0.15,61529.58,Debit Card,Completed,Returning
O103964,2025-11-12,C1029,Customer 1029,Female,32,Hyderabad,Telangana,South,P2091,Accessories Product 2091,Electronics,Accessories,1,36816.84,0.05,34976,Net Banking,Cancelled,Returning
O103965,2025-06-15,C1296,Customer 1296,Female,57,Kolkata,West Bengal,East,P2017,Appliances Product 2017,Home & Kitchen,Appliances,1,35523.47,0,35523.47,Debit Card,Returned,Returning
O103966,2025-07-22,C1474,Customer 1474,Female,33,Kolkata,West Bengal,East,P2055,Accessories Product 2055,Electronics,Accessories,2,15507.3,0.05,29463.87,UPI,Completed,Returning
O103967,2026-05-11,C1414,Customer 1414,Male,43,New Delhi,Delhi,North,P2093,Furniture Product 2093,Home & Kitchen,Furniture,1,15378.45,0.2,12302.76,Debit Card,Completed,Returning
O103968,2026-04-13,C1209,Customer 1209,Female,55,Ahmedabad,Gujarat,West,P2036,Mobiles Product 2036,Electronics,Mobiles,1,6463.39,0.15,5493.88,Cash on Delivery,Completed,Returning
O103969,2026-01-20,C1128,Customer 1128,Male,39,Thrissur,Kerala,South,P2026,Furniture Product 2026,Home & Kitchen,Furniture,1,59877.66,0,59877.66,Credit Card,Completed,Returning
O103970,2025-11-10,C1340,Customer 1340,Female,53,Kolkata,West Bengal,East,P2053,Mobiles Product 2053,Electronics,Mobiles,3,37147.78,0.05,105871.17,Debit Card,Completed,Returning
O103971,2025-09-12,C1116,Customer 1116,Female,38,New Delhi,Delhi,North,P2017,Appliances Product 2017,Home & Kitchen,Appliances,2,35523.47,0.15,60389.9,Cash on Delivery,Completed,Returning
O103972,2025-01-23,C1439,Customer 1439,Male,24,Bhubaneswar,Odisha,East,P2086,Mobiles Product 2086,Electronics,Mobiles,1,70060.46,0.1,63054.41,Net Banking,Completed,New
O103973,2025-12-05,C1144,Customer 1144,Female,50,Salem,Tamil Nadu,South,P2025,Footwear Product 2025,Fashion,Footwear,1,48968.5,0.15,41623.22,Debit Card,Completed,Returning
O103974,2026-05-08,C1430,Customer 1430,Female,44,Vadodara,Gujarat,West,P2002,Sportswear Product 2002,Sports,Sportswear,2,72675.18,0,145350.36,Cash on Delivery,Completed,Returning
O103975,2026-05-26,C1318,Customer 1318,Male,32,Kozhikode,Kerala,South,P2086,Mobiles Product 2086,Electronics,Mobiles,3,70060.46,0.25,157636.04,UPI,Completed,Returning
O103976,2026-01-01,C1235,Customer 1235,Female,56,Lucknow,Uttar Pradesh,North,P2005,Appliances Product 2005,Home & Kitchen,Appliances,2,61463.29,0.15,104487.59,Net Banking,Completed,Returning
O103977,2026-01-07,C1007,Customer 1007,Male,44,Patna,Bihar,East,P2004,Kitchen Product 2004,Home & Kitchen,Kitchen,1,1952.63,0,1952.63,Credit Card,Completed,Returning
O103978,2026-08-22,C1464,Customer 1464,Male,34,Mysuru,Karnataka,South,P2036,Mobiles Product 2036,Electronics,Mobiles,1,6463.39,0.1,5817.05,Credit Card,Completed,Returning
O103979,2025-08-07,C1045,Customer 1045,Female,41,Cuttack,Odisha,East,P2006,Accessories Product 2006,Electronics,Accessories,3,33608.93,0,100826.79,Credit Card,Completed,Returning
O103980,2026-04-20,C1443,Customer 1443,Male,40,Kolkata,West Bengal,East,P2021,Mobiles Product 2021,Electronics,Mobiles,1,68414.15,0.05,64993.44,UPI,Completed,Returning
O103981,2026-02-27,C1239,Customer 1239,Male,20,Kanpur,Uttar Pradesh,North,P2077,Men Product 2077,Fashion,Men,2,32487.3,0.1,58477.14,UPI,Completed,Returning
O103982,2025-12-22,C1440,Customer 1440,Male,37,Vadodara,Gujarat,West,P2089,Women Product 2089,Fashion,Women,1,71400.34,0.05,67830.32,UPI,Completed,Returning
O103983,2026-04-05,C1432,Customer 1432,Female,51,Cuttack,Odisha,East,P2026,Furniture Product 2026,Home & Kitchen,Furniture,1,59877.66,0.1,53889.89,UPI,Completed,Returning
O103984,2026-05-18,C1155,Customer 1155,Male,53,Thrissur,Kerala,South,P2055,Accessories Product 2055,Electronics,Accessories,1,15507.3,0.05,14731.94,UPI,Completed,Returning
O103985,2025-01-27,C1181,Customer 1181,Male,42,Bhubaneswar,Odisha,East,P2039,Footwear Product 2039,Fashion,Footwear,2,15251.22,0.15,25927.07,Net Banking,Completed,New
O103986,2025-08-11,C1215,Customer 1215,Male,50,Kolkata,West Bengal,East,P2084,Fitness Product 2084,Sports,Fitness,1,39978.36,0.05,37979.44,UPI,Completed,Returning
O103987,2025-05-28,C1088,Customer 1088,Male,31,Mangaluru,Karnataka,South,P2033,Footwear Product 2033,Fashion,Footwear,1,37566.95,0.15,31931.91,Credit Card,Completed,Returning
O103988,2026-02-28,C1256,Customer 1256,Male,32,Mumbai,Maharashtra,West,P2014,Skincare Product 2014,Beauty,Skincare,1,73803.13,0,73803.13,Debit Card,Completed,Returning
O103989,2025-12-17,C1073,Customer 1073,Male,28,Ahmedabad,Gujarat,West,P2056,Fitness Product 2056,Sports,Fitness,1,65159.96,0.05,61901.96,UPI,Completed,Returning
O103990,2025-07-05,C1419,Customer 1419,Female,32,Udaipur,Rajasthan,North,P2100,Mobiles Product 2100,Electronics,Mobiles,1,51807.65,0.1,46626.88,Cash on Delivery,Returned,Returning
O103991,2026-02-19,C1179,Customer 1179,Male,31,Kolkata,West Bengal,East,P2081,Men Product 2081,Fashion,Men,1,63359.53,0.1,57023.58,Net Banking,Completed,Returning
O103992,2026-03-05,C1212,Customer 1212,Male,58,Kolkata,West Bengal,East,P2021,Mobiles Product 2021,Electronics,Mobiles,1,68414.15,0.1,61572.73,UPI,Completed,Returning
O103993,2025-02-10,C1293,Customer 1293,Male,51,Coimbatore,Tamil Nadu,South,P2046,Appliances Product 2046,Home & Kitchen,Appliances,3,3344.33,0.1,9029.69,Cash on Delivery,Completed,Returning
O103994,2026-01-28,C1234,Customer 1234,Female,48,Kolkata,West Bengal,East,P2016,Mobiles Product 2016,Electronics,Mobiles,2,48979.51,0.25,73469.26,Debit Card,Completed,Returning
O103995,2025-03-20,C1465,Customer 1465,Female,41,Patna,Bihar,East,P2016,Mobiles Product 2016,Electronics,Mobiles,1,48979.51,0,48979.51,UPI,Completed,Returning
O103996,2026-06-28,C1239,Customer 1239,Male,20,Kanpur,Uttar Pradesh,North,P2084,Fitness Product 2084,Sports,Fitness,1,39978.36,0.15,33981.61,Debit Card,Completed,Returning
O103997,2026-03-26,C1223,Customer 1223,Female,28,Patna,Bihar,East,P2029,Appliances Product 2029,Home & Kitchen,Appliances,2,54225.01,0.1,97605.02,Debit Card,Returned,Returning
O103998,2026-04-19,C1119,Customer 1119,Female,24,New Delhi,Delhi,North,P2092,Footwear Product 2092,Fashion,Footwear,1,2539.03,0.05,2412.08,Debit Card,Completed,Returning
O103999,2025-05-22,C1313,Customer 1313,Female,52,Chennai,Tamil Nadu,South,P2008,Mobiles Product 2008,Electronics,Mobiles,1,12522.7,0.1,11270.43,Debit Card,Completed,Returning
O104000,2025-09-08,C1264,Customer 1264,Male,22,Kolkata,West Bengal,East,P2088,Men Product 2088,Fashion,Men,2,36148.31,0.2,57837.3,UPI,Completed,Returning
O104001,2025-10-21,C1207,Customer 1207,Female,44,New Delhi,Delhi,North,P2003,Makeup Product 2003,Beauty,Makeup,4,44701.37,0.1,160924.93,Cash on Delivery,Completed,Returning
O104002,2025-05-16,C1095,Customer 1095,Female,47,Salem,Tamil Nadu,South,P2089,Women Product 2089,Fashion,Women,1,71400.34,0.2,57120.27,Net Banking,Completed,New
O104003,2026-04-29,C1373,Customer 1373,Female,58,Hyderabad,Telangana,South,P2019,Accessories Product 2019,Electronics,Accessories,1,34190.91,0,34190.91,Debit Card,Completed,Returning
O104004,2025-11-08,C1222,Customer 1222,Male,31,Cuttack,Odisha,East,P2097,Footwear Product 2097,Fashion,Footwear,3,70862.68,0.1,191329.24,UPI,Cancelled,Returning
O104005,2026-07-09,C1366,Customer 1366,Male,20,New Delhi,Delhi,North,P2066,Furniture Product 2066,Home & Kitchen,Furniture,1,13722.33,0.05,13036.21,Debit Card,Returned,Returning
O104006,2025-02-15,C1276,Customer 1276,Female,56,Mangaluru,Karnataka,South,P2079,Laptops Product 2079,Electronics,Laptops,3,12821.16,0.05,36540.31,Debit Card,Completed,Returning
O104007,2025-08-24,C1380,Customer 1380,Male,49,Kolkata,West Bengal,East,P2086,Mobiles Product 2086,Electronics,Mobiles,1,70060.46,0.1,63054.41,Net Banking,Returned,Returning
O104008,2025-02-17,C1231,Customer 1231,Female,46,Kolkata,West Bengal,East,P2074,Mobiles Product 2074,Electronics,Mobiles,1,18005.98,0.1,16205.38,Cash on Delivery,Completed,New
O104009,2025-07-17,C1309,Customer 1309,Female,55,Patna,Bihar,East,P2082,Makeup Product 2082,Beauty,Makeup,2,65159.86,0.05,123803.73,Cash on Delivery,Cancelled,Returning
O104010,2025-03-25,C1119,Customer 1119,Female,24,New Delhi,Delhi,North,P2022,Outdoor Product 2022,Sports,Outdoor,4,34818.67,0.05,132310.95,Credit Card,Completed,Returning
O104011,2026-06-27,C1268,Customer 1268,Female,52,Noida,Uttar Pradesh,North,P2046,Appliances Product 2046,Home & Kitchen,Appliances,3,3344.33,0.1,9029.69,Cash on Delivery,Completed,Returning
O104012,2025-06-10,C1433,Customer 1433,Male,22,Warangal,Telangana,South,P2091,Accessories Product 2091,Electronics,Accessories,1,36816.84,0.1,33135.16,UPI,Completed,Returning
O104013,2026-03-04,C1273,Customer 1273,Female,35,Jaipur,Rajasthan,North,P2013,Appliances Product 2013,Home & Kitchen,Appliances,2,72349.68,0.05,137464.39,Credit Card,Completed,Returning
O104014,2025-03-12,C1064,Customer 1064,Male,49,Hyderabad,Telangana,South,P2033,Footwear Product 2033,Fashion,Footwear,2,37566.95,0,75133.9,UPI,Cancelled,Returning
O104015,2026-06-04,C1298,Customer 1298,Male,43,Mysuru,Karnataka,South,P2005,Appliances Product 2005,Home & Kitchen,Appliances,2,61463.29,0.15,104487.59,Cash on Delivery,Completed,Returning
O104016,2025-02-21,C1350,Customer 1350,Male,24,New Delhi,Delhi,North,P2090,Men Product 2090,Fashion,Men,3,43634.38,0.15,111267.67,Cash on Delivery,Cancelled,New
O104017,2025-02-14,C1413,Customer 1413,Female,39,Patna,Bihar,East,P2077,Men Product 2077,Fashion,Men,1,32487.3,0,32487.3,UPI,Completed,New
O104018,2025-10-20,C1403,Customer 1403,Male,34,Mumbai,Maharashtra,West,P2027,Kitchen Product 2027,Home & Kitchen,Kitchen,1,11473.67,0.05,10899.99,Credit Card,Completed,Returning
O104019,2026-04-10,C1494,Customer 1494,Female,39,Kochi,Kerala,South,P2078,Accessories Product 2078,Electronics,Accessories,4,71159.18,0.05,270404.88,Cash on Delivery,Completed,Returning
O104020,2026-07-04,C1011,Customer 1011,Male,43,Nagpur,Maharashtra,West,P2024,Men Product 2024,Fashion,Men,4,15279.2,0.2,48893.44,Credit Card,Completed,Returning
O104021,2026-01-15,C1098,Customer 1098,Female,24,New Delhi,Delhi,North,P2067,Laptops Product 2067,Electronics,Laptops,1,38592.36,0.15,32803.51,Credit Card,Completed,Returning
O104022,2026-04-23,C1434,Customer 1434,Female,46,Kolkata,West Bengal,East,P2063,Women Product 2063,Fashion,Women,1,27128.58,0,27128.58,Credit Card,Completed,Returning
O104023,2025-09-19,C1071,Customer 1071,Female,45,Madurai,Tamil Nadu,South,P2094,Women Product 2094,Fashion,Women,5,14369.68,0.15,61071.14,Debit Card,Completed,Returning
O104024,2026-08-03,C1364,Customer 1364,Female,32,Salem,Tamil Nadu,South,P2099,Sportswear Product 2099,Sports,Sportswear,2,42924.55,0,85849.1,Cash on Delivery,Completed,Returning
O104025,2025-06-28,C1058,Customer 1058,Male,51,Thrissur,Kerala,South,P2048,Accessories Product 2048,Electronics,Accessories,2,48876.98,0.05,92866.26,Credit Card,Completed,Returning
O104026,2025-12-23,C1290,Customer 1290,Female,30,Pune,Maharashtra,West,P2063,Women Product 2063,Fashion,Women,1,27128.58,0.2,21702.86,UPI,Completed,Returning
O104027,2026-02-23,C1251,Customer 1251,Female,29,Chennai,Tamil Nadu,South,P2078,Accessories Product 2078,Electronics,Accessories,3,71159.18,0.2,170782.03,UPI,Completed,Returning
O104028,2025-07-20,C1276,Customer 1276,Female,56,Mangaluru,Karnataka,South,P2012,Fitness Product 2012,Sports,Fitness,1,70788.11,0.15,60169.89,UPI,Completed,Returning
O104029,2025-01-13,C1050,Customer 1050,Female,34,New Delhi,Delhi,North,P2028,Furniture Product 2028,Home & Kitchen,Furniture,1,29619.27,0.1,26657.34,Credit Card,Cancelled,New
O104030,2026-03-19,C1358,Customer 1358,Female,38,New Delhi,Delhi,North,P2044,Makeup Product 2044,Beauty,Makeup,1,61167.44,0.05,58109.07,Cash on Delivery,Completed,Returning
O104031,2025-10-13,C1216,Customer 1216,Male,24,New Delhi,Delhi,North,P2093,Furniture Product 2093,Home & Kitchen,Furniture,4,15378.45,0.2,49211.04,Debit Card,Completed,Returning
O104032,2025-09-15,C1394,Customer 1394,Female,53,Bhubaneswar,Odisha,East,P2043,Furniture Product 2043,Home & Kitchen,Furniture,2,47010.26,0.1,84618.47,Cash on Delivery,Completed,Returning
O104033,2026-07-24,C1416,Customer 1416,Male,53,Kolkata,West Bengal,East,P2017,Appliances Product 2017,Home & Kitchen,Appliances,3,35523.47,0.05,101241.89,Cash on Delivery,Returned,Returning
O104034,2026-07-02,C1052,Customer 1052,Female,52,Kozhikode,Kerala,South,P2040,Mobiles Product 2040,Electronics,Mobiles,1,71380.78,0.1,64242.7,Credit Card,Completed,Returning
O104035,2026-05-05,C1271,Customer 1271,Female,51,Ahmedabad,Gujarat,West,P2049,Appliances Product 2049,Home & Kitchen,Appliances,4,16675.28,0.2,53360.9,Credit Card,Completed,Returning
O104036,2026-05-13,C1485,Customer 1485,Male,29,Pune,Maharashtra,West,P2085,Fitness Product 2085,Sports,Fitness,3,48108.22,0.2,115459.73,Debit Card,Completed,Returning
O104037,2025-11-29,C1084,Customer 1084,Female,24,Mumbai,Maharashtra,West,P2057,Skincare Product 2057,Beauty,Skincare,2,63514.52,0.1,114326.14,UPI,Completed,Returning
O104038,2026-07-16,C1387,Customer 1387,Male,33,Hyderabad,Telangana,South,P2087,Kitchen Product 2087,Home & Kitchen,Kitchen,5,43974.9,0.15,186893.32,Debit Card,Completed,Returning
O104039,2025-02-01,C1293,Customer 1293,Male,51,Coimbatore,Tamil Nadu,South,P2084,Fitness Product 2084,Sports,Fitness,1,39978.36,0,39978.36,Credit Card,Completed,New
O104040,2025-02-12,C1126,Customer 1126,Female,51,Pune,Maharashtra,West,P2064,Furniture Product 2064,Home & Kitchen,Furniture,2,47477.55,0.1,85459.59,Debit Card,Completed,New
O104041,2025-12-17,C1296,Customer 1296,Female,57,Kolkata,West Bengal,East,P2075,Laptops Product 2075,Electronics,Laptops,4,5790.21,0.15,19686.71,Credit Card,Completed,Returning
O104042,2025-11-30,C1072,Customer 1072,Female,42,Kolkata,West Bengal,East,P2057,Skincare Product 2057,Beauty,Skincare,3,63514.52,0,190543.56,UPI,Completed,Returning
O104043,2026-07-13,C1296,Customer 1296,Female,57,Kolkata,West Bengal,East,P2098,Women Product 2098,Fashion,Women,2,18537.8,0.15,31514.26,Debit Card,Completed,Returning
O104044,2025-09-27,C1236,Customer 1236,Female,57,Surat,Gujarat,West,P2074,Mobiles Product 2074,Electronics,Mobiles,1,18005.98,0.2,14404.78,Credit Card,Completed,Returning
O104045,2026-02-17,C1056,Customer 1056,Female,23,New Delhi,Delhi,North,P2074,Mobiles Product 2074,Electronics,Mobiles,2,18005.98,0.05,34211.36,UPI,Completed,Returning
O104046,2026-07-29,C1407,Customer 1407,Female,48,Mumbai,Maharashtra,West,P2070,Men Product 2070,Fashion,Men,2,49797.81,0.15,84656.28,Debit Card,Completed,Returning
O104047,2025-01-19,C1360,Customer 1360,Male,40,Lucknow,Uttar Pradesh,North,P2100,Mobiles Product 2100,Electronics,Mobiles,1,51807.65,0.1,46626.88,UPI,Completed,New
O104048,2025-12-13,C1395,Customer 1395,Male,37,Kolkata,West Bengal,East,P2088,Men Product 2088,Fashion,Men,3,36148.31,0.1,97600.44,Cash on Delivery,Completed,Returning
O104049,2025-02-06,C1110,Customer 1110,Male,29,Kanpur,Uttar Pradesh,North,P2076,Laptops Product 2076,Electronics,Laptops,1,33823.68,0.15,28750.13,UPI,Completed,New
O104050,2025-04-02,C1192,Customer 1192,Male,55,Hyderabad,Telangana,South,P2043,Furniture Product 2043,Home & Kitchen,Furniture,1,47010.26,0.05,44659.75,Debit Card,Completed,Returning
O104051,2025-07-04,C1392,Customer 1392,Male,53,Pune,Maharashtra,West,P2023,Accessories Product 2023,Electronics,Accessories,2,9651.38,0.15,16407.35,Debit Card,Completed,Returning
O104052,2025-01-28,C1093,Customer 1093,Female,48,Pune,Maharashtra,West,P2027,Kitchen Product 2027,Home & Kitchen,Kitchen,2,11473.67,0.05,21799.97,UPI,Returned,New
O104053,2026-07-02,C1350,Customer 1350,Male,24,New Delhi,Delhi,North,P2058,Women Product 2058,Fashion,Women,1,74077.42,0.15,62965.81,Credit Card,Completed,Returning
O104054,2026-01-07,C1056,Customer 1056,Female,23,New Delhi,Delhi,North,P2037,Haircare Product 2037,Beauty,Haircare,1,29950.17,0.1,26955.15,Debit Card,Completed,Returning
O104055,2026-06-14,C1060,Customer 1060,Male,54,Mumbai,Maharashtra,West,P2006,Accessories Product 2006,Electronics,Accessories,1,33608.93,0,33608.93,UPI,Completed,Returning
O104056,2025-12-11,C1138,Customer 1138,Male,52,Jodhpur,Rajasthan,North,P2065,Makeup Product 2065,Beauty,Makeup,1,58267.22,0.05,55353.86,UPI,Returned,Returning
O104057,2026-02-23,C1039,Customer 1039,Male,34,Warangal,Telangana,South,P2006,Accessories Product 2006,Electronics,Accessories,1,33608.93,0.05,31928.48,Debit Card,Completed,Returning
O104058,2025-07-15,C1028,Customer 1028,Female,43,Jaipur,Rajasthan,North,P2050,Fitness Product 2050,Sports,Fitness,1,13904.21,0,13904.21,UPI,Completed,Returning
O104059,2025-03-19,C1049,Customer 1049,Female,25,Salem,Tamil Nadu,South,P2022,Outdoor Product 2022,Sports,Outdoor,1,34818.67,0,34818.67,Debit Card,Completed,Returning
O104060,2025-06-16,C1420,Customer 1420,Female,30,Madurai,Tamil Nadu,South,P2088,Men Product 2088,Fashion,Men,2,36148.31,0.15,61452.13,Net Banking,Completed,Returning
O104061,2025-03-31,C1125,Customer 1125,Male,47,Mumbai,Maharashtra,West,P2025,Footwear Product 2025,Fashion,Footwear,4,48968.5,0.2,156699.2,UPI,Completed,New
O104062,2025-09-21,C1013,Customer 1013,Male,41,Hyderabad,Telangana,South,P2079,Laptops Product 2079,Electronics,Laptops,2,12821.16,0.2,20513.86,Credit Card,Completed,Returning
O104063,2026-04-17,C1480,Customer 1480,Female,54,Kozhikode,Kerala,South,P2090,Men Product 2090,Fashion,Men,2,43634.38,0.2,69815.01,Credit Card,Returned,Returning
O104064,2025-07-27,C1036,Customer 1036,Male,33,Kozhikode,Kerala,South,P2072,Outdoor Product 2072,Sports,Outdoor,1,64391.57,0.15,54732.83,Debit Card,Cancelled,Returning
O104065,2025-09-28,C1101,Customer 1101,Male,45,Kozhikode,Kerala,South,P2051,Makeup Product 2051,Beauty,Makeup,2,3561.53,0,7123.06,UPI,Returned,Returning
O104066,2025-09-20,C1282,Customer 1282,Female,60,Cuttack,Odisha,East,P2088,Men Product 2088,Fashion,Men,2,36148.31,0.15,61452.13,Credit Card,Completed,Returning
O104067,2026-05-21,C1086,Customer 1086,Male,48,Kolkata,West Bengal,East,P2048,Accessories Product 2048,Electronics,Accessories,1,48876.98,0.15,41545.43,UPI,Completed,Returning
O104068,2026-05-27,C1004,Customer 1004,Male,52,New Delhi,Delhi,North,P2070,Men Product 2070,Fashion,Men,1,49797.81,0,49797.81,UPI,Completed,Returning
O104069,2026-07-30,C1223,Customer 1223,Female,28,Patna,Bihar,East,P2099,Sportswear Product 2099,Sports,Sportswear,1,42924.55,0.1,38632.1,Credit Card,Completed,Returning
O104070,2026-06-08,C1338,Customer 1338,Male,32,Thrissur,Kerala,South,P2065,Makeup Product 2065,Beauty,Makeup,2,58267.22,0.1,104881,UPI,Completed,Returning
O104071,2025-11-08,C1448,Customer 1448,Female,31,Coimbatore,Tamil Nadu,South,P2060,Women Product 2060,Fashion,Women,1,54476.75,0.2,43581.4,UPI,Completed,Returning
O104072,2025-06-23,C1166,Customer 1166,Male,56,Jaipur,Rajasthan,North,P2046,Appliances Product 2046,Home & Kitchen,Appliances,3,3344.33,0.15,8528.04,UPI,Cancelled,Returning
O104073,2026-03-07,C1383,Customer 1383,Female,42,Jodhpur,Rajasthan,North,P2036,Mobiles Product 2036,Electronics,Mobiles,1,6463.39,0.25,4847.54,UPI,Completed,Returning
O104074,2026-04-08,C1344,Customer 1344,Female,40,Salem,Tamil Nadu,South,P2058,Women Product 2058,Fashion,Women,1,74077.42,0,74077.42,UPI,Completed,Returning
O104075,2025-04-11,C1383,Customer 1383,Female,42,Jodhpur,Rajasthan,North,P2076,Laptops Product 2076,Electronics,Laptops,2,33823.68,0,67647.36,UPI,Completed,Returning
O104076,2025-01-16,C1376,Customer 1376,Female,22,Pune,Maharashtra,West,P2038,Accessories Product 2038,Electronics,Accessories,3,15304.17,0.25,34434.38,UPI,Completed,New
O104077,2025-09-15,C1471,Customer 1471,Male,43,Kolkata,West Bengal,East,P2011,Footwear Product 2011,Fashion,Footwear,1,65143.66,0,65143.66,Net Banking,Completed,Returning
O104078,2025-09-01,C1278,Customer 1278,Female,54,Salem,Tamil Nadu,South,P2012,Fitness Product 2012,Sports,Fitness,2,70788.11,0.05,134497.41,UPI,Completed,Returning
O104079,2025-12-14,C1130,Customer 1130,Female,31,Kolkata,West Bengal,East,P2042,Sportswear Product 2042,Sports,Sportswear,1,46086.93,0.1,41478.24,Debit Card,Completed,Returning
O104080,2025-09-06,C1031,Customer 1031,Male,55,New Delhi,Delhi,North,P2039,Footwear Product 2039,Fashion,Footwear,2,15251.22,0.2,24401.95,Credit Card,Completed,Returning
O104081,2025-04-15,C1375,Customer 1375,Male,53,Surat,Gujarat,West,P2071,Mobiles Product 2071,Electronics,Mobiles,3,29513.79,0.05,84114.3,Debit Card,Completed,Returning
O104082,2025-10-14,C1011,Customer 1011,Male,43,Nagpur,Maharashtra,West,P2011,Footwear Product 2011,Fashion,Footwear,3,65143.66,0,195430.98,UPI,Completed,Returning
O104083,2025-06-18,C1476,Customer 1476,Female,22,Patna,Bihar,East,P2036,Mobiles Product 2036,Electronics,Mobiles,1,6463.39,0.1,5817.05,Cash on Delivery,Completed,Returning
O104084,2026-02-24,C1302,Customer 1302,Male,55,Chennai,Tamil Nadu,South,P2052,Laptops Product 2052,Electronics,Laptops,1,54024.37,0.1,48621.93,Net Banking,Completed,Returning
O104085,2025-02-16,C1096,Customer 1096,Female,24,Kanpur,Uttar Pradesh,North,P2031,Makeup Product 2031,Beauty,Makeup,2,36193.87,0.05,68768.35,UPI,Completed,New
O104086,2025-02-12,C1190,Customer 1190,Female,32,New Delhi,Delhi,North,P2033,Footwear Product 2033,Fashion,Footwear,1,37566.95,0.2,30053.56,UPI,Completed,New
O104087,2025-11-17,C1453,Customer 1453,Female,46,Patna,Bihar,East,P2013,Appliances Product 2013,Home & Kitchen,Appliances,2,72349.68,0.15,122994.46,Debit Card,Completed,Returning
O104088,2025-08-09,C1192,Customer 1192,Male,55,Hyderabad,Telangana,South,P2018,Women Product 2018,Fashion,Women,2,15516.48,0.2,24826.37,Cash on Delivery,Completed,Returning
O104089,2026-05-28,C1486,Customer 1486,Female,58,Cuttack,Odisha,East,P2041,Accessories Product 2041,Electronics,Accessories,1,2659.49,0,2659.49,Credit Card,Completed,Returning
O104090,2026-03-17,C1266,Customer 1266,Female,47,Thrissur,Kerala,South,P2058,Women Product 2058,Fashion,Women,3,74077.42,0.15,188897.42,Credit Card,Completed,Returning
O104091,2025-05-24,C1424,Customer 1424,Male,30,Noida,Uttar Pradesh,North,P2056,Fitness Product 2056,Sports,Fitness,1,65159.96,0.25,48869.97,UPI,Completed,Returning
O104092,2025-01-28,C1128,Customer 1128,Male,39,Thrissur,Kerala,South,P2024,Men Product 2024,Fashion,Men,5,15279.2,0.1,68756.4,Credit Card,Completed,New
O104093,2026-07-07,C1238,Customer 1238,Female,27,New Delhi,Delhi,North,P2073,Mobiles Product 2073,Electronics,Mobiles,3,58078.44,0,174235.32,UPI,Completed,Returning
O104094,2025-06-16,C1408,Customer 1408,Female,23,Patna,Bihar,East,P2031,Makeup Product 2031,Beauty,Makeup,2,36193.87,0.25,54290.81,Credit Card,Completed,Returning
O104095,2026-08-09,C1355,Customer 1355,Female,56,New Delhi,Delhi,North,P2055,Accessories Product 2055,Electronics,Accessories,1,15507.3,0.1,13956.57,UPI,Cancelled,Returning
O104096,2025-09-06,C1428,Customer 1428,Female,59,Jaipur,Rajasthan,North,P2010,Sportswear Product 2010,Sports,Sportswear,4,51133.3,0.15,173853.22,UPI,Completed,Returning
O104097,2025-12-23,C1112,Customer 1112,Male,55,Patna,Bihar,East,P2060,Women Product 2060,Fashion,Women,3,54476.75,0,163430.25,Debit Card,Completed,Returning
O104098,2025-04-21,C1316,Customer 1316,Female,47,Cuttack,Odisha,East,P2002,Sportswear Product 2002,Sports,Sportswear,1,72675.18,0.1,65407.66,Debit Card,Completed,Returning
O104099,2025-08-22,C1446,Customer 1446,Male,24,Ahmedabad,Gujarat,West,P2015,Furniture Product 2015,Home & Kitchen,Furniture,1,17477.61,0.2,13982.09,UPI,Completed,Returning
O104100,2025-01-24,C1343,Customer 1343,Male,20,Patna,Bihar,East,P2003,Makeup Product 2003,Beauty,Makeup,1,44701.37,0.1,40231.23,Cash on Delivery,Completed,New
O104101,2025-01-26,C1145,Customer 1145,Female,21,Noida,Uttar Pradesh,North,P2043,Furniture Product 2043,Home & Kitchen,Furniture,5,47010.26,0.05,223298.74,UPI,Cancelled,New
O104102,2026-01-16,C1065,Customer 1065,Male,38,Thrissur,Kerala,South,P2031,Makeup Product 2031,Beauty,Makeup,3,36193.87,0,108581.61,Credit Card,Completed,Returning
O104103,2025-12-12,C1247,Customer 1247,Male,50,Warangal,Telangana,South,P2070,Men Product 2070,Fashion,Men,4,49797.81,0.05,189231.68,Debit Card,Completed,Returning
O104104,2026-01-13,C1223,Customer 1223,Female,28,Patna,Bihar,East,P2067,Laptops Product 2067,Electronics,Laptops,3,38592.36,0.05,109988.23,Debit Card,Cancelled,Returning
O104105,2026-06-06,C1479,Customer 1479,Male,57,Salem,Tamil Nadu,South,P2056,Fitness Product 2056,Sports,Fitness,1,65159.96,0.15,55385.97,Net Banking,Completed,Returning
O104106,2025-01-17,C1490,Customer 1490,Male,45,Salem,Tamil Nadu,South,P2063,Women Product 2063,Fashion,Women,1,27128.58,0,27128.58,UPI,Completed,New
O104107,2025-09-02,C1313,Customer 1313,Female,52,Chennai,Tamil Nadu,South,P2075,Laptops Product 2075,Electronics,Laptops,1,5790.21,0,5790.21,UPI,Completed,Returning
O104108,2026-06-23,C1439,Customer 1439,Male,24,Bhubaneswar,Odisha,East,P2015,Furniture Product 2015,Home & Kitchen,Furniture,1,17477.61,0.05,16603.73,Debit Card,Completed,Returning
O104109,2026-08-06,C1106,Customer 1106,Female,52,Mysuru,Karnataka,South,P2092,Footwear Product 2092,Fashion,Footwear,2,2539.03,0.1,4570.25,UPI,Completed,Returning
O104110,2025-07-21,C1181,Customer 1181,Male,42,Bhubaneswar,Odisha,East,P2010,Sportswear Product 2010,Sports,Sportswear,4,51133.3,0.1,184079.88,UPI,Completed,Returning
O104111,2025-09-05,C1184,Customer 1184,Male,60,Ahmedabad,Gujarat,West,P2038,Accessories Product 2038,Electronics,Accessories,5,15304.17,0.15,65042.72,Debit Card,Cancelled,Returning
O104112,2025-04-28,C1226,Customer 1226,Female,57,Hyderabad,Telangana,South,P2047,Laptops Product 2047,Electronics,Laptops,1,6397.76,0.2,5118.21,Credit Card,Completed,Returning
O104113,2025-01-09,C1265,Customer 1265,Male,32,Noida,Uttar Pradesh,North,P2057,Skincare Product 2057,Beauty,Skincare,2,63514.52,0.05,120677.59,Credit Card,Completed,New
O104114,2026-08-21,C1278,Customer 1278,Female,54,Salem,Tamil Nadu,South,P2050,Fitness Product 2050,Sports,Fitness,2,13904.21,0.1,25027.58,UPI,Completed,Returning
O104115,2025-01-23,C1397,Customer 1397,Female,34,Kochi,Kerala,South,P2071,Mobiles Product 2071,Electronics,Mobiles,2,29513.79,0.05,56076.2,UPI,Completed,New
O104116,2025-08-28,C1089,Customer 1089,Female,45,New Delhi,Delhi,North,P2015,Furniture Product 2015,Home & Kitchen,Furniture,2,17477.61,0,34955.22,UPI,Completed,Returning
O104117,2026-08-08,C1176,Customer 1176,Female,42,Warangal,Telangana,South,P2018,Women Product 2018,Fashion,Women,1,15516.48,0.1,13964.83,Credit Card,Completed,Returning
O104118,2025-01-27,C1018,Customer 1018,Female,45,Bhubaneswar,Odisha,East,P2082,Makeup Product 2082,Beauty,Makeup,4,65159.86,0.15,221543.52,UPI,Returned,New
O104119,2025-03-22,C1371,Customer 1371,Female,50,Cuttack,Odisha,East,P2088,Men Product 2088,Fashion,Men,2,36148.31,0,72296.62,Cash on Delivery,Completed,Returning
O104120,2026-08-19,C1460,Customer 1460,Male,55,Lucknow,Uttar Pradesh,North,P2002,Sportswear Product 2002,Sports,Sportswear,2,72675.18,0,145350.36,UPI,Completed,Returning
O104121,2025-07-18,C1424,Customer 1424,Male,30,Noida,Uttar Pradesh,North,P2084,Fitness Product 2084,Sports,Fitness,1,39978.36,0.15,33981.61,Cash on Delivery,Completed,Returning
O104122,2026-07-09,C1401,Customer 1401,Female,52,Warangal,Telangana,South,P2098,Women Product 2098,Fashion,Women,1,18537.8,0.15,15757.13,Credit Card,Returned,Returning
O104123,2025-04-02,C1399,Customer 1399,Female,53,Jodhpur,Rajasthan,North,P2043,Furniture Product 2043,Home & Kitchen,Furniture,1,47010.26,0.05,44659.75,UPI,Completed,New
O104124,2025-03-25,C1106,Customer 1106,Female,52,Mysuru,Karnataka,South,P2026,Furniture Product 2026,Home & Kitchen,Furniture,3,59877.66,0.1,161669.68,UPI,Completed,Returning
O104125,2025-10-27,C1271,Customer 1271,Female,51,Ahmedabad,Gujarat,West,P2071,Mobiles Product 2071,Electronics,Mobiles,4,29513.79,0.25,88541.37,UPI,Completed,Returning
O104126,2025-10-23,C1463,Customer 1463,Female,54,New Delhi,Delhi,North,P2038,Accessories Product 2038,Electronics,Accessories,1,15304.17,0.05,14538.96,Credit Card,Completed,Returning
O104127,2026-03-30,C1319,Customer 1319,Male,54,Coimbatore,Tamil Nadu,South,P2094,Women Product 2094,Fashion,Women,3,14369.68,0.05,40953.59,Credit Card,Completed,Returning
O104128,2025-10-08,C1167,Customer 1167,Female,28,Bhubaneswar,Odisha,East,P2042,Sportswear Product 2042,Sports,Sportswear,1,46086.93,0,46086.93,Debit Card,Completed,Returning
O104129,2025-02-28,C1013,Customer 1013,Male,41,Hyderabad,Telangana,South,P2005,Appliances Product 2005,Home & Kitchen,Appliances,1,61463.29,0.15,52243.8,Credit Card,Completed,Returning
O104130,2025-12-08,C1337,Customer 1337,Male,46,Jaipur,Rajasthan,North,P2011,Footwear Product 2011,Fashion,Footwear,2,65143.66,0.05,123772.95,Debit Card,Completed,Returning
O104131,2026-04-10,C1032,Customer 1032,Male,39,Udaipur,Rajasthan,North,P2065,Makeup Product 2065,Beauty,Makeup,3,58267.22,0.25,131101.24,Debit Card,Completed,Returning
O104132,2025-12-08,C1393,Customer 1393,Female,57,Warangal,Telangana,South,P2034,Men Product 2034,Fashion,Men,1,42105.76,0.15,35789.9,UPI,Completed,Returning
O104133,2025-03-03,C1040,Customer 1040,Male,47,New Delhi,Delhi,North,P2001,Accessories Product 2001,Electronics,Accessories,1,63975.38,0.05,60776.61,Net Banking,Completed,Returning
O104134,2026-03-05,C1148,Customer 1148,Male,36,Jaipur,Rajasthan,North,P2083,Mobiles Product 2083,Electronics,Mobiles,2,2853.83,0,5707.66,Net Banking,Completed,Returning
O104135,2025-09-13,C1218,Customer 1218,Male,42,Noida,Uttar Pradesh,North,P2002,Sportswear Product 2002,Sports,Sportswear,1,72675.18,0.1,65407.66,Cash on Delivery,Completed,Returning
O104136,2025-12-13,C1219,Customer 1219,Female,48,Madurai,Tamil Nadu,South,P2085,Fitness Product 2085,Sports,Fitness,4,48108.22,0.05,182811.24,UPI,Completed,Returning
O104137,2026-06-10,C1469,Customer 1469,Male,42,Kolkata,West Bengal,East,P2020,Footwear Product 2020,Fashion,Footwear,2,47078.66,0.2,75325.86,Net Banking,Completed,Returning
O104138,2025-10-31,C1082,Customer 1082,Female,35,New Delhi,Delhi,North,P2061,Women Product 2061,Fashion,Women,1,44949.95,0.1,40454.96,Cash on Delivery,Completed,Returning
O104139,2025-09-02,C1333,Customer 1333,Female,40,Hyderabad,Telangana,South,P2087,Kitchen Product 2087,Home & Kitchen,Kitchen,1,43974.9,0.05,41776.16,Debit Card,Completed,Returning
O104140,2026-02-16,C1208,Customer 1208,Female,40,Vadodara,Gujarat,West,P2021,Mobiles Product 2021,Electronics,Mobiles,4,68414.15,0.1,246290.94,Credit Card,Cancelled,Returning
O104141,2025-08-05,C1201,Customer 1201,Male,50,Cuttack,Odisha,East,P2088,Men Product 2088,Fashion,Men,2,36148.31,0,72296.62,Cash on Delivery,Completed,Returning
O104142,2026-05-31,C1447,Customer 1447,Male,60,Mangaluru,Karnataka,South,P2068,Furniture Product 2068,Home & Kitchen,Furniture,2,37073.16,0.1,66731.69,Cash on Delivery,Completed,Returning
O104143,2026-04-19,C1332,Customer 1332,Male,30,Kochi,Kerala,South,P2012,Fitness Product 2012,Sports,Fitness,1,70788.11,0,70788.11,Debit Card,Completed,Returning
O104144,2025-02-05,C1428,Customer 1428,Female,59,Jaipur,Rajasthan,North,P2022,Outdoor Product 2022,Sports,Outdoor,3,34818.67,0.1,94010.41,Credit Card,Completed,New
O104145,2025-06-27,C1038,Customer 1038,Male,42,Nagpur,Maharashtra,West,P2020,Footwear Product 2020,Fashion,Footwear,1,47078.66,0.1,42370.79,Net Banking,Completed,Returning
O104146,2026-01-22,C1211,Customer 1211,Male,35,Jodhpur,Rajasthan,North,P2082,Makeup Product 2082,Beauty,Makeup,2,65159.86,0.1,117287.75,UPI,Cancelled,Returning
O104147,2025-01-17,C1444,Customer 1444,Female,25,Warangal,Telangana,South,P2001,Accessories Product 2001,Electronics,Accessories,4,63975.38,0.15,217516.29,UPI,Completed,New
O104148,2025-02-17,C1327,Customer 1327,Male,24,Ahmedabad,Gujarat,West,P2030,Men Product 2030,Fashion,Men,1,64551.14,0,64551.14,Cash on Delivery,Cancelled,New
O104149,2025-03-03,C1249,Customer 1249,Male,58,Jaipur,Rajasthan,North,P2097,Footwear Product 2097,Fashion,Footwear,2,70862.68,0.1,127552.82,Net Banking,Completed,New
O104150,2025-03-10,C1227,Customer 1227,Male,26,Pune,Maharashtra,West,P2024,Men Product 2024,Fashion,Men,1,15279.2,0.1,13751.28,Cash on Delivery,Completed,Returning
O104151,2026-01-01,C1048,Customer 1048,Male,41,Ahmedabad,Gujarat,West,P2014,Skincare Product 2014,Beauty,Skincare,2,73803.13,0.1,132845.63,Debit Card,Completed,Returning
O104152,2025-06-11,C1018,Customer 1018,Female,45,Bhubaneswar,Odisha,East,P2036,Mobiles Product 2036,Electronics,Mobiles,1,6463.39,0.25,4847.54,Credit Card,Completed,Returning
O104153,2026-05-03,C1400,Customer 1400,Male,57,Patna,Bihar,East,P2069,Mobiles Product 2069,Electronics,Mobiles,4,33564.3,0,134257.2,Cash on Delivery,Completed,Returning
O104154,2026-03-07,C1439,Customer 1439,Male,24,Bhubaneswar,Odisha,East,P2075,Laptops Product 2075,Electronics,Laptops,1,5790.21,0.15,4921.68,UPI,Completed,Returning
O104155,2026-05-04,C1295,Customer 1295,Female,27,Ahmedabad,Gujarat,West,P2024,Men Product 2024,Fashion,Men,2,15279.2,0.05,29030.48,Net Banking,Completed,Returning
O104156,2025-08-18,C1196,Customer 1196,Female,31,Kochi,Kerala,South,P2060,Women Product 2060,Fashion,Women,3,54476.75,0.1,147087.22,Credit Card,Completed,Returning
O104157,2026-01-05,C1187,Customer 1187,Female,39,New Delhi,Delhi,North,P2095,Skincare Product 2095,Beauty,Skincare,5,33448.14,0.15,142154.6,UPI,Completed,Returning
O104158,2025-06-27,C1345,Customer 1345,Male,25,Udaipur,Rajasthan,North,P2055,Accessories Product 2055,Electronics,Accessories,2,15507.3,0,31014.6,UPI,Cancelled,Returning
O104159,2026-02-14,C1224,Customer 1224,Female,29,Patna,Bihar,East,P2077,Men Product 2077,Fashion,Men,1,32487.3,0.15,27614.2,Credit Card,Completed,Returning
O104160,2026-07-22,C1318,Customer 1318,Male,32,Kozhikode,Kerala,South,P2080,Mobiles Product 2080,Electronics,Mobiles,1,26947.88,0,26947.88,Credit Card,Completed,Returning
O104161,2026-08-13,C1488,Customer 1488,Female,58,Cuttack,Odisha,East,P2024,Men Product 2024,Fashion,Men,1,15279.2,0.1,13751.28,UPI,Completed,Returning
O104162,2025-09-27,C1397,Customer 1397,Female,34,Kochi,Kerala,South,P2077,Men Product 2077,Fashion,Men,2,32487.3,0.15,55228.41,Credit Card,Completed,Returning
O104163,2025-07-25,C1365,Customer 1365,Male,23,Patna,Bihar,East,P2024,Men Product 2024,Fashion,Men,1,15279.2,0,15279.2,Debit Card,Completed,Returning
O104164,2025-03-23,C1337,Customer 1337,Male,46,Jaipur,Rajasthan,North,P2054,Accessories Product 2054,Electronics,Accessories,1,51113.05,0.15,43446.09,Debit Card,Completed,Returning
O104165,2025-07-12,C1497,Customer 1497,Male,29,Jodhpur,Rajasthan,North,P2026,Furniture Product 2026,Home & Kitchen,Furniture,1,59877.66,0,59877.66,UPI,Completed,Returning
O104166,2025-07-08,C1229,Customer 1229,Male,59,Mumbai,Maharashtra,West,P2066,Furniture Product 2066,Home & Kitchen,Furniture,2,13722.33,0.15,23327.96,Debit Card,Returned,Returning
O104167,2025-10-03,C1390,Customer 1390,Male,58,Mangaluru,Karnataka,South,P2080,Mobiles Product 2080,Electronics,Mobiles,1,26947.88,0.1,24253.09,UPI,Completed,Returning
O104168,2025-03-15,C1467,Customer 1467,Female,45,Pune,Maharashtra,West,P2038,Accessories Product 2038,Electronics,Accessories,1,15304.17,0.15,13008.54,UPI,Completed,New
O104169,2025-01-10,C1077,Customer 1077,Female,53,Cuttack,Odisha,East,P2065,Makeup Product 2065,Beauty,Makeup,1,58267.22,0.2,46613.78,UPI,Completed,New
O104170,2025-08-04,C1188,Customer 1188,Male,44,Warangal,Telangana,South,P2075,Laptops Product 2075,Electronics,Laptops,2,5790.21,0.05,11001.4,Debit Card,Completed,Returning
O104171,2025-10-17,C1346,Customer 1346,Male,47,Udaipur,Rajasthan,North,P2051,Makeup Product 2051,Beauty,Makeup,2,3561.53,0.05,6766.91,UPI,Completed,Returning
O104172,2026-03-21,C1270,Customer 1270,Male,25,Cuttack,Odisha,East,P2035,Mobiles Product 2035,Electronics,Mobiles,1,38973.06,0.2,31178.45,UPI,Completed,Returning
O104173,2026-07-06,C1095,Customer 1095,Female,47,Salem,Tamil Nadu,South,P2043,Furniture Product 2043,Home & Kitchen,Furniture,3,47010.26,0,141030.78,UPI,Completed,Returning
O104174,2025-07-12,C1310,Customer 1310,Female,46,New Delhi,Delhi,North,P2029,Appliances Product 2029,Home & Kitchen,Appliances,1,54225.01,0.1,48802.51,Cash on Delivery,Completed,Returning
O104175,2025-10-16,C1132,Customer 1132,Male,52,Noida,Uttar Pradesh,North,P2037,Haircare Product 2037,Beauty,Haircare,1,29950.17,0.2,23960.14,Cash on Delivery,Completed,Returning
O104176,2026-08-06,C1039,Customer 1039,Male,34,Warangal,Telangana,South,P2081,Men Product 2081,Fashion,Men,1,63359.53,0.15,53855.6,UPI,Completed,Returning
O104177,2025-05-24,C1072,Customer 1072,Female,42,Kolkata,West Bengal,East,P2058,Women Product 2058,Fashion,Women,2,74077.42,0,148154.84,UPI,Completed,Returning
O104178,2026-01-24,C1281,Customer 1281,Female,37,Patna,Bihar,East,P2054,Accessories Product 2054,Electronics,Accessories,2,51113.05,0,102226.1,Cash on Delivery,Cancelled,Returning
O104179,2026-02-11,C1333,Customer 1333,Female,40,Hyderabad,Telangana,South,P2039,Footwear Product 2039,Fashion,Footwear,1,15251.22,0.05,14488.66,UPI,Completed,Returning
O104180,2026-01-05,C1160,Customer 1160,Female,48,Kochi,Kerala,South,P2042,Sportswear Product 2042,Sports,Sportswear,2,46086.93,0.05,87565.17,UPI,Completed,Returning
O104181,2026-03-17,C1187,Customer 1187,Female,39,New Delhi,Delhi,North,P2028,Furniture Product 2028,Home & Kitchen,Furniture,1,29619.27,0,29619.27,UPI,Completed,Returning
O104182,2026-07-18,C1486,Customer 1486,Female,58,Cuttack,Odisha,East,P2029,Appliances Product 2029,Home & Kitchen,Appliances,5,54225.01,0.15,230456.29,Cash on Delivery,Completed,Returning
O104183,2026-06-13,C1191,Customer 1191,Male,38,Nagpur,Maharashtra,West,P2043,Furniture Product 2043,Home & Kitchen,Furniture,2,47010.26,0.05,89319.49,Debit Card,Completed,Returning
O104184,2025-01-13,C1422,Customer 1422,Female,35,Kozhikode,Kerala,South,P2003,Makeup Product 2003,Beauty,Makeup,2,44701.37,0.2,71522.19,UPI,Completed,New
O104185,2025-12-06,C1120,Customer 1120,Male,23,Cuttack,Odisha,East,P2010,Sportswear Product 2010,Sports,Sportswear,2,51133.3,0.15,86926.61,UPI,Completed,Returning
O104186,2025-11-08,C1220,Customer 1220,Male,30,New Delhi,Delhi,North,P2059,Mobiles Product 2059,Electronics,Mobiles,5,38695.49,0.2,154781.96,Cash on Delivery,Completed,Returning
O104187,2025-04-14,C1053,Customer 1053,Male,27,Lucknow,Uttar Pradesh,North,P2014,Skincare Product 2014,Beauty,Skincare,5,73803.13,0.05,350564.87,Credit Card,Completed,New
O104188,2025-12-05,C1222,Customer 1222,Male,31,Cuttack,Odisha,East,P2076,Laptops Product 2076,Electronics,Laptops,2,33823.68,0.1,60882.62,Debit Card,Completed,Returning
O104189,2025-07-17,C1451,Customer 1451,Female,33,Vadodara,Gujarat,West,P2047,Laptops Product 2047,Electronics,Laptops,1,6397.76,0.05,6077.87,UPI,Completed,Returning
O104190,2025-10-27,C1412,Customer 1412,Female,36,Ahmedabad,Gujarat,West,P2042,Sportswear Product 2042,Sports,Sportswear,1,46086.93,0.05,43782.58,Net Banking,Completed,Returning
O104191,2026-03-20,C1131,Customer 1131,Female,54,Hyderabad,Telangana,South,P2094,Women Product 2094,Fashion,Women,1,14369.68,0.1,12932.71,UPI,Returned,Returning
O104192,2025-12-25,C1237,Customer 1237,Female,38,Thrissur,Kerala,South,P2032,Mobiles Product 2032,Electronics,Mobiles,2,7978.59,0.15,13563.6,Net Banking,Completed,Returning
O104193,2026-01-03,C1246,Customer 1246,Female,25,Kolkata,West Bengal,East,P2032,Mobiles Product 2032,Electronics,Mobiles,1,7978.59,0,7978.59,UPI,Completed,Returning
O104194,2025-06-18,C1226,Customer 1226,Female,57,Hyderabad,Telangana,South,P2042,Sportswear Product 2042,Sports,Sportswear,4,46086.93,0.05,175130.33,UPI,Completed,Returning
O104195,2025-05-29,C1208,Customer 1208,Female,40,Vadodara,Gujarat,West,P2032,Mobiles Product 2032,Electronics,Mobiles,2,7978.59,0,15957.18,Credit Card,Cancelled,Returning
O104196,2025-02-11,C1406,Customer 1406,Female,24,Bengaluru,Karnataka,South,P2026,Furniture Product 2026,Home & Kitchen,Furniture,3,59877.66,0.15,152688.03,Net Banking,Completed,New
O104197,2025-07-21,C1096,Customer 1096,Female,24,Kanpur,Uttar Pradesh,North,P2001,Accessories Product 2001,Electronics,Accessories,1,63975.38,0.2,51180.3,Credit Card,Completed,Returning
O104198,2025-09-01,C1422,Customer 1422,Female,35,Kozhikode,Kerala,South,P2056,Fitness Product 2056,Sports,Fitness,2,65159.96,0,130319.92,UPI,Completed,Returning
O104199,2026-04-09,C1200,Customer 1200,Male,33,Kolkata,West Bengal,East,P2002,Sportswear Product 2002,Sports,Sportswear,1,72675.18,0.05,69041.42,Credit Card,Completed,Returning
O104200,2026-03-25,C1247,Customer 1247,Male,50,Warangal,Telangana,South,P2081,Men Product 2081,Fashion,Men,2,63359.53,0.2,101375.25,Debit Card,Cancelled,Returning
O104201,2026-03-13,C1072,Customer 1072,Female,42,Kolkata,West Bengal,East,P2030,Men Product 2030,Fashion,Men,2,64551.14,0.05,122647.17,Debit Card,Completed,Returning
O104202,2026-06-15,C1318,Customer 1318,Male,32,Kozhikode,Kerala,South,P2071,Mobiles Product 2071,Electronics,Mobiles,1,29513.79,0.15,25086.72,Credit Card,Completed,Returning
O104203,2026-07-19,C1185,Customer 1185,Male,49,Surat,Gujarat,West,P2052,Laptops Product 2052,Electronics,Laptops,3,54024.37,0,162073.11,UPI,Completed,Returning
O104204,2026-08-20,C1006,Customer 1006,Female,37,Salem,Tamil Nadu,South,P2091,Accessories Product 2091,Electronics,Accessories,1,36816.84,0.1,33135.16,Debit Card,Returned,Returning
O104205,2025-09-30,C1206,Customer 1206,Male,31,Kolkata,West Bengal,East,P2009,Skincare Product 2009,Beauty,Skincare,2,22588.57,0.1,40659.43,UPI,Completed,Returning
O104206,2026-03-06,C1032,Customer 1032,Male,39,Udaipur,Rajasthan,North,P2022,Outdoor Product 2022,Sports,Outdoor,1,34818.67,0.15,29595.87,Cash on Delivery,Completed,Returning
O104207,2025-08-01,C1099,Customer 1099,Female,31,Vadodara,Gujarat,West,P2034,Men Product 2034,Fashion,Men,3,42105.76,0.05,120001.42,Credit Card,Completed,Returning
O104208,2025-04-14,C1394,Customer 1394,Female,53,Bhubaneswar,Odisha,East,P2049,Appliances Product 2049,Home & Kitchen,Appliances,1,16675.28,0.05,15841.52,Credit Card,Completed,Returning
O104209,2025-07-11,C1387,Customer 1387,Male,33,Hyderabad,Telangana,South,P2001,Accessories Product 2001,Electronics,Accessories,2,63975.38,0.05,121553.22,UPI,Completed,Returning
O104210,2026-01-15,C1256,Customer 1256,Male,32,Mumbai,Maharashtra,West,P2073,Mobiles Product 2073,Electronics,Mobiles,1,58078.44,0.1,52270.6,UPI,Completed,Returning
O104211,2025-03-22,C1187,Customer 1187,Female,39,New Delhi,Delhi,North,P2084,Fitness Product 2084,Sports,Fitness,1,39978.36,0.2,31982.69,Credit Card,Completed,New
O104212,2026-07-03,C1076,Customer 1076,Female,20,Hyderabad,Telangana,South,P2053,Mobiles Product 2053,Electronics,Mobiles,3,37147.78,0.15,94726.84,UPI,Completed,Returning
O104213,2026-01-12,C1177,Customer 1177,Male,51,Surat,Gujarat,West,P2083,Mobiles Product 2083,Electronics,Mobiles,1,2853.83,0,2853.83,Cash on Delivery,Completed,Returning
O104214,2025-06-03,C1315,Customer 1315,Male,32,Kozhikode,Kerala,South,P2100,Mobiles Product 2100,Electronics,Mobiles,2,51807.65,0.2,82892.24,Credit Card,Completed,Returning
O104215,2026-07-25,C1287,Customer 1287,Male,22,Jodhpur,Rajasthan,North,P2040,Mobiles Product 2040,Electronics,Mobiles,1,71380.78,0,71380.78,UPI,Completed,Returning
O104216,2025-08-28,C1349,Customer 1349,Female,50,Jaipur,Rajasthan,North,P2045,Laptops Product 2045,Electronics,Laptops,1,61352.14,0.05,58284.53,UPI,Completed,Returning
O104217,2026-01-09,C1255,Customer 1255,Male,22,New Delhi,Delhi,North,P2068,Furniture Product 2068,Home & Kitchen,Furniture,2,37073.16,0.15,63024.37,Debit Card,Completed,Returning
O104218,2025-07-23,C1325,Customer 1325,Female,29,Mangaluru,Karnataka,South,P2009,Skincare Product 2009,Beauty,Skincare,2,22588.57,0,45177.14,UPI,Completed,Returning
O104219,2025-12-16,C1190,Customer 1190,Female,32,New Delhi,Delhi,North,P2022,Outdoor Product 2022,Sports,Outdoor,2,34818.67,0,69637.34,Credit Card,Completed,Returning
O104220,2025-05-23,C1308,Customer 1308,Female,60,Ahmedabad,Gujarat,West,P2018,Women Product 2018,Fashion,Women,2,15516.48,0.05,29481.31,Credit Card,Completed,Returning
O104221,2025-07-08,C1345,Customer 1345,Male,25,Udaipur,Rajasthan,North,P2076,Laptops Product 2076,Electronics,Laptops,1,33823.68,0.15,28750.13,UPI,Completed,Returning
O104222,2025-09-29,C1127,Customer 1127,Female,46,Nagpur,Maharashtra,West,P2043,Furniture Product 2043,Home & Kitchen,Furniture,1,47010.26,0.1,42309.23,Debit Card,Completed,Returning
O104223,2026-06-16,C1425,Customer 1425,Female,35,New Delhi,Delhi,North,P2039,Footwear Product 2039,Fashion,Footwear,1,15251.22,0.05,14488.66,Debit Card,Completed,Returning
O104224,2025-10-27,C1287,Customer 1287,Male,22,Jodhpur,Rajasthan,North,P2073,Mobiles Product 2073,Electronics,Mobiles,3,58078.44,0.15,148100.02,Cash on Delivery,Completed,Returning
O104225,2026-03-02,C1254,Customer 1254,Male,58,Thrissur,Kerala,South,P2006,Accessories Product 2006,Electronics,Accessories,3,33608.93,0.15,85702.77,Credit Card,Completed,Returning
O104226,2025-02-15,C1213,Customer 1213,Male,58,Cuttack,Odisha,East,P2083,Mobiles Product 2083,Electronics,Mobiles,1,2853.83,0.15,2425.76,Credit Card,Completed,New
O104227,2025-04-05,C1250,Customer 1250,Male,46,Noida,Uttar Pradesh,North,P2048,Accessories Product 2048,Electronics,Accessories,1,48876.98,0.1,43989.28,UPI,Completed,Returning
O104228,2025-03-05,C1084,Customer 1084,Female,24,Mumbai,Maharashtra,West,P2007,Mobiles Product 2007,Electronics,Mobiles,1,70839.48,0,70839.48,Credit Card,Completed,New
O104229,2026-02-17,C1487,Customer 1487,Male,36,New Delhi,Delhi,North,P2080,Mobiles Product 2080,Electronics,Mobiles,5,26947.88,0,134739.4,UPI,Completed,Returning
O104230,2025-01-09,C1383,Customer 1383,Female,42,Jodhpur,Rajasthan,North,P2069,Mobiles Product 2069,Electronics,Mobiles,3,33564.3,0.15,85588.97,Debit Card,Completed,New
O104231,2026-04-04,C1406,Customer 1406,Female,24,Bengaluru,Karnataka,South,P2016,Mobiles Product 2016,Electronics,Mobiles,1,48979.51,0.15,41632.58,UPI,Completed,Returning
O104232,2026-02-13,C1388,Customer 1388,Male,21,Patna,Bihar,East,P2001,Accessories Product 2001,Electronics,Accessories,2,63975.38,0.25,95963.07,Credit Card,Completed,Returning
O104233,2026-04-15,C1013,Customer 1013,Male,41,Hyderabad,Telangana,South,P2037,Haircare Product 2037,Beauty,Haircare,1,29950.17,0,29950.17,UPI,Completed,Returning
O104234,2026-05-21,C1045,Customer 1045,Female,41,Cuttack,Odisha,East,P2083,Mobiles Product 2083,Electronics,Mobiles,2,2853.83,0,5707.66,Debit Card,Completed,Returning
O104235,2025-03-14,C1127,Customer 1127,Female,46,Nagpur,Maharashtra,West,P2037,Haircare Product 2037,Beauty,Haircare,2,29950.17,0,59900.34,Credit Card,Completed,Returning
O104236,2025-03-25,C1426,Customer 1426,Male,27,Bengaluru,Karnataka,South,P2081,Men Product 2081,Fashion,Men,1,63359.53,0,63359.53,Credit Card,Completed,Returning
O104237,2025-02-28,C1114,Customer 1114,Female,50,Kozhikode,Kerala,South,P2064,Furniture Product 2064,Home & Kitchen,Furniture,3,47477.55,0.1,128189.39,Cash on Delivery,Completed,Returning
O104238,2025-01-21,C1433,Customer 1433,Male,22,Warangal,Telangana,South,P2090,Men Product 2090,Fashion,Men,2,43634.38,0.25,65451.57,Debit Card,Completed,New
O104239,2026-04-03,C1276,Customer 1276,Female,56,Mangaluru,Karnataka,South,P2086,Mobiles Product 2086,Electronics,Mobiles,1,70060.46,0.1,63054.41,UPI,Completed,Returning
O104240,2025-06-06,C1500,Customer 1500,Female,37,Ahmedabad,Gujarat,West,P2062,Makeup Product 2062,Beauty,Makeup,2,20979.04,0.1,37762.27,Credit Card,Completed,Returning
O104241,2025-11-25,C1205,Customer 1205,Female,54,Cuttack,Odisha,East,P2072,Outdoor Product 2072,Sports,Outdoor,1,64391.57,0.15,54732.83,Credit Card,Completed,Returning
O104242,2026-07-27,C1337,Customer 1337,Male,46,Jaipur,Rajasthan,North,P2061,Women Product 2061,Fashion,Women,4,44949.95,0,179799.8,Net Banking,Cancelled,Returning
O104243,2026-07-30,C1438,Customer 1438,Female,40,Pune,Maharashtra,West,P2033,Footwear Product 2033,Fashion,Footwear,1,37566.95,0.15,31931.91,Net Banking,Completed,Returning
O104244,2025-07-22,C1420,Customer 1420,Female,30,Madurai,Tamil Nadu,South,P2066,Furniture Product 2066,Home & Kitchen,Furniture,1,13722.33,0.1,12350.1,UPI,Completed,Returning
O104245,2025-04-16,C1481,Customer 1481,Female,34,Pune,Maharashtra,West,P2030,Men Product 2030,Fashion,Men,2,64551.14,0,129102.28,Net Banking,Cancelled,Returning
O104246,2025-05-02,C1385,Customer 1385,Male,56,Thrissur,Kerala,South,P2020,Footwear Product 2020,Fashion,Footwear,2,47078.66,0.1,84741.59,UPI,Completed,New
O104247,2025-11-14,C1399,Customer 1399,Female,53,Jodhpur,Rajasthan,North,P2060,Women Product 2060,Fashion,Women,1,54476.75,0.1,49029.08,Net Banking,Completed,Returning
O104248,2025-07-01,C1461,Customer 1461,Female,20,Vadodara,Gujarat,West,P2082,Makeup Product 2082,Beauty,Makeup,5,65159.86,0,325799.3,UPI,Returned,Returning
O104249,2025-11-12,C1273,Customer 1273,Female,35,Jaipur,Rajasthan,North,P2074,Mobiles Product 2074,Electronics,Mobiles,1,18005.98,0.05,17105.68,UPI,Completed,Returning
O104250,2026-02-10,C1408,Customer 1408,Female,23,Patna,Bihar,East,P2024,Men Product 2024,Fashion,Men,1,15279.2,0.05,14515.24,Net Banking,Cancelled,Returning
O104251,2025-03-11,C1058,Customer 1058,Male,51,Thrissur,Kerala,South,P2004,Kitchen Product 2004,Home & Kitchen,Kitchen,3,1952.63,0.05,5565,Credit Card,Completed,Returning
O104252,2025-06-09,C1328,Customer 1328,Male,52,Patna,Bihar,East,P2037,Haircare Product 2037,Beauty,Haircare,1,29950.17,0.05,28452.66,Cash on Delivery,Returned,New
O104253,2025-08-28,C1498,Customer 1498,Female,22,New Delhi,Delhi,North,P2004,Kitchen Product 2004,Home & Kitchen,Kitchen,1,1952.63,0.1,1757.37,UPI,Completed,Returning
O104254,2026-06-07,C1219,Customer 1219,Female,48,Madurai,Tamil Nadu,South,P2077,Men Product 2077,Fashion,Men,2,32487.3,0.1,58477.14,Credit Card,Completed,Returning
O104255,2025-05-18,C1109,Customer 1109,Female,42,Bhubaneswar,Odisha,East,P2089,Women Product 2089,Fashion,Women,1,71400.34,0.1,64260.31,Debit Card,Completed,Returning
O104256,2026-05-10,C1279,Customer 1279,Male,38,Bhubaneswar,Odisha,East,P2077,Men Product 2077,Fashion,Men,5,32487.3,0.25,121827.38,UPI,Completed,Returning
O104257,2025-09-04,C1174,Customer 1174,Female,51,Udaipur,Rajasthan,North,P2018,Women Product 2018,Fashion,Women,1,15516.48,0.1,13964.83,UPI,Completed,Returning
O104258,2026-06-27,C1328,Customer 1328,Male,52,Patna,Bihar,East,P2088,Men Product 2088,Fashion,Men,2,36148.31,0.1,65066.96,UPI,Completed,Returning
O104259,2026-06-08,C1264,Customer 1264,Male,22,Kolkata,West Bengal,East,P2066,Furniture Product 2066,Home & Kitchen,Furniture,1,13722.33,0.15,11663.98,Cash on Delivery,Completed,Returning
O104260,2025-08-31,C1315,Customer 1315,Male,32,Kozhikode,Kerala,South,P2048,Accessories Product 2048,Electronics,Accessories,1,48876.98,0.1,43989.28,Net Banking,Completed,Returning
O104261,2025-12-02,C1474,Customer 1474,Female,33,Kolkata,West Bengal,East,P2033,Footwear Product 2033,Fashion,Footwear,2,37566.95,0,75133.9,Credit Card,Completed,Returning
O104262,2026-02-26,C1111,Customer 1111,Female,24,Mangaluru,Karnataka,South,P2058,Women Product 2058,Fashion,Women,2,74077.42,0.05,140747.1,UPI,Completed,Returning
O104263,2025-07-13,C1187,Customer 1187,Female,39,New Delhi,Delhi,North,P2083,Mobiles Product 2083,Electronics,Mobiles,3,2853.83,0.15,7277.27,UPI,Completed,Returning
O104264,2025-11-04,C1269,Customer 1269,Male,57,Kolkata,West Bengal,East,P2073,Mobiles Product 2073,Electronics,Mobiles,1,58078.44,0.15,49366.67,Credit Card,Completed,Returning
O104265,2026-05-21,C1423,Customer 1423,Female,50,Chennai,Tamil Nadu,South,P2028,Furniture Product 2028,Home & Kitchen,Furniture,2,29619.27,0.25,44428.9,Cash on Delivery,Cancelled,Returning
O104266,2025-10-08,C1229,Customer 1229,Male,59,Mumbai,Maharashtra,West,P2035,Mobiles Product 2035,Electronics,Mobiles,1,38973.06,0.1,35075.75,Debit Card,Completed,Returning
O104267,2026-03-15,C1497,Customer 1497,Male,29,Jodhpur,Rajasthan,North,P2010,Sportswear Product 2010,Sports,Sportswear,2,51133.3,0.2,81813.28,Credit Card,Completed,Returning
O104268,2026-08-31,C1156,Customer 1156,Female,60,Vadodara,Gujarat,West,P2065,Makeup Product 2065,Beauty,Makeup,2,58267.22,0,116534.44,Credit Card,Returned,Returning
O104269,2026-04-28,C1473,Customer 1473,Male,45,Patna,Bihar,East,P2042,Sportswear Product 2042,Sports,Sportswear,1,46086.93,0.1,41478.24,Cash on Delivery,Completed,Returning
O104270,2025-08-11,C1189,Customer 1189,Male,41,New Delhi,Delhi,North,P2085,Fitness Product 2085,Sports,Fitness,2,48108.22,0.2,76973.15,Credit Card,Completed,Returning
O104271,2025-04-27,C1272,Customer 1272,Female,40,Mysuru,Karnataka,South,P2009,Skincare Product 2009,Beauty,Skincare,1,22588.57,0.05,21459.14,Cash on Delivery,Completed,New
O104272,2025-07-11,C1375,Customer 1375,Male,53,Surat,Gujarat,West,P2060,Women Product 2060,Fashion,Women,2,54476.75,0,108953.5,UPI,Completed,Returning
O104273,2026-05-31,C1002,Customer 1002,Female,51,Ahmedabad,Gujarat,West,P2015,Furniture Product 2015,Home & Kitchen,Furniture,2,17477.61,0.05,33207.46,Debit Card,Completed,Returning
O104274,2026-06-14,C1246,Customer 1246,Female,25,Kolkata,West Bengal,East,P2099,Sportswear Product 2099,Sports,Sportswear,1,42924.55,0.15,36485.87,Debit Card,Completed,Returning
O104275,2025-11-03,C1210,Customer 1210,Male,42,New Delhi,Delhi,North,P2057,Skincare Product 2057,Beauty,Skincare,4,63514.52,0,254058.08,Debit Card,Completed,Returning
O104276,2026-06-16,C1401,Customer 1401,Female,52,Warangal,Telangana,South,P2069,Mobiles Product 2069,Electronics,Mobiles,1,33564.3,0.1,30207.87,Debit Card,Cancelled,Returning
O104277,2025-05-02,C1286,Customer 1286,Male,20,Lucknow,Uttar Pradesh,North,P2022,Outdoor Product 2022,Sports,Outdoor,4,34818.67,0,139274.68,UPI,Returned,Returning
O104278,2026-08-15,C1359,Customer 1359,Male,36,Ahmedabad,Gujarat,West,P2064,Furniture Product 2064,Home & Kitchen,Furniture,1,47477.55,0.1,42729.8,UPI,Completed,Returning
O104279,2025-06-03,C1013,Customer 1013,Male,41,Hyderabad,Telangana,South,P2041,Accessories Product 2041,Electronics,Accessories,4,2659.49,0.25,7978.47,Cash on Delivery,Completed,Returning
O104280,2026-06-21,C1096,Customer 1096,Female,24,Kanpur,Uttar Pradesh,North,P2087,Kitchen Product 2087,Home & Kitchen,Kitchen,1,43974.9,0,43974.9,UPI,Completed,Returning
O104281,2026-03-28,C1498,Customer 1498,Female,22,New Delhi,Delhi,North,P2071,Mobiles Product 2071,Electronics,Mobiles,1,29513.79,0,29513.79,Cash on Delivery,Completed,Returning
O104282,2025-06-18,C1221,Customer 1221,Male,37,Patna,Bihar,East,P2056,Fitness Product 2056,Sports,Fitness,4,65159.96,0.1,234575.86,Debit Card,Completed,Returning
O104283,2025-02-28,C1238,Customer 1238,Female,27,New Delhi,Delhi,North,P2023,Accessories Product 2023,Electronics,Accessories,1,9651.38,0.1,8686.24,Credit Card,Completed,New
O104284,2025-10-28,C1094,Customer 1094,Female,33,Noida,Uttar Pradesh,North,P2025,Footwear Product 2025,Fashion,Footwear,1,48968.5,0.05,46520.08,Cash on Delivery,Completed,Returning
O104285,2026-07-07,C1338,Customer 1338,Male,32,Thrissur,Kerala,South,P2091,Accessories Product 2091,Electronics,Accessories,3,36816.84,0.1,99405.47,Net Banking,Completed,Returning
O104286,2026-07-04,C1269,Customer 1269,Male,57,Kolkata,West Bengal,East,P2006,Accessories Product 2006,Electronics,Accessories,2,33608.93,0.25,50413.4,Credit Card,Completed,Returning
O104287,2025-04-27,C1171,Customer 1171,Female,55,Coimbatore,Tamil Nadu,South,P2034,Men Product 2034,Fashion,Men,2,42105.76,0.05,80000.94,UPI,Completed,Returning
O104288,2025-05-07,C1469,Customer 1469,Male,42,Kolkata,West Bengal,East,P2063,Women Product 2063,Fashion,Women,1,27128.58,0.05,25772.15,Net Banking,Completed,Returning
O104289,2026-02-09,C1094,Customer 1094,Female,33,Noida,Uttar Pradesh,North,P2009,Skincare Product 2009,Beauty,Skincare,2,22588.57,0.1,40659.43,Net Banking,Returned,Returning
O104290,2026-02-03,C1149,Customer 1149,Male,45,Mysuru,Karnataka,South,P2060,Women Product 2060,Fashion,Women,1,54476.75,0.1,49029.08,Net Banking,Completed,Returning
O104291,2026-05-30,C1112,Customer 1112,Male,55,Patna,Bihar,East,P2049,Appliances Product 2049,Home & Kitchen,Appliances,4,16675.28,0,66701.12,Debit Card,Completed,Returning
O104292,2026-05-13,C1055,Customer 1055,Male,58,Bhubaneswar,Odisha,East,P2097,Footwear Product 2097,Fashion,Footwear,2,70862.68,0.1,127552.82,UPI,Completed,Returning
O104293,2026-06-12,C1337,Customer 1337,Male,46,Jaipur,Rajasthan,North,P2051,Makeup Product 2051,Beauty,Makeup,2,3561.53,0.25,5342.3,Net Banking,Completed,Returning
O104294,2026-02-02,C1424,Customer 1424,Male,30,Noida,Uttar Pradesh,North,P2060,Women Product 2060,Fashion,Women,1,54476.75,0.05,51752.91,UPI,Completed,Returning
O104295,2025-09-22,C1467,Customer 1467,Female,45,Pune,Maharashtra,West,P2070,Men Product 2070,Fashion,Men,3,49797.81,0.1,134454.09,UPI,Completed,Returning
O104296,2025-09-20,C1116,Customer 1116,Female,38,New Delhi,Delhi,North,P2037,Haircare Product 2037,Beauty,Haircare,2,29950.17,0,59900.34,UPI,Completed,Returning
O104297,2026-02-02,C1143,Customer 1143,Female,31,Udaipur,Rajasthan,North,P2031,Makeup Product 2031,Beauty,Makeup,3,36193.87,0.1,97723.45,UPI,Completed,Returning
O104298,2026-06-11,C1201,Customer 1201,Male,50,Cuttack,Odisha,East,P2098,Women Product 2098,Fashion,Women,1,18537.8,0.1,16684.02,Credit Card,Completed,Returning
O104299,2026-03-12,C1180,Customer 1180,Male,32,Nagpur,Maharashtra,West,P2041,Accessories Product 2041,Electronics,Accessories,2,2659.49,0.1,4787.08,UPI,Completed,Returning
O104300,2025-12-26,C1202,Customer 1202,Female,38,Bhubaneswar,Odisha,East,P2062,Makeup Product 2062,Beauty,Makeup,2,20979.04,0.1,37762.27,UPI,Completed,Returning
O104301,2025-05-09,C1364,Customer 1364,Female,32,Salem,Tamil Nadu,South,P2093,Furniture Product 2093,Home & Kitchen,Furniture,1,15378.45,0,15378.45,UPI,Completed,Returning
O104302,2025-08-29,C1479,Customer 1479,Male,57,Salem,Tamil Nadu,South,P2058,Women Product 2058,Fashion,Women,1,74077.42,0.15,62965.81,Debit Card,Completed,Returning
O104303,2025-08-10,C1053,Customer 1053,Male,27,Lucknow,Uttar Pradesh,North,P2014,Skincare Product 2014,Beauty,Skincare,1,73803.13,0.1,66422.82,Credit Card,Completed,Returning
O104304,2025-08-02,C1471,Customer 1471,Male,43,Kolkata,West Bengal,East,P2036,Mobiles Product 2036,Electronics,Mobiles,1,6463.39,0.05,6140.22,Credit Card,Completed,Returning
O104305,2026-08-15,C1384,Customer 1384,Male,34,Mumbai,Maharashtra,West,P2036,Mobiles Product 2036,Electronics,Mobiles,1,6463.39,0.2,5170.71,Net Banking,Returned,Returning
O104306,2025-05-15,C1180,Customer 1180,Male,32,Nagpur,Maharashtra,West,P2079,Laptops Product 2079,Electronics,Laptops,1,12821.16,0,12821.16,Credit Card,Completed,New
O104307,2026-01-21,C1414,Customer 1414,Male,43,New Delhi,Delhi,North,P2008,Mobiles Product 2008,Electronics,Mobiles,2,12522.7,0.15,21288.59,Credit Card,Completed,Returning
O104308,2025-10-30,C1417,Customer 1417,Male,25,New Delhi,Delhi,North,P2026,Furniture Product 2026,Home & Kitchen,Furniture,2,59877.66,0.05,113767.55,Cash on Delivery,Completed,Returning
O104309,2025-10-14,C1313,Customer 1313,Female,52,Chennai,Tamil Nadu,South,P2036,Mobiles Product 2036,Electronics,Mobiles,1,6463.39,0.1,5817.05,UPI,Cancelled,Returning
O104310,2026-07-16,C1308,Customer 1308,Female,60,Ahmedabad,Gujarat,West,P2048,Accessories Product 2048,Electronics,Accessories,2,48876.98,0.05,92866.26,UPI,Cancelled,Returning
O104311,2025-07-08,C1137,Customer 1137,Male,20,New Delhi,Delhi,North,P2085,Fitness Product 2085,Sports,Fitness,4,48108.22,0.05,182811.24,Debit Card,Completed,Returning
O104312,2025-10-24,C1182,Customer 1182,Male,44,Kolkata,West Bengal,East,P2028,Furniture Product 2028,Home & Kitchen,Furniture,1,29619.27,0,29619.27,Net Banking,Completed,Returning
O104313,2026-06-10,C1367,Customer 1367,Female,59,Mangaluru,Karnataka,South,P2068,Furniture Product 2068,Home & Kitchen,Furniture,1,37073.16,0.15,31512.19,Net Banking,Completed,Returning
O104314,2026-01-24,C1001,Customer 1001,Male,40,Hyderabad,Telangana,South,P2062,Makeup Product 2062,Beauty,Makeup,2,20979.04,0.15,35664.37,UPI,Completed,Returning
O104315,2026-04-04,C1044,Customer 1044,Female,42,Patna,Bihar,East,P2080,Mobiles Product 2080,Electronics,Mobiles,2,26947.88,0.1,48506.18,Debit Card,Completed,Returning
O104316,2025-09-18,C1227,Customer 1227,Male,26,Pune,Maharashtra,West,P2086,Mobiles Product 2086,Electronics,Mobiles,2,70060.46,0.2,112096.74,Debit Card,Returned,Returning
O104317,2025-04-23,C1331,Customer 1331,Male,51,Vadodara,Gujarat,West,P2076,Laptops Product 2076,Electronics,Laptops,2,33823.68,0.2,54117.89,UPI,Completed,Returning
O104318,2025-02-05,C1098,Customer 1098,Female,24,New Delhi,Delhi,North,P2080,Mobiles Product 2080,Electronics,Mobiles,1,26947.88,0.1,24253.09,UPI,Completed,New
O104319,2025-03-20,C1208,Customer 1208,Female,40,Vadodara,Gujarat,West,P2051,Makeup Product 2051,Beauty,Makeup,3,3561.53,0.15,9081.9,Debit Card,Completed,New
O104320,2025-10-02,C1265,Customer 1265,Male,32,Noida,Uttar Pradesh,North,P2042,Sportswear Product 2042,Sports,Sportswear,1,46086.93,0,46086.93,UPI,Completed,Returning
O104321,2025-10-05,C1288,Customer 1288,Male,35,Warangal,Telangana,South,P2029,Appliances Product 2029,Home & Kitchen,Appliances,1,54225.01,0.15,46091.26,UPI,Completed,Returning
O104322,2025-11-08,C1271,Customer 1271,Female,51,Ahmedabad,Gujarat,West,P2082,Makeup Product 2082,Beauty,Makeup,1,65159.86,0.15,55385.88,UPI,Completed,Returning
O104323,2026-06-13,C1140,Customer 1140,Male,29,Kozhikode,Kerala,South,P2010,Sportswear Product 2010,Sports,Sportswear,1,51133.3,0,51133.3,UPI,Completed,Returning
O104324,2025-07-23,C1481,Customer 1481,Female,34,Pune,Maharashtra,West,P2039,Footwear Product 2039,Fashion,Footwear,2,15251.22,0.1,27452.2,UPI,Completed,Returning
O104325,2025-01-17,C1237,Customer 1237,Female,38,Thrissur,Kerala,South,P2082,Makeup Product 2082,Beauty,Makeup,2,65159.86,0.2,104255.78,UPI,Completed,Returning
O104326,2026-04-21,C1462,Customer 1462,Male,27,Cuttack,Odisha,East,P2001,Accessories Product 2001,Electronics,Accessories,4,63975.38,0,255901.52,UPI,Completed,Returning
O104327,2026-05-26,C1441,Customer 1441,Male,47,Mysuru,Karnataka,South,P2039,Footwear Product 2039,Fashion,Footwear,1,15251.22,0.05,14488.66,Cash on Delivery,Completed,Returning
O104328,2025-07-29,C1392,Customer 1392,Male,53,Pune,Maharashtra,West,P2021,Mobiles Product 2021,Electronics,Mobiles,5,68414.15,0.05,324967.21,UPI,Completed,Returning
O104329,2026-05-14,C1072,Customer 1072,Female,42,Kolkata,West Bengal,East,P2065,Makeup Product 2065,Beauty,Makeup,2,58267.22,0.05,110707.72,Credit Card,Completed,Returning
O104330,2026-02-06,C1155,Customer 1155,Male,53,Thrissur,Kerala,South,P2015,Furniture Product 2015,Home & Kitchen,Furniture,1,17477.61,0,17477.61,Cash on Delivery,Completed,Returning
O104331,2026-03-05,C1190,Customer 1190,Female,32,New Delhi,Delhi,North,P2004,Kitchen Product 2004,Home & Kitchen,Kitchen,3,1952.63,0.05,5565,Cash on Delivery,Completed,Returning
O104332,2025-03-19,C1268,Customer 1268,Female,52,Noida,Uttar Pradesh,North,P2060,Women Product 2060,Fashion,Women,2,54476.75,0.05,103505.82,UPI,Completed,Returning
O104333,2026-07-22,C1321,Customer 1321,Female,37,Thrissur,Kerala,South,P2061,Women Product 2061,Fashion,Women,1,44949.95,0.2,35959.96,UPI,Cancelled,Returning
O104334,2025-03-21,C1107,Customer 1107,Female,49,Pune,Maharashtra,West,P2020,Footwear Product 2020,Fashion,Footwear,3,47078.66,0.05,134174.18,Debit Card,Completed,New
O104335,2025-11-02,C1232,Customer 1232,Female,21,Madurai,Tamil Nadu,South,P2010,Sportswear Product 2010,Sports,Sportswear,2,51133.3,0.1,92039.94,Cash on Delivery,Completed,Returning
O104336,2025-02-27,C1042,Customer 1042,Male,21,Mangaluru,Karnataka,South,P2087,Kitchen Product 2087,Home & Kitchen,Kitchen,2,43974.9,0.05,83552.31,UPI,Completed,Returning
O104337,2026-06-14,C1190,Customer 1190,Female,32,New Delhi,Delhi,North,P2034,Men Product 2034,Fashion,Men,3,42105.76,0,126317.28,Credit Card,Completed,Returning
O104338,2025-07-27,C1371,Customer 1371,Female,50,Cuttack,Odisha,East,P2048,Accessories Product 2048,Electronics,Accessories,1,48876.98,0.25,36657.74,Net Banking,Completed,Returning
O104339,2026-05-26,C1139,Customer 1139,Male,59,New Delhi,Delhi,North,P2033,Footwear Product 2033,Fashion,Footwear,2,37566.95,0.15,63863.81,Credit Card,Completed,Returning
O104340,2025-05-15,C1103,Customer 1103,Female,40,Mumbai,Maharashtra,West,P2098,Women Product 2098,Fashion,Women,2,18537.8,0.1,33368.04,Debit Card,Completed,Returning
O104341,2026-06-06,C1171,Customer 1171,Female,55,Coimbatore,Tamil Nadu,South,P2061,Women Product 2061,Fashion,Women,1,44949.95,0.1,40454.96,Debit Card,Completed,Returning
O104342,2026-08-04,C1351,Customer 1351,Female,57,Madurai,Tamil Nadu,South,P2010,Sportswear Product 2010,Sports,Sportswear,1,51133.3,0.1,46019.97,UPI,Completed,Returning
O104343,2025-03-24,C1273,Customer 1273,Female,35,Jaipur,Rajasthan,North,P2054,Accessories Product 2054,Electronics,Accessories,3,51113.05,0.05,145672.19,Credit Card,Completed,Returning
O104344,2025-02-13,C1481,Customer 1481,Female,34,Pune,Maharashtra,West,P2084,Fitness Product 2084,Sports,Fitness,1,39978.36,0,39978.36,Credit Card,Completed,New
O104345,2026-04-28,C1416,Customer 1416,Male,53,Kolkata,West Bengal,East,P2065,Makeup Product 2065,Beauty,Makeup,2,58267.22,0.05,110707.72,Debit Card,Completed,Returning
O104346,2026-05-08,C1221,Customer 1221,Male,37,Patna,Bihar,East,P2077,Men Product 2077,Fashion,Men,4,32487.3,0.25,97461.9,Net Banking,Returned,Returning
O104347,2026-05-14,C1213,Customer 1213,Male,58,Cuttack,Odisha,East,P2001,Accessories Product 2001,Electronics,Accessories,1,63975.38,0,63975.38,Net Banking,Completed,Returning
O104348,2025-01-18,C1341,Customer 1341,Male,60,Kozhikode,Kerala,South,P2005,Appliances Product 2005,Home & Kitchen,Appliances,1,61463.29,0.1,55316.96,UPI,Completed,New
O104349,2026-08-28,C1424,Customer 1424,Male,30,Noida,Uttar Pradesh,North,P2080,Mobiles Product 2080,Electronics,Mobiles,1,26947.88,0,26947.88,Debit Card,Completed,Returning
O104350,2025-10-21,C1407,Customer 1407,Female,48,Mumbai,Maharashtra,West,P2015,Furniture Product 2015,Home & Kitchen,Furniture,2,17477.61,0,34955.22,Credit Card,Completed,Returning
O104351,2025-05-28,C1056,Customer 1056,Female,23,New Delhi,Delhi,North,P2028,Furniture Product 2028,Home & Kitchen,Furniture,4,29619.27,0.1,106629.37,Debit Card,Completed,Returning
O104352,2026-04-17,C1390,Customer 1390,Male,58,Mangaluru,Karnataka,South,P2095,Skincare Product 2095,Beauty,Skincare,2,33448.14,0.05,63551.47,Credit Card,Completed,Returning
O104353,2025-06-21,C1342,Customer 1342,Female,54,Bengaluru,Karnataka,South,P2023,Accessories Product 2023,Electronics,Accessories,1,9651.38,0.2,7721.1,Debit Card,Returned,Returning
O104354,2026-07-17,C1434,Customer 1434,Female,46,Kolkata,West Bengal,East,P2017,Appliances Product 2017,Home & Kitchen,Appliances,2,35523.47,0.05,67494.59,Debit Card,Completed,Returning
O104355,2026-06-15,C1102,Customer 1102,Female,45,Coimbatore,Tamil Nadu,South,P2098,Women Product 2098,Fashion,Women,2,18537.8,0,37075.6,Debit Card,Completed,Returning
O104356,2025-04-30,C1421,Customer 1421,Female,42,Mysuru,Karnataka,South,P2013,Appliances Product 2013,Home & Kitchen,Appliances,1,72349.68,0.1,65114.71,Net Banking,Cancelled,Returning
O104357,2025-03-07,C1493,Customer 1493,Male,32,New Delhi,Delhi,North,P2014,Skincare Product 2014,Beauty,Skincare,2,73803.13,0.15,125465.32,UPI,Completed,Returning
O104358,2025-05-21,C1192,Customer 1192,Male,55,Hyderabad,Telangana,South,P2011,Footwear Product 2011,Fashion,Footwear,1,65143.66,0,65143.66,UPI,Completed,Returning
O104359,2026-03-22,C1499,Customer 1499,Male,60,Surat,Gujarat,West,P2028,Furniture Product 2028,Home & Kitchen,Furniture,3,29619.27,0.1,79972.03,Credit Card,Completed,Returning
O104360,2026-05-21,C1310,Customer 1310,Female,46,New Delhi,Delhi,North,P2042,Sportswear Product 2042,Sports,Sportswear,1,46086.93,0.15,39173.89,Cash on Delivery,Completed,Returning
O104361,2025-07-08,C1200,Customer 1200,Male,33,Kolkata,West Bengal,East,P2096,Outdoor Product 2096,Sports,Outdoor,1,19371.4,0,19371.4,UPI,Returned,Returning
O104362,2025-06-07,C1233,Customer 1233,Female,24,Patna,Bihar,East,P2099,Sportswear Product 2099,Sports,Sportswear,3,42924.55,0.2,103018.92,UPI,Completed,Returning
O104363,2025-09-03,C1433,Customer 1433,Male,22,Warangal,Telangana,South,P2061,Women Product 2061,Fashion,Women,2,44949.95,0.05,85404.9,Cash on Delivery,Completed,Returning
O104364,2025-02-02,C1227,Customer 1227,Male,26,Pune,Maharashtra,West,P2064,Furniture Product 2064,Home & Kitchen,Furniture,1,47477.55,0,47477.55,Cash on Delivery,Returned,Returning
O104365,2025-12-27,C1371,Customer 1371,Female,50,Cuttack,Odisha,East,P2031,Makeup Product 2031,Beauty,Makeup,4,36193.87,0.1,130297.93,Net Banking,Completed,Returning
O104366,2025-11-26,C1139,Customer 1139,Male,59,New Delhi,Delhi,North,P2081,Men Product 2081,Fashion,Men,2,63359.53,0,126719.06,UPI,Completed,Returning
O104367,2026-05-27,C1344,Customer 1344,Female,40,Salem,Tamil Nadu,South,P2073,Mobiles Product 2073,Electronics,Mobiles,1,58078.44,0.15,49366.67,Net Banking,Completed,Returning
O104368,2025-03-12,C1305,Customer 1305,Female,47,Madurai,Tamil Nadu,South,P2010,Sportswear Product 2010,Sports,Sportswear,2,51133.3,0.1,92039.94,Credit Card,Completed,New
O104369,2025-11-09,C1149,Customer 1149,Male,45,Mysuru,Karnataka,South,P2008,Mobiles Product 2008,Electronics,Mobiles,3,12522.7,0,37568.1,Debit Card,Completed,Returning
O104370,2025-03-20,C1115,Customer 1115,Male,29,Chennai,Tamil Nadu,South,P2021,Mobiles Product 2021,Electronics,Mobiles,2,68414.15,0.2,109462.64,UPI,Completed,Returning
O104371,2025-06-18,C1450,Customer 1450,Female,53,Kanpur,Uttar Pradesh,North,P2077,Men Product 2077,Fashion,Men,1,32487.3,0.15,27614.2,Debit Card,Returned,Returning
O104372,2025-06-29,C1063,Customer 1063,Male,32,Ahmedabad,Gujarat,West,P2059,Mobiles Product 2059,Electronics,Mobiles,2,38695.49,0.1,69651.88,UPI,Completed,Returning
O104373,2025-09-17,C1104,Customer 1104,Female,58,Patna,Bihar,East,P2050,Fitness Product 2050,Sports,Fitness,2,13904.21,0.05,26418,Credit Card,Completed,Returning
O104374,2026-05-01,C1339,Customer 1339,Female,52,Kolkata,West Bengal,East,P2069,Mobiles Product 2069,Electronics,Mobiles,3,33564.3,0,100692.9,Debit Card,Completed,Returning
O104375,2025-01-05,C1359,Customer 1359,Male,36,Ahmedabad,Gujarat,West,P2070,Men Product 2070,Fashion,Men,1,49797.81,0.15,42328.14,UPI,Completed,New
O104376,2025-10-24,C1156,Customer 1156,Female,60,Vadodara,Gujarat,West,P2030,Men Product 2030,Fashion,Men,2,64551.14,0.15,109736.94,UPI,Completed,Returning
O104377,2025-12-26,C1273,Customer 1273,Female,35,Jaipur,Rajasthan,North,P2095,Skincare Product 2095,Beauty,Skincare,1,33448.14,0,33448.14,Credit Card,Completed,Returning
O104378,2025-04-27,C1006,Customer 1006,Female,37,Salem,Tamil Nadu,South,P2017,Appliances Product 2017,Home & Kitchen,Appliances,2,35523.47,0.1,63942.25,Net Banking,Completed,Returning
O104379,2025-12-23,C1147,Customer 1147,Male,42,Salem,Tamil Nadu,South,P2075,Laptops Product 2075,Electronics,Laptops,4,5790.21,0.1,20844.76,UPI,Completed,Returning
O104380,2026-03-15,C1184,Customer 1184,Male,60,Ahmedabad,Gujarat,West,P2020,Footwear Product 2020,Fashion,Footwear,1,47078.66,0.05,44724.73,Net Banking,Completed,Returning
O104381,2025-11-27,C1486,Customer 1486,Female,58,Cuttack,Odisha,East,P2048,Accessories Product 2048,Electronics,Accessories,1,48876.98,0.15,41545.43,Debit Card,Completed,Returning
O104382,2026-06-09,C1028,Customer 1028,Female,43,Jaipur,Rajasthan,North,P2073,Mobiles Product 2073,Electronics,Mobiles,2,58078.44,0,116156.88,Debit Card,Completed,Returning
O104383,2025-07-07,C1450,Customer 1450,Female,53,Kanpur,Uttar Pradesh,North,P2002,Sportswear Product 2002,Sports,Sportswear,2,72675.18,0,145350.36,Credit Card,Completed,Returning
O104384,2025-10-08,C1038,Customer 1038,Male,42,Nagpur,Maharashtra,West,P2037,Haircare Product 2037,Beauty,Haircare,1,29950.17,0,29950.17,Debit Card,Completed,Returning
O104385,2026-05-26,C1119,Customer 1119,Female,24,New Delhi,Delhi,North,P2001,Accessories Product 2001,Electronics,Accessories,2,63975.38,0.05,121553.22,UPI,Returned,Returning
O104386,2026-04-11,C1293,Customer 1293,Male,51,Coimbatore,Tamil Nadu,South,P2004,Kitchen Product 2004,Home & Kitchen,Kitchen,3,1952.63,0.05,5565,UPI,Completed,Returning
O104387,2025-04-25,C1371,Customer 1371,Female,50,Cuttack,Odisha,East,P2100,Mobiles Product 2100,Electronics,Mobiles,2,51807.65,0.2,82892.24,Debit Card,Cancelled,Returning
O104388,2025-08-24,C1244,Customer 1244,Male,23,Mumbai,Maharashtra,West,P2054,Accessories Product 2054,Electronics,Accessories,2,51113.05,0.15,86892.18,Cash on Delivery,Completed,Returning
O104389,2025-12-04,C1068,Customer 1068,Male,47,Hyderabad,Telangana,South,P2025,Footwear Product 2025,Fashion,Footwear,1,48968.5,0,48968.5,UPI,Completed,Returning
O104390,2026-06-06,C1214,Customer 1214,Male,33,Patna,Bihar,East,P2003,Makeup Product 2003,Beauty,Makeup,4,44701.37,0.15,151984.66,Credit Card,Completed,Returning
O104391,2025-07-18,C1218,Customer 1218,Male,42,Noida,Uttar Pradesh,North,P2009,Skincare Product 2009,Beauty,Skincare,1,22588.57,0.15,19200.28,Cash on Delivery,Completed,Returning
O104392,2025-02-19,C1177,Customer 1177,Male,51,Surat,Gujarat,West,P2086,Mobiles Product 2086,Electronics,Mobiles,1,70060.46,0.05,66557.44,Net Banking,Completed,New
O104393,2025-05-22,C1299,Customer 1299,Male,47,Nagpur,Maharashtra,West,P2087,Kitchen Product 2087,Home & Kitchen,Kitchen,1,43974.9,0,43974.9,UPI,Completed,New
O104394,2026-06-12,C1164,Customer 1164,Female,55,Chennai,Tamil Nadu,South,P2076,Laptops Product 2076,Electronics,Laptops,2,33823.68,0,67647.36,Credit Card,Completed,Returning
O104395,2026-05-29,C1058,Customer 1058,Male,51,Thrissur,Kerala,South,P2074,Mobiles Product 2074,Electronics,Mobiles,3,18005.98,0.05,51317.04,UPI,Completed,Returning
O104396,2025-01-30,C1269,Customer 1269,Male,57,Kolkata,West Bengal,East,P2034,Men Product 2034,Fashion,Men,1,42105.76,0.15,35789.9,Net Banking,Completed,New
O104397,2025-03-23,C1308,Customer 1308,Female,60,Ahmedabad,Gujarat,West,P2043,Furniture Product 2043,Home & Kitchen,Furniture,3,47010.26,0.1,126927.7,UPI,Returned,Returning
O104398,2025-01-31,C1058,Customer 1058,Male,51,Thrissur,Kerala,South,P2074,Mobiles Product 2074,Electronics,Mobiles,3,18005.98,0.2,43214.35,Net Banking,Completed,New
O104399,2025-11-29,C1288,Customer 1288,Male,35,Warangal,Telangana,South,P2094,Women Product 2094,Fashion,Women,2,14369.68,0.15,24428.46,Cash on Delivery,Completed,Returning
O104400,2025-06-26,C1465,Customer 1465,Female,41,Patna,Bihar,East,P2022,Outdoor Product 2022,Sports,Outdoor,3,34818.67,0.05,99233.21,Cash on Delivery,Completed,Returning
O104401,2026-01-05,C1105,Customer 1105,Female,55,Patna,Bihar,East,P2070,Men Product 2070,Fashion,Men,1,49797.81,0.15,42328.14,Cash on Delivery,Completed,Returning
O104402,2026-07-01,C1228,Customer 1228,Female,32,New Delhi,Delhi,North,P2002,Sportswear Product 2002,Sports,Sportswear,1,72675.18,0,72675.18,UPI,Completed,Returning
O104403,2026-06-19,C1247,Customer 1247,Male,50,Warangal,Telangana,South,P2094,Women Product 2094,Fashion,Women,3,14369.68,0,43109.04,UPI,Returned,Returning
O104404,2025-04-16,C1188,Customer 1188,Male,44,Warangal,Telangana,South,P2066,Furniture Product 2066,Home & Kitchen,Furniture,2,13722.33,0.1,24700.19,Debit Card,Completed,Returning
O104405,2025-04-07,C1494,Customer 1494,Female,39,Kochi,Kerala,South,P2032,Mobiles Product 2032,Electronics,Mobiles,1,7978.59,0.05,7579.66,Credit Card,Completed,Returning
O104406,2025-08-18,C1083,Customer 1083,Male,58,Kolkata,West Bengal,East,P2016,Mobiles Product 2016,Electronics,Mobiles,2,48979.51,0.05,93061.07,UPI,Completed,Returning
O104407,2025-08-15,C1186,Customer 1186,Male,36,Warangal,Telangana,South,P2076,Laptops Product 2076,Electronics,Laptops,3,33823.68,0.15,86250.38,Credit Card,Completed,Returning
O104408,2026-01-06,C1252,Customer 1252,Male,45,Ahmedabad,Gujarat,West,P2001,Accessories Product 2001,Electronics,Accessories,2,63975.38,0.2,102360.61,Cash on Delivery,Completed,Returning
O104409,2025-04-10,C1355,Customer 1355,Female,56,New Delhi,Delhi,North,P2072,Outdoor Product 2072,Sports,Outdoor,1,64391.57,0.05,61171.99,Cash on Delivery,Completed,Returning
O104410,2026-03-21,C1238,Customer 1238,Female,27,New Delhi,Delhi,North,P2048,Accessories Product 2048,Electronics,Accessories,2,48876.98,0.05,92866.26,UPI,Completed,Returning
O104411,2026-04-13,C1360,Customer 1360,Male,40,Lucknow,Uttar Pradesh,North,P2050,Fitness Product 2050,Sports,Fitness,2,13904.21,0.1,25027.58,Credit Card,Completed,Returning
O104412,2025-02-24,C1184,Customer 1184,Male,60,Ahmedabad,Gujarat,West,P2013,Appliances Product 2013,Home & Kitchen,Appliances,1,72349.68,0.1,65114.71,Credit Card,Completed,New
O104413,2025-07-14,C1284,Customer 1284,Male,34,Vadodara,Gujarat,West,P2015,Furniture Product 2015,Home & Kitchen,Furniture,1,17477.61,0,17477.61,Net Banking,Completed,Returning
O104414,2026-06-04,C1385,Customer 1385,Male,56,Thrissur,Kerala,South,P2053,Mobiles Product 2053,Electronics,Mobiles,1,37147.78,0.2,29718.22,Credit Card,Completed,Returning
O104415,2026-02-28,C1426,Customer 1426,Male,27,Bengaluru,Karnataka,South,P2044,Makeup Product 2044,Beauty,Makeup,2,61167.44,0.1,110101.39,Cash on Delivery,Completed,Returning
O104416,2025-11-11,C1210,Customer 1210,Male,42,New Delhi,Delhi,North,P2008,Mobiles Product 2008,Electronics,Mobiles,1,12522.7,0.1,11270.43,Net Banking,Completed,Returning
O104417,2025-05-08,C1304,Customer 1304,Female,27,Kanpur,Uttar Pradesh,North,P2074,Mobiles Product 2074,Electronics,Mobiles,1,18005.98,0.2,14404.78,Cash on Delivery,Completed,Returning
O104418,2025-02-01,C1296,Customer 1296,Female,57,Kolkata,West Bengal,East,P2046,Appliances Product 2046,Home & Kitchen,Appliances,1,3344.33,0.2,2675.46,Debit Card,Completed,Returning
O104419,2025-04-03,C1097,Customer 1097,Female,49,Cuttack,Odisha,East,P2069,Mobiles Product 2069,Electronics,Mobiles,1,33564.3,0,33564.3,Cash on Delivery,Completed,Returning
O104420,2026-06-03,C1447,Customer 1447,Male,60,Mangaluru,Karnataka,South,P2019,Accessories Product 2019,Electronics,Accessories,1,34190.91,0,34190.91,Net Banking,Completed,Returning
O104421,2025-09-15,C1460,Customer 1460,Male,55,Lucknow,Uttar Pradesh,North,P2038,Accessories Product 2038,Electronics,Accessories,2,15304.17,0.15,26017.09,UPI,Cancelled,Returning
O104422,2025-08-08,C1456,Customer 1456,Male,41,Kolkata,West Bengal,East,P2011,Footwear Product 2011,Fashion,Footwear,2,65143.66,0.25,97715.49,UPI,Completed,Returning
O104423,2025-04-16,C1472,Customer 1472,Female,21,Mumbai,Maharashtra,West,P2043,Furniture Product 2043,Home & Kitchen,Furniture,2,47010.26,0.1,84618.47,Net Banking,Completed,Returning
O104424,2026-07-02,C1208,Customer 1208,Female,40,Vadodara,Gujarat,West,P2020,Footwear Product 2020,Fashion,Footwear,1,47078.66,0.05,44724.73,UPI,Completed,Returning
O104425,2026-02-20,C1370,Customer 1370,Male,47,New Delhi,Delhi,North,P2020,Footwear Product 2020,Fashion,Footwear,1,47078.66,0.15,40016.86,Credit Card,Completed,Returning
O104426,2026-07-11,C1388,Customer 1388,Male,21,Patna,Bihar,East,P2021,Mobiles Product 2021,Electronics,Mobiles,1,68414.15,0.05,64993.44,Net Banking,Completed,Returning
O104427,2025-11-05,C1422,Customer 1422,Female,35,Kozhikode,Kerala,South,P2082,Makeup Product 2082,Beauty,Makeup,1,65159.86,0.25,48869.9,Net Banking,Completed,Returning
O104428,2026-01-01,C1492,Customer 1492,Male,36,Udaipur,Rajasthan,North,P2057,Skincare Product 2057,Beauty,Skincare,1,63514.52,0.1,57163.07,UPI,Completed,Returning
O104429,2026-06-05,C1411,Customer 1411,Male,29,Kolkata,West Bengal,East,P2050,Fitness Product 2050,Sports,Fitness,1,13904.21,0.2,11123.37,Credit Card,Completed,Returning
O104430,2026-04-04,C1137,Customer 1137,Male,20,New Delhi,Delhi,North,P2074,Mobiles Product 2074,Electronics,Mobiles,5,18005.98,0.1,81026.91,Credit Card,Completed,Returning
O104431,2026-08-22,C1367,Customer 1367,Female,59,Mangaluru,Karnataka,South,P2098,Women Product 2098,Fashion,Women,1,18537.8,0.2,14830.24,UPI,Completed,Returning
O104432,2026-01-05,C1400,Customer 1400,Male,57,Patna,Bihar,East,P2026,Furniture Product 2026,Home & Kitchen,Furniture,4,59877.66,0.05,227535.11,Cash on Delivery,Completed,Returning
O104433,2025-11-27,C1184,Customer 1184,Male,60,Ahmedabad,Gujarat,West,P2030,Men Product 2030,Fashion,Men,1,64551.14,0.15,54868.47,Debit Card,Completed,Returning
O104434,2025-01-11,C1076,Customer 1076,Female,20,Hyderabad,Telangana,South,P2073,Mobiles Product 2073,Electronics,Mobiles,1,58078.44,0.25,43558.83,Cash on Delivery,Completed,New
O104435,2026-05-22,C1287,Customer 1287,Male,22,Jodhpur,Rajasthan,North,P2031,Makeup Product 2031,Beauty,Makeup,3,36193.87,0.1,97723.45,UPI,Completed,Returning
O104436,2026-02-23,C1472,Customer 1472,Female,21,Mumbai,Maharashtra,West,P2042,Sportswear Product 2042,Sports,Sportswear,1,46086.93,0.15,39173.89,Credit Card,Completed,Returning
O104437,2025-05-02,C1375,Customer 1375,Male,53,Surat,Gujarat,West,P2068,Furniture Product 2068,Home & Kitchen,Furniture,1,37073.16,0,37073.16,Net Banking,Completed,Returning
O104438,2025-08-23,C1142,Customer 1142,Male,32,Coimbatore,Tamil Nadu,South,P2061,Women Product 2061,Fashion,Women,5,44949.95,0.1,202274.78,Credit Card,Completed,Returning
O104439,2025-11-27,C1237,Customer 1237,Female,38,Thrissur,Kerala,South,P2061,Women Product 2061,Fashion,Women,2,44949.95,0.2,71919.92,UPI,Completed,Returning
O104440,2026-06-27,C1025,Customer 1025,Female,45,Mumbai,Maharashtra,West,P2070,Men Product 2070,Fashion,Men,1,49797.81,0.05,47307.92,Cash on Delivery,Returned,Returning
O104441,2025-12-14,C1290,Customer 1290,Female,30,Pune,Maharashtra,West,P2078,Accessories Product 2078,Electronics,Accessories,1,71159.18,0.15,60485.3,Cash on Delivery,Completed,Returning
O104442,2026-02-16,C1067,Customer 1067,Female,38,Salem,Tamil Nadu,South,P2068,Furniture Product 2068,Home & Kitchen,Furniture,4,37073.16,0.15,126048.74,Credit Card,Completed,Returning
O104443,2025-08-12,C1250,Customer 1250,Male,46,Noida,Uttar Pradesh,North,P2090,Men Product 2090,Fashion,Men,3,43634.38,0.05,124357.98,Credit Card,Completed,Returning
O104444,2025-06-02,C1408,Customer 1408,Female,23,Patna,Bihar,East,P2017,Appliances Product 2017,Home & Kitchen,Appliances,1,35523.47,0.05,33747.3,UPI,Completed,Returning
O104445,2025-07-31,C1118,Customer 1118,Female,20,Patna,Bihar,East,P2019,Accessories Product 2019,Electronics,Accessories,1,34190.91,0.1,30771.82,Cash on Delivery,Completed,Returning
O104446,2025-04-02,C1490,Customer 1490,Male,45,Salem,Tamil Nadu,South,P2051,Makeup Product 2051,Beauty,Makeup,3,3561.53,0,10684.59,Net Banking,Completed,Returning
O104447,2025-11-27,C1073,Customer 1073,Male,28,Ahmedabad,Gujarat,West,P2070,Men Product 2070,Fashion,Men,1,49797.81,0.2,39838.25,UPI,Completed,Returning
O104448,2026-04-12,C1282,Customer 1282,Female,60,Cuttack,Odisha,East,P2063,Women Product 2063,Fashion,Women,1,27128.58,0.15,23059.29,UPI,Completed,Returning
O104449,2026-07-08,C1404,Customer 1404,Male,49,Vadodara,Gujarat,West,P2093,Furniture Product 2093,Home & Kitchen,Furniture,2,15378.45,0.05,29219.06,Net Banking,Completed,Returning
O104450,2025-08-16,C1448,Customer 1448,Female,31,Coimbatore,Tamil Nadu,South,P2075,Laptops Product 2075,Electronics,Laptops,1,5790.21,0.05,5500.7,UPI,Completed,Returning
O104451,2025-07-13,C1360,Customer 1360,Male,40,Lucknow,Uttar Pradesh,North,P2080,Mobiles Product 2080,Electronics,Mobiles,2,26947.88,0.15,45811.4,Cash on Delivery,Completed,Returning
O104452,2026-06-14,C1010,Customer 1010,Female,59,Noida,Uttar Pradesh,North,P2030,Men Product 2030,Fashion,Men,3,64551.14,0.1,174288.08,Cash on Delivery,Completed,Returning
O104453,2025-08-31,C1211,Customer 1211,Male,35,Jodhpur,Rajasthan,North,P2025,Footwear Product 2025,Fashion,Footwear,3,48968.5,0.05,139560.22,Cash on Delivery,Completed,Returning
O104454,2026-01-24,C1323,Customer 1323,Female,44,Chennai,Tamil Nadu,South,P2075,Laptops Product 2075,Electronics,Laptops,1,5790.21,0.1,5211.19,Debit Card,Completed,Returning
O104455,2025-10-03,C1152,Customer 1152,Male,45,New Delhi,Delhi,North,P2071,Mobiles Product 2071,Electronics,Mobiles,1,29513.79,0.2,23611.03,Credit Card,Completed,Returning
O104456,2026-03-26,C1005,Customer 1005,Male,22,New Delhi,Delhi,North,P2026,Furniture Product 2026,Home & Kitchen,Furniture,1,59877.66,0,59877.66,UPI,Completed,Returning
O104457,2026-08-10,C1195,Customer 1195,Male,38,Cuttack,Odisha,East,P2056,Fitness Product 2056,Sports,Fitness,1,65159.96,0.05,61901.96,Debit Card,Completed,Returning
O104458,2026-07-28,C1442,Customer 1442,Female,41,Pune,Maharashtra,West,P2022,Outdoor Product 2022,Sports,Outdoor,2,34818.67,0.25,52228,Credit Card,Completed,Returning
O104459,2026-04-23,C1283,Customer 1283,Female,33,Kochi,Kerala,South,P2089,Women Product 2089,Fashion,Women,1,71400.34,0,71400.34,Debit Card,Completed,Returning
O104460,2026-04-25,C1464,Customer 1464,Male,34,Mysuru,Karnataka,South,P2019,Accessories Product 2019,Electronics,Accessories,1,34190.91,0.2,27352.73,UPI,Completed,Returning
O104461,2025-10-15,C1113,Customer 1113,Female,53,Kochi,Kerala,South,P2031,Makeup Product 2031,Beauty,Makeup,1,36193.87,0.05,34384.18,UPI,Completed,Returning
O104462,2026-06-24,C1271,Customer 1271,Female,51,Ahmedabad,Gujarat,West,P2026,Furniture Product 2026,Home & Kitchen,Furniture,1,59877.66,0,59877.66,UPI,Completed,Returning
O104463,2025-11-26,C1163,Customer 1163,Female,40,Warangal,Telangana,South,P2042,Sportswear Product 2042,Sports,Sportswear,2,46086.93,0,92173.86,Net Banking,Returned,Returning
O104464,2026-04-15,C1460,Customer 1460,Male,55,Lucknow,Uttar Pradesh,North,P2041,Accessories Product 2041,Electronics,Accessories,2,2659.49,0,5318.98,Credit Card,Completed,Returning
O104465,2026-06-18,C1105,Customer 1105,Female,55,Patna,Bihar,East,P2100,Mobiles Product 2100,Electronics,Mobiles,2,51807.65,0,103615.3,UPI,Completed,Returning
O104466,2026-04-12,C1181,Customer 1181,Male,42,Bhubaneswar,Odisha,East,P2023,Accessories Product 2023,Electronics,Accessories,2,9651.38,0,19302.76,Credit Card,Completed,Returning
O104467,2026-02-24,C1044,Customer 1044,Female,42,Patna,Bihar,East,P2047,Laptops Product 2047,Electronics,Laptops,2,6397.76,0.05,12155.74,UPI,Completed,Returning
O104468,2026-08-31,C1282,Customer 1282,Female,60,Cuttack,Odisha,East,P2013,Appliances Product 2013,Home & Kitchen,Appliances,1,72349.68,0,72349.68,Cash on Delivery,Completed,Returning
O104469,2025-05-02,C1175,Customer 1175,Female,43,Madurai,Tamil Nadu,South,P2089,Women Product 2089,Fashion,Women,1,71400.34,0.15,60690.29,Credit Card,Completed,Returning
O104470,2025-11-04,C1162,Customer 1162,Male,44,Kolkata,West Bengal,East,P2066,Furniture Product 2066,Home & Kitchen,Furniture,2,13722.33,0.15,23327.96,UPI,Completed,Returning
O104471,2025-11-30,C1471,Customer 1471,Male,43,Kolkata,West Bengal,East,P2066,Furniture Product 2066,Home & Kitchen,Furniture,1,13722.33,0.2,10977.86,UPI,Completed,Returning
O104472,2026-02-24,C1351,Customer 1351,Female,57,Madurai,Tamil Nadu,South,P2016,Mobiles Product 2016,Electronics,Mobiles,1,48979.51,0.1,44081.56,Cash on Delivery,Completed,Returning
O104473,2025-11-22,C1434,Customer 1434,Female,46,Kolkata,West Bengal,East,P2073,Mobiles Product 2073,Electronics,Mobiles,5,58078.44,0.2,232313.76,Debit Card,Completed,Returning
O104474,2026-07-27,C1340,Customer 1340,Female,53,Kolkata,West Bengal,East,P2028,Furniture Product 2028,Home & Kitchen,Furniture,1,29619.27,0,29619.27,UPI,Completed,Returning
O104475,2025-09-07,C1140,Customer 1140,Male,29,Kozhikode,Kerala,South,P2077,Men Product 2077,Fashion,Men,2,32487.3,0,64974.6,Credit Card,Completed,Returning
O104476,2025-04-05,C1471,Customer 1471,Male,43,Kolkata,West Bengal,East,P2035,Mobiles Product 2035,Electronics,Mobiles,2,38973.06,0.05,74048.81,UPI,Completed,Returning
O104477,2025-10-23,C1132,Customer 1132,Male,52,Noida,Uttar Pradesh,North,P2041,Accessories Product 2041,Electronics,Accessories,1,2659.49,0.15,2260.57,UPI,Completed,Returning
O104478,2025-07-03,C1087,Customer 1087,Female,22,Patna,Bihar,East,P2077,Men Product 2077,Fashion,Men,1,32487.3,0.2,25989.84,Net Banking,Completed,Returning
O104479,2025-09-17,C1176,Customer 1176,Female,42,Warangal,Telangana,South,P2031,Makeup Product 2031,Beauty,Makeup,2,36193.87,0.1,65148.97,UPI,Completed,Returning
O104480,2025-07-05,C1183,Customer 1183,Female,54,Chennai,Tamil Nadu,South,P2085,Fitness Product 2085,Sports,Fitness,1,48108.22,0.05,45702.81,Net Banking,Completed,Returning
O104481,2026-02-13,C1368,Customer 1368,Female,51,Thrissur,Kerala,South,P2032,Mobiles Product 2032,Electronics,Mobiles,1,7978.59,0.1,7180.73,Credit Card,Cancelled,Returning
O104482,2025-03-10,C1129,Customer 1129,Female,43,Cuttack,Odisha,East,P2054,Accessories Product 2054,Electronics,Accessories,4,51113.05,0,204452.2,UPI,Returned,Returning
O104483,2025-01-08,C1246,Customer 1246,Female,25,Kolkata,West Bengal,East,P2098,Women Product 2098,Fashion,Women,1,18537.8,0.1,16684.02,Net Banking,Completed,New
O104484,2025-09-22,C1089,Customer 1089,Female,45,New Delhi,Delhi,North,P2072,Outdoor Product 2072,Sports,Outdoor,1,64391.57,0.1,57952.41,Credit Card,Completed,Returning
O104485,2026-04-29,C1066,Customer 1066,Female,36,Warangal,Telangana,South,P2059,Mobiles Product 2059,Electronics,Mobiles,1,38695.49,0,38695.49,Debit Card,Completed,Returning
O104486,2026-01-06,C1158,Customer 1158,Female,23,Kozhikode,Kerala,South,P2041,Accessories Product 2041,Electronics,Accessories,2,2659.49,0,5318.98,Net Banking,Completed,Returning
O104487,2025-03-24,C1387,Customer 1387,Male,33,Hyderabad,Telangana,South,P2066,Furniture Product 2066,Home & Kitchen,Furniture,1,13722.33,0.15,11663.98,Cash on Delivery,Completed,Returning
O104488,2025-07-30,C1378,Customer 1378,Male,20,Bengaluru,Karnataka,South,P2096,Outdoor Product 2096,Sports,Outdoor,1,19371.4,0.1,17434.26,UPI,Completed,Returning
O104489,2025-11-09,C1149,Customer 1149,Male,45,Mysuru,Karnataka,South,P2054,Accessories Product 2054,Electronics,Accessories,1,51113.05,0.05,48557.4,UPI,Completed,Returning
O104490,2026-08-27,C1473,Customer 1473,Male,45,Patna,Bihar,East,P2040,Mobiles Product 2040,Electronics,Mobiles,1,71380.78,0.1,64242.7,Credit Card,Completed,Returning
O104491,2025-12-03,C1340,Customer 1340,Female,53,Kolkata,West Bengal,East,P2028,Furniture Product 2028,Home & Kitchen,Furniture,2,29619.27,0.25,44428.9,UPI,Completed,Returning
O104492,2026-05-05,C1433,Customer 1433,Male,22,Warangal,Telangana,South,P2037,Haircare Product 2037,Beauty,Haircare,2,29950.17,0.05,56905.32,Credit Card,Completed,Returning
O104493,2026-02-07,C1116,Customer 1116,Female,38,New Delhi,Delhi,North,P2065,Makeup Product 2065,Beauty,Makeup,1,58267.22,0,58267.22,UPI,Completed,Returning
O104494,2025-07-10,C1214,Customer 1214,Male,33,Patna,Bihar,East,P2074,Mobiles Product 2074,Electronics,Mobiles,1,18005.98,0.1,16205.38,Credit Card,Completed,Returning
O104495,2025-12-01,C1469,Customer 1469,Male,42,Kolkata,West Bengal,East,P2055,Accessories Product 2055,Electronics,Accessories,1,15507.3,0.1,13956.57,UPI,Completed,Returning
O104496,2026-06-06,C1446,Customer 1446,Male,24,Ahmedabad,Gujarat,West,P2004,Kitchen Product 2004,Home & Kitchen,Kitchen,2,1952.63,0,3905.26,Net Banking,Completed,Returning
O104497,2025-03-28,C1481,Customer 1481,Female,34,Pune,Maharashtra,West,P2099,Sportswear Product 2099,Sports,Sportswear,1,42924.55,0.05,40778.32,Net Banking,Completed,Returning
O104498,2026-08-02,C1372,Customer 1372,Female,27,Hyderabad,Telangana,South,P2010,Sportswear Product 2010,Sports,Sportswear,1,51133.3,0.05,48576.64,UPI,Completed,Returning
O104499,2025-03-03,C1294,Customer 1294,Female,35,Bhubaneswar,Odisha,East,P2047,Laptops Product 2047,Electronics,Laptops,5,6397.76,0.1,28789.92,Net Banking,Completed,New
O104500,2026-01-22,C1253,Customer 1253,Female,38,Udaipur,Rajasthan,North,P2075,Laptops Product 2075,Electronics,Laptops,1,5790.21,0.05,5500.7,UPI,Completed,Returning
O104501,2025-05-26,C1143,Customer 1143,Female,31,Udaipur,Rajasthan,North,P2014,Skincare Product 2014,Beauty,Skincare,5,73803.13,0.1,332114.09,Credit Card,Completed,Returning
O104502,2025-06-02,C1250,Customer 1250,Male,46,Noida,Uttar Pradesh,North,P2038,Accessories Product 2038,Electronics,Accessories,1,15304.17,0.2,12243.34,UPI,Completed,Returning
O104503,2025-12-15,C1366,Customer 1366,Male,20,New Delhi,Delhi,North,P2012,Fitness Product 2012,Sports,Fitness,1,70788.11,0.2,56630.49,Net Banking,Completed,Returning
O104504,2025-06-27,C1436,Customer 1436,Female,51,Mangaluru,Karnataka,South,P2045,Laptops Product 2045,Electronics,Laptops,2,61352.14,0.1,110433.85,Credit Card,Completed,Returning
O104505,2026-05-02,C1463,Customer 1463,Female,54,New Delhi,Delhi,North,P2017,Appliances Product 2017,Home & Kitchen,Appliances,1,35523.47,0.1,31971.12,UPI,Completed,Returning
O104506,2025-09-04,C1302,Customer 1302,Male,55,Chennai,Tamil Nadu,South,P2080,Mobiles Product 2080,Electronics,Mobiles,1,26947.88,0.15,22905.7,Cash on Delivery,Returned,Returning
O104507,2025-09-11,C1025,Customer 1025,Female,45,Mumbai,Maharashtra,West,P2035,Mobiles Product 2035,Electronics,Mobiles,1,38973.06,0.15,33127.1,UPI,Cancelled,Returning
O104508,2026-05-15,C1277,Customer 1277,Male,55,Cuttack,Odisha,East,P2066,Furniture Product 2066,Home & Kitchen,Furniture,5,13722.33,0.15,58319.9,Cash on Delivery,Completed,Returning
O104509,2026-06-25,C1472,Customer 1472,Female,21,Mumbai,Maharashtra,West,P2075,Laptops Product 2075,Electronics,Laptops,1,5790.21,0,5790.21,UPI,Completed,Returning
O104510,2025-12-18,C1377,Customer 1377,Female,31,Jaipur,Rajasthan,North,P2041,Accessories Product 2041,Electronics,Accessories,2,2659.49,0,5318.98,Net Banking,Completed,Returning
O104511,2026-05-27,C1378,Customer 1378,Male,20,Bengaluru,Karnataka,South,P2067,Laptops Product 2067,Electronics,Laptops,2,38592.36,0.25,57888.54,Debit Card,Completed,Returning
O104512,2025-01-13,C1389,Customer 1389,Male,30,Mysuru,Karnataka,South,P2029,Appliances Product 2029,Home & Kitchen,Appliances,2,54225.01,0.25,81337.52,Net Banking,Completed,New
O104513,2026-07-13,C1070,Customer 1070,Female,56,Patna,Bihar,East,P2018,Women Product 2018,Fashion,Women,2,15516.48,0.1,27929.66,Cash on Delivery,Completed,Returning
O104514,2025-05-31,C1113,Customer 1113,Female,53,Kochi,Kerala,South,P2020,Footwear Product 2020,Fashion,Footwear,1,47078.66,0.25,35309,Cash on Delivery,Completed,Returning
O104515,2025-02-19,C1363,Customer 1363,Male,20,Thrissur,Kerala,South,P2014,Skincare Product 2014,Beauty,Skincare,1,73803.13,0.15,62732.66,Credit Card,Completed,New
O104516,2025-08-03,C1112,Customer 1112,Male,55,Patna,Bihar,East,P2034,Men Product 2034,Fashion,Men,1,42105.76,0.1,37895.18,Net Banking,Completed,Returning
O104517,2026-01-07,C1364,Customer 1364,Female,32,Salem,Tamil Nadu,South,P2049,Appliances Product 2049,Home & Kitchen,Appliances,1,16675.28,0.05,15841.52,Debit Card,Returned,Returning
O104518,2025-04-23,C1303,Customer 1303,Male,45,Hyderabad,Telangana,South,P2054,Accessories Product 2054,Electronics,Accessories,1,51113.05,0.1,46001.74,UPI,Completed,Returning
O104519,2025-09-09,C1471,Customer 1471,Male,43,Kolkata,West Bengal,East,P2031,Makeup Product 2031,Beauty,Makeup,1,36193.87,0.1,32574.48,Cash on Delivery,Completed,Returning
O104520,2025-12-07,C1452,Customer 1452,Female,45,Kolkata,West Bengal,East,P2058,Women Product 2058,Fashion,Women,4,74077.42,0.25,222232.26,Credit Card,Completed,Returning
O104521,2025-02-22,C1091,Customer 1091,Female,56,Hyderabad,Telangana,South,P2042,Sportswear Product 2042,Sports,Sportswear,4,46086.93,0.1,165912.95,UPI,Completed,Returning
O104522,2025-05-10,C1018,Customer 1018,Female,45,Bhubaneswar,Odisha,East,P2058,Women Product 2058,Fashion,Women,1,74077.42,0.15,62965.81,Credit Card,Returned,Returning
O104523,2025-07-12,C1149,Customer 1149,Male,45,Mysuru,Karnataka,South,P2082,Makeup Product 2082,Beauty,Makeup,1,65159.86,0.15,55385.88,Debit Card,Completed,Returning
O104524,2026-08-14,C1476,Customer 1476,Female,22,Patna,Bihar,East,P2030,Men Product 2030,Fashion,Men,1,64551.14,0,64551.14,Debit Card,Returned,Returning
O104525,2025-02-26,C1227,Customer 1227,Male,26,Pune,Maharashtra,West,P2025,Footwear Product 2025,Fashion,Footwear,1,48968.5,0,48968.5,Debit Card,Completed,Returning
O104526,2025-04-07,C1214,Customer 1214,Male,33,Patna,Bihar,East,P2063,Women Product 2063,Fashion,Women,1,27128.58,0.1,24415.72,UPI,Completed,Returning
O104527,2025-07-17,C1360,Customer 1360,Male,40,Lucknow,Uttar Pradesh,North,P2019,Accessories Product 2019,Electronics,Accessories,4,34190.91,0.05,129925.46,Debit Card,Completed,Returning
O104528,2025-05-27,C1151,Customer 1151,Male,48,New Delhi,Delhi,North,P2072,Outdoor Product 2072,Sports,Outdoor,1,64391.57,0.1,57952.41,Cash on Delivery,Cancelled,Returning
O104529,2026-07-29,C1192,Customer 1192,Male,55,Hyderabad,Telangana,South,P2092,Footwear Product 2092,Fashion,Footwear,1,2539.03,0,2539.03,Credit Card,Completed,Returning
O104530,2026-07-31,C1451,Customer 1451,Female,33,Vadodara,Gujarat,West,P2008,Mobiles Product 2008,Electronics,Mobiles,1,12522.7,0.05,11896.56,Debit Card,Completed,Returning
O104531,2025-10-22,C1040,Customer 1040,Male,47,New Delhi,Delhi,North,P2095,Skincare Product 2095,Beauty,Skincare,5,33448.14,0,167240.7,UPI,Completed,Returning
O104532,2025-01-12,C1242,Customer 1242,Male,26,Jaipur,Rajasthan,North,P2003,Makeup Product 2003,Beauty,Makeup,4,44701.37,0.05,169865.21,UPI,Completed,New
O104533,2025-11-29,C1138,Customer 1138,Male,52,Jodhpur,Rajasthan,North,P2067,Laptops Product 2067,Electronics,Laptops,2,38592.36,0,77184.72,Debit Card,Cancelled,Returning
O104534,2025-08-08,C1345,Customer 1345,Male,25,Udaipur,Rajasthan,North,P2086,Mobiles Product 2086,Electronics,Mobiles,1,70060.46,0.25,52545.34,UPI,Completed,Returning
O104535,2026-02-02,C1180,Customer 1180,Male,32,Nagpur,Maharashtra,West,P2081,Men Product 2081,Fashion,Men,1,63359.53,0.05,60191.55,Debit Card,Completed,Returning
O104536,2025-12-08,C1497,Customer 1497,Male,29,Jodhpur,Rajasthan,North,P2100,Mobiles Product 2100,Electronics,Mobiles,1,51807.65,0.2,41446.12,Debit Card,Completed,Returning
O104537,2026-05-27,C1200,Customer 1200,Male,33,Kolkata,West Bengal,East,P2017,Appliances Product 2017,Home & Kitchen,Appliances,1,35523.47,0.25,26642.6,Credit Card,Completed,Returning
O104538,2025-06-21,C1203,Customer 1203,Male,35,Mumbai,Maharashtra,West,P2014,Skincare Product 2014,Beauty,Skincare,3,73803.13,0.2,177127.51,Credit Card,Completed,Returning
O104539,2026-04-13,C1061,Customer 1061,Male,59,Vadodara,Gujarat,West,P2009,Skincare Product 2009,Beauty,Skincare,1,22588.57,0.1,20329.71,Cash on Delivery,Completed,Returning
O104540,2025-06-15,C1192,Customer 1192,Male,55,Hyderabad,Telangana,South,P2062,Makeup Product 2062,Beauty,Makeup,1,20979.04,0.15,17832.18,UPI,Completed,Returning
O104541,2025-06-19,C1005,Customer 1005,Male,22,New Delhi,Delhi,North,P2094,Women Product 2094,Fashion,Women,2,14369.68,0,28739.36,Credit Card,Completed,New
O104542,2026-07-18,C1378,Customer 1378,Male,20,Bengaluru,Karnataka,South,P2021,Mobiles Product 2021,Electronics,Mobiles,1,68414.15,0,68414.15,Cash on Delivery,Completed,Returning
O104543,2026-05-27,C1237,Customer 1237,Female,38,Thrissur,Kerala,South,P2076,Laptops Product 2076,Electronics,Laptops,2,33823.68,0.2,54117.89,Cash on Delivery,Completed,Returning
O104544,2025-07-08,C1181,Customer 1181,Male,42,Bhubaneswar,Odisha,East,P2037,Haircare Product 2037,Beauty,Haircare,1,29950.17,0,29950.17,Debit Card,Completed,Returning
O104545,2025-04-30,C1311,Customer 1311,Female,36,Madurai,Tamil Nadu,South,P2096,Outdoor Product 2096,Sports,Outdoor,1,19371.4,0.25,14528.55,Credit Card,Returned,Returning
O104546,2025-04-15,C1037,Customer 1037,Female,31,New Delhi,Delhi,North,P2011,Footwear Product 2011,Fashion,Footwear,1,65143.66,0.15,55372.11,UPI,Completed,Returning
O104547,2025-02-10,C1056,Customer 1056,Female,23,New Delhi,Delhi,North,P2020,Footwear Product 2020,Fashion,Footwear,4,47078.66,0.05,178898.91,UPI,Completed,Returning
O104548,2025-11-17,C1443,Customer 1443,Male,40,Kolkata,West Bengal,East,P2035,Mobiles Product 2035,Electronics,Mobiles,1,38973.06,0,38973.06,Debit Card,Completed,Returning
O104549,2025-12-01,C1237,Customer 1237,Female,38,Thrissur,Kerala,South,P2053,Mobiles Product 2053,Electronics,Mobiles,1,37147.78,0.15,31575.61,UPI,Completed,Returning
O104550,2025-06-09,C1358,Customer 1358,Female,38,New Delhi,Delhi,North,P2047,Laptops Product 2047,Electronics,Laptops,1,6397.76,0.1,5757.98,Cash on Delivery,Cancelled,Returning
O104551,2025-09-21,C1349,Customer 1349,Female,50,Jaipur,Rajasthan,North,P2075,Laptops Product 2075,Electronics,Laptops,2,5790.21,0.15,9843.36,Debit Card,Completed,Returning
O104552,2026-06-14,C1197,Customer 1197,Female,28,Thrissur,Kerala,South,P2052,Laptops Product 2052,Electronics,Laptops,3,54024.37,0.05,153969.45,UPI,Completed,Returning
O104553,2026-04-22,C1073,Customer 1073,Male,28,Ahmedabad,Gujarat,West,P2008,Mobiles Product 2008,Electronics,Mobiles,1,12522.7,0,12522.7,UPI,Completed,Returning
O104554,2025-12-18,C1059,Customer 1059,Male,49,Patna,Bihar,East,P2004,Kitchen Product 2004,Home & Kitchen,Kitchen,1,1952.63,0.05,1855,Debit Card,Completed,Returning
O104555,2026-06-29,C1240,Customer 1240,Female,41,Surat,Gujarat,West,P2027,Kitchen Product 2027,Home & Kitchen,Kitchen,4,11473.67,0.05,43599.95,UPI,Completed,Returning
O104556,2025-07-29,C1002,Customer 1002,Female,51,Ahmedabad,Gujarat,West,P2044,Makeup Product 2044,Beauty,Makeup,2,61167.44,0,122334.88,Net Banking,Completed,Returning
O104557,2026-05-11,C1449,Customer 1449,Male,45,Mumbai,Maharashtra,West,P2040,Mobiles Product 2040,Electronics,Mobiles,2,71380.78,0,142761.56,Cash on Delivery,Completed,Returning
O104558,2026-01-17,C1360,Customer 1360,Male,40,Lucknow,Uttar Pradesh,North,P2047,Laptops Product 2047,Electronics,Laptops,1,6397.76,0.05,6077.87,Cash on Delivery,Cancelled,Returning
O104559,2026-04-26,C1188,Customer 1188,Male,44,Warangal,Telangana,South,P2094,Women Product 2094,Fashion,Women,1,14369.68,0.15,12214.23,Debit Card,Completed,Returning
O104560,2025-01-05,C1307,Customer 1307,Female,56,Ahmedabad,Gujarat,West,P2044,Makeup Product 2044,Beauty,Makeup,2,61167.44,0.1,110101.39,Net Banking,Completed,New
O104561,2025-02-03,C1030,Customer 1030,Female,26,Bhubaneswar,Odisha,East,P2048,Accessories Product 2048,Electronics,Accessories,2,48876.98,0.05,92866.26,Debit Card,Completed,New
O104562,2025-05-25,C1267,Customer 1267,Female,44,Warangal,Telangana,South,P2091,Accessories Product 2091,Electronics,Accessories,2,36816.84,0.1,66270.31,Credit Card,Completed,Returning
O104563,2025-12-17,C1476,Customer 1476,Female,22,Patna,Bihar,East,P2085,Fitness Product 2085,Sports,Fitness,1,48108.22,0.1,43297.4,Debit Card,Completed,Returning
O104564,2026-08-06,C1108,Customer 1108,Female,56,New Delhi,Delhi,North,P2052,Laptops Product 2052,Electronics,Laptops,2,54024.37,0.1,97243.87,UPI,Cancelled,Returning
O104565,2026-04-10,C1332,Customer 1332,Male,30,Kochi,Kerala,South,P2084,Fitness Product 2084,Sports,Fitness,3,39978.36,0.1,107941.57,UPI,Completed,Returning
O104566,2025-12-14,C1423,Customer 1423,Female,50,Chennai,Tamil Nadu,South,P2068,Furniture Product 2068,Home & Kitchen,Furniture,4,37073.16,0.05,140878.01,Net Banking,Completed,Returning
O104567,2025-05-05,C1090,Customer 1090,Female,35,Mysuru,Karnataka,South,P2011,Footwear Product 2011,Fashion,Footwear,1,65143.66,0,65143.66,Cash on Delivery,Completed,Returning
O104568,2025-09-28,C1205,Customer 1205,Female,54,Cuttack,Odisha,East,P2077,Men Product 2077,Fashion,Men,2,32487.3,0.05,61725.87,Debit Card,Completed,Returning
O104569,2025-12-23,C1379,Customer 1379,Female,24,Jaipur,Rajasthan,North,P2073,Mobiles Product 2073,Electronics,Mobiles,2,58078.44,0.05,110349.04,Credit Card,Cancelled,Returning
O104570,2026-06-11,C1456,Customer 1456,Male,41,Kolkata,West Bengal,East,P2004,Kitchen Product 2004,Home & Kitchen,Kitchen,3,1952.63,0.1,5272.1,Credit Card,Completed,Returning
O104571,2026-05-13,C1447,Customer 1447,Male,60,Mangaluru,Karnataka,South,P2076,Laptops Product 2076,Electronics,Laptops,2,33823.68,0.2,54117.89,Credit Card,Completed,Returning
O104572,2025-06-02,C1448,Customer 1448,Female,31,Coimbatore,Tamil Nadu,South,P2073,Mobiles Product 2073,Electronics,Mobiles,4,58078.44,0.05,220698.07,Credit Card,Completed,Returning
O104573,2025-02-22,C1445,Customer 1445,Female,20,Lucknow,Uttar Pradesh,North,P2077,Men Product 2077,Fashion,Men,4,32487.3,0.15,110456.82,Cash on Delivery,Completed,Returning
O104574,2025-05-29,C1381,Customer 1381,Female,49,Jaipur,Rajasthan,North,P2048,Accessories Product 2048,Electronics,Accessories,1,48876.98,0.15,41545.43,Credit Card,Completed,Returning
O104575,2026-05-18,C1438,Customer 1438,Female,40,Pune,Maharashtra,West,P2026,Furniture Product 2026,Home & Kitchen,Furniture,2,59877.66,0,119755.32,UPI,Completed,Returning
O104576,2026-03-26,C1220,Customer 1220,Male,30,New Delhi,Delhi,North,P2077,Men Product 2077,Fashion,Men,2,32487.3,0.2,51979.68,Net Banking,Completed,Returning
O104577,2025-08-07,C1378,Customer 1378,Male,20,Bengaluru,Karnataka,South,P2039,Footwear Product 2039,Fashion,Footwear,1,15251.22,0,15251.22,Credit Card,Completed,Returning
O104578,2025-10-04,C1094,Customer 1094,Female,33,Noida,Uttar Pradesh,North,P2092,Footwear Product 2092,Fashion,Footwear,1,2539.03,0.2,2031.22,Debit Card,Completed,Returning
O104579,2026-03-28,C1457,Customer 1457,Female,49,Ahmedabad,Gujarat,West,P2058,Women Product 2058,Fashion,Women,1,74077.42,0,74077.42,Debit Card,Completed,Returning
O104580,2026-03-04,C1103,Customer 1103,Female,40,Mumbai,Maharashtra,West,P2019,Accessories Product 2019,Electronics,Accessories,3,34190.91,0.05,97444.09,Debit Card,Completed,Returning
O104581,2025-03-24,C1223,Customer 1223,Female,28,Patna,Bihar,East,P2088,Men Product 2088,Fashion,Men,1,36148.31,0.1,32533.48,UPI,Completed,New
O104582,2025-08-06,C1186,Customer 1186,Male,36,Warangal,Telangana,South,P2083,Mobiles Product 2083,Electronics,Mobiles,3,2853.83,0.2,6849.19,UPI,Completed,Returning
O104583,2026-06-11,C1469,Customer 1469,Male,42,Kolkata,West Bengal,East,P2077,Men Product 2077,Fashion,Men,2,32487.3,0.05,61725.87,Credit Card,Completed,Returning
O104584,2026-02-08,C1184,Customer 1184,Male,60,Ahmedabad,Gujarat,West,P2077,Men Product 2077,Fashion,Men,2,32487.3,0.15,55228.41,Debit Card,Completed,Returning
O104585,2025-10-17,C1495,Customer 1495,Male,44,Surat,Gujarat,West,P2058,Women Product 2058,Fashion,Women,1,74077.42,0.15,62965.81,UPI,Completed,Returning
O104586,2026-02-24,C1162,Customer 1162,Male,44,Kolkata,West Bengal,East,P2028,Furniture Product 2028,Home & Kitchen,Furniture,1,29619.27,0,29619.27,Credit Card,Completed,Returning
O104587,2025-12-05,C1247,Customer 1247,Male,50,Warangal,Telangana,South,P2066,Furniture Product 2066,Home & Kitchen,Furniture,1,13722.33,0.1,12350.1,Cash on Delivery,Completed,Returning
O104588,2026-02-23,C1031,Customer 1031,Male,55,New Delhi,Delhi,North,P2010,Sportswear Product 2010,Sports,Sportswear,1,51133.3,0.1,46019.97,UPI,Completed,Returning
O104589,2025-07-26,C1052,Customer 1052,Female,52,Kozhikode,Kerala,South,P2086,Mobiles Product 2086,Electronics,Mobiles,3,70060.46,0.05,199672.31,Net Banking,Completed,Returning
O104590,2025-09-22,C1345,Customer 1345,Male,25,Udaipur,Rajasthan,North,P2077,Men Product 2077,Fashion,Men,2,32487.3,0.15,55228.41,Net Banking,Completed,Returning
O104591,2025-02-05,C1076,Customer 1076,Female,20,Hyderabad,Telangana,South,P2058,Women Product 2058,Fashion,Women,1,74077.42,0.2,59261.94,Cash on Delivery,Completed,Returning
O104592,2026-01-08,C1385,Customer 1385,Male,56,Thrissur,Kerala,South,P2073,Mobiles Product 2073,Electronics,Mobiles,3,58078.44,0.15,148100.02,Cash on Delivery,Completed,Returning
O104593,2026-05-03,C1439,Customer 1439,Male,24,Bhubaneswar,Odisha,East,P2097,Footwear Product 2097,Fashion,Footwear,1,70862.68,0.25,53147.01,Credit Card,Completed,Returning
O104594,2025-09-16,C1278,Customer 1278,Female,54,Salem,Tamil Nadu,South,P2014,Skincare Product 2014,Beauty,Skincare,1,73803.13,0,73803.13,Debit Card,Returned,Returning
O104595,2026-06-15,C1040,Customer 1040,Male,47,New Delhi,Delhi,North,P2084,Fitness Product 2084,Sports,Fitness,2,39978.36,0,79956.72,Debit Card,Completed,Returning
O104596,2025-01-23,C1101,Customer 1101,Male,45,Kozhikode,Kerala,South,P2015,Furniture Product 2015,Home & Kitchen,Furniture,1,17477.61,0.2,13982.09,UPI,Completed,New
O104597,2025-04-14,C1111,Customer 1111,Female,24,Mangaluru,Karnataka,South,P2096,Outdoor Product 2096,Sports,Outdoor,2,19371.4,0.2,30994.24,UPI,Completed,Returning
O104598,2025-08-29,C1385,Customer 1385,Male,56,Thrissur,Kerala,South,P2033,Footwear Product 2033,Fashion,Footwear,2,37566.95,0,75133.9,Credit Card,Completed,Returning
O104599,2025-09-10,C1321,Customer 1321,Female,37,Thrissur,Kerala,South,P2017,Appliances Product 2017,Home & Kitchen,Appliances,2,35523.47,0.05,67494.59,UPI,Completed,Returning
O104600,2025-05-22,C1249,Customer 1249,Male,58,Jaipur,Rajasthan,North,P2024,Men Product 2024,Fashion,Men,1,15279.2,0.15,12987.32,Net Banking,Completed,Returning
O104601,2026-03-27,C1191,Customer 1191,Male,38,Nagpur,Maharashtra,West,P2030,Men Product 2030,Fashion,Men,1,64551.14,0,64551.14,Cash on Delivery,Completed,Returning
O104602,2025-11-03,C1490,Customer 1490,Male,45,Salem,Tamil Nadu,South,P2062,Makeup Product 2062,Beauty,Makeup,1,20979.04,0.05,19930.09,Net Banking,Completed,Returning
O104603,2026-05-15,C1182,Customer 1182,Male,44,Kolkata,West Bengal,East,P2013,Appliances Product 2013,Home & Kitchen,Appliances,4,72349.68,0.15,245988.91,UPI,Completed,Returning
O104604,2025-01-08,C1426,Customer 1426,Male,27,Bengaluru,Karnataka,South,P2062,Makeup Product 2062,Beauty,Makeup,1,20979.04,0.25,15734.28,UPI,Completed,New
O104605,2025-03-10,C1405,Customer 1405,Female,36,Noida,Uttar Pradesh,North,P2047,Laptops Product 2047,Electronics,Laptops,1,6397.76,0.15,5438.1,Net Banking,Completed,Returning
O104606,2026-07-29,C1335,Customer 1335,Female,44,New Delhi,Delhi,North,P2016,Mobiles Product 2016,Electronics,Mobiles,3,48979.51,0.15,124897.75,Credit Card,Completed,Returning
O104607,2025-03-09,C1209,Customer 1209,Female,55,Ahmedabad,Gujarat,West,P2066,Furniture Product 2066,Home & Kitchen,Furniture,3,13722.33,0.05,39108.64,Net Banking,Completed,Returning
O104608,2026-02-12,C1022,Customer 1022,Male,28,Coimbatore,Tamil Nadu,South,P2081,Men Product 2081,Fashion,Men,3,63359.53,0.1,171070.73,Net Banking,Completed,Returning
O104609,2026-06-02,C1166,Customer 1166,Male,56,Jaipur,Rajasthan,North,P2096,Outdoor Product 2096,Sports,Outdoor,5,19371.4,0,96857,Debit Card,Completed,Returning
O104610,2025-04-29,C1099,Customer 1099,Female,31,Vadodara,Gujarat,West,P2043,Furniture Product 2043,Home & Kitchen,Furniture,1,47010.26,0.25,35257.7,UPI,Completed,Returning
O104611,2025-01-31,C1493,Customer 1493,Male,32,New Delhi,Delhi,North,P2008,Mobiles Product 2008,Electronics,Mobiles,1,12522.7,0.1,11270.43,UPI,Completed,New
O104612,2026-06-02,C1208,Customer 1208,Female,40,Vadodara,Gujarat,West,P2003,Makeup Product 2003,Beauty,Makeup,1,44701.37,0.1,40231.23,UPI,Completed,Returning
O104613,2026-04-28,C1008,Customer 1008,Male,50,Kozhikode,Kerala,South,P2012,Fitness Product 2012,Sports,Fitness,1,70788.11,0.2,56630.49,Credit Card,Completed,Returning
O104614,2025-07-26,C1190,Customer 1190,Female,32,New Delhi,Delhi,North,P2084,Fitness Product 2084,Sports,Fitness,2,39978.36,0,79956.72,Cash on Delivery,Returned,Returning
O104615,2026-08-02,C1175,Customer 1175,Female,43,Madurai,Tamil Nadu,South,P2016,Mobiles Product 2016,Electronics,Mobiles,1,48979.51,0.25,36734.63,UPI,Completed,Returning
O104616,2026-01-22,C1273,Customer 1273,Female,35,Jaipur,Rajasthan,North,P2078,Accessories Product 2078,Electronics,Accessories,2,71159.18,0.05,135202.44,UPI,Cancelled,Returning
O104617,2026-02-16,C1017,Customer 1017,Female,21,New Delhi,Delhi,North,P2080,Mobiles Product 2080,Electronics,Mobiles,1,26947.88,0.05,25600.49,Debit Card,Cancelled,Returning
O104618,2026-01-05,C1090,Customer 1090,Female,35,Mysuru,Karnataka,South,P2059,Mobiles Product 2059,Electronics,Mobiles,1,38695.49,0,38695.49,UPI,Completed,Returning
O104619,2025-12-19,C1141,Customer 1141,Female,48,Ahmedabad,Gujarat,West,P2049,Appliances Product 2049,Home & Kitchen,Appliances,2,16675.28,0.2,26680.45,Net Banking,Completed,Returning
O104620,2025-12-02,C1145,Customer 1145,Female,21,Noida,Uttar Pradesh,North,P2063,Women Product 2063,Fashion,Women,1,27128.58,0.2,21702.86,UPI,Completed,Returning
O104621,2025-10-16,C1166,Customer 1166,Male,56,Jaipur,Rajasthan,North,P2062,Makeup Product 2062,Beauty,Makeup,2,20979.04,0,41958.08,Cash on Delivery,Completed,Returning
O104622,2025-05-20,C1337,Customer 1337,Male,46,Jaipur,Rajasthan,North,P2049,Appliances Product 2049,Home & Kitchen,Appliances,5,16675.28,0,83376.4,Cash on Delivery,Completed,Returning
O104623,2025-10-27,C1496,Customer 1496,Male,23,Bengaluru,Karnataka,South,P2051,Makeup Product 2051,Beauty,Makeup,3,3561.53,0.2,8547.67,Cash on Delivery,Completed,Returning
O104624,2025-01-13,C1078,Customer 1078,Female,51,Thrissur,Kerala,South,P2033,Footwear Product 2033,Fashion,Footwear,1,37566.95,0,37566.95,UPI,Completed,New
O104625,2026-03-04,C1429,Customer 1429,Male,23,Noida,Uttar Pradesh,North,P2030,Men Product 2030,Fashion,Men,4,64551.14,0.1,232384.1,UPI,Completed,Returning
O104626,2026-02-04,C1262,Customer 1262,Female,58,Kanpur,Uttar Pradesh,North,P2059,Mobiles Product 2059,Electronics,Mobiles,1,38695.49,0.1,34825.94,Net Banking,Completed,Returning
O104627,2025-04-19,C1163,Customer 1163,Female,40,Warangal,Telangana,South,P2076,Laptops Product 2076,Electronics,Laptops,2,33823.68,0.2,54117.89,Net Banking,Completed,Returning
O104628,2026-04-30,C1366,Customer 1366,Male,20,New Delhi,Delhi,North,P2015,Furniture Product 2015,Home & Kitchen,Furniture,1,17477.61,0.1,15729.85,Debit Card,Returned,Returning
O104629,2025-12-22,C1014,Customer 1014,Male,42,Kolkata,West Bengal,East,P2082,Makeup Product 2082,Beauty,Makeup,1,65159.86,0.1,58643.87,Credit Card,Completed,Returning
O104630,2025-05-29,C1239,Customer 1239,Male,20,Kanpur,Uttar Pradesh,North,P2092,Footwear Product 2092,Fashion,Footwear,5,2539.03,0.25,9521.36,UPI,Completed,Returning
O104631,2025-11-03,C1072,Customer 1072,Female,42,Kolkata,West Bengal,East,P2023,Accessories Product 2023,Electronics,Accessories,1,9651.38,0.05,9168.81,Cash on Delivery,Completed,Returning
O104632,2026-06-17,C1445,Customer 1445,Female,20,Lucknow,Uttar Pradesh,North,P2078,Accessories Product 2078,Electronics,Accessories,3,71159.18,0.05,202803.66,UPI,Completed,Returning
O104633,2025-03-01,C1143,Customer 1143,Female,31,Udaipur,Rajasthan,North,P2094,Women Product 2094,Fashion,Women,1,14369.68,0,14369.68,UPI,Completed,New
O104634,2026-03-11,C1310,Customer 1310,Female,46,New Delhi,Delhi,North,P2097,Footwear Product 2097,Fashion,Footwear,3,70862.68,0.25,159441.03,UPI,Completed,Returning
O104635,2025-01-21,C1283,Customer 1283,Female,33,Kochi,Kerala,South,P2045,Laptops Product 2045,Electronics,Laptops,4,61352.14,0.15,208597.28,Net Banking,Completed,New
O104636,2026-01-17,C1269,Customer 1269,Male,57,Kolkata,West Bengal,East,P2062,Makeup Product 2062,Beauty,Makeup,1,20979.04,0,20979.04,UPI,Completed,Returning
O104637,2025-09-02,C1241,Customer 1241,Female,36,Cuttack,Odisha,East,P2079,Laptops Product 2079,Electronics,Laptops,2,12821.16,0.15,21795.97,Credit Card,Completed,Returning
O104638,2025-03-14,C1415,Customer 1415,Male,24,Chennai,Tamil Nadu,South,P2071,Mobiles Product 2071,Electronics,Mobiles,2,29513.79,0.05,56076.2,Credit Card,Completed,Returning
O104639,2026-03-25,C1245,Customer 1245,Male,55,Mumbai,Maharashtra,West,P2015,Furniture Product 2015,Home & Kitchen,Furniture,4,17477.61,0.25,52432.83,UPI,Completed,Returning
O104640,2025-03-17,C1163,Customer 1163,Female,40,Warangal,Telangana,South,P2046,Appliances Product 2046,Home & Kitchen,Appliances,1,3344.33,0.05,3177.11,Debit Card,Completed,New
O104641,2026-08-13,C1060,Customer 1060,Male,54,Mumbai,Maharashtra,West,P2064,Furniture Product 2064,Home & Kitchen,Furniture,2,47477.55,0.15,80711.84,UPI,Completed,Returning
O104642,2026-01-25,C1006,Customer 1006,Female,37,Salem,Tamil Nadu,South,P2046,Appliances Product 2046,Home & Kitchen,Appliances,1,3344.33,0.1,3009.9,UPI,Completed,Returning
O104643,2026-07-31,C1197,Customer 1197,Female,28,Thrissur,Kerala,South,P2056,Fitness Product 2056,Sports,Fitness,1,65159.96,0,65159.96,Credit Card,Completed,Returning
O104644,2025-12-08,C1470,Customer 1470,Female,33,Coimbatore,Tamil Nadu,South,P2044,Makeup Product 2044,Beauty,Makeup,1,61167.44,0.2,48933.95,Credit Card,Completed,Returning
O104645,2025-10-17,C1058,Customer 1058,Male,51,Thrissur,Kerala,South,P2075,Laptops Product 2075,Electronics,Laptops,2,5790.21,0,11580.42,UPI,Completed,Returning
O104646,2026-07-22,C1305,Customer 1305,Female,47,Madurai,Tamil Nadu,South,P2029,Appliances Product 2029,Home & Kitchen,Appliances,3,54225.01,0.1,146407.53,Cash on Delivery,Completed,Returning
O104647,2025-11-27,C1407,Customer 1407,Female,48,Mumbai,Maharashtra,West,P2095,Skincare Product 2095,Beauty,Skincare,1,33448.14,0.15,28430.92,Cash on Delivery,Completed,Returning
O104648,2025-09-16,C1217,Customer 1217,Female,54,Bengaluru,Karnataka,South,P2062,Makeup Product 2062,Beauty,Makeup,2,20979.04,0.1,37762.27,Credit Card,Completed,Returning
O104649,2026-03-02,C1418,Customer 1418,Female,21,Cuttack,Odisha,East,P2089,Women Product 2089,Fashion,Women,2,71400.34,0,142800.68,Credit Card,Completed,Returning
O104650,2025-01-06,C1026,Customer 1026,Female,54,Ahmedabad,Gujarat,West,P2052,Laptops Product 2052,Electronics,Laptops,1,54024.37,0.25,40518.28,UPI,Completed,New
O104651,2025-01-06,C1303,Customer 1303,Male,45,Hyderabad,Telangana,South,P2054,Accessories Product 2054,Electronics,Accessories,4,51113.05,0.05,194229.59,Net Banking,Completed,New
O104652,2025-07-10,C1005,Customer 1005,Male,22,New Delhi,Delhi,North,P2088,Men Product 2088,Fashion,Men,1,36148.31,0.1,32533.48,Credit Card,Completed,Returning
O104653,2025-05-28,C1474,Customer 1474,Female,33,Kolkata,West Bengal,East,P2057,Skincare Product 2057,Beauty,Skincare,1,63514.52,0.15,53987.34,UPI,Completed,Returning
O104654,2026-02-09,C1020,Customer 1020,Male,59,Pune,Maharashtra,West,P2083,Mobiles Product 2083,Electronics,Mobiles,1,2853.83,0.2,2283.06,Net Banking,Completed,Returning
O104655,2025-09-15,C1390,Customer 1390,Male,58,Mangaluru,Karnataka,South,P2066,Furniture Product 2066,Home & Kitchen,Furniture,3,13722.33,0.1,37050.29,Credit Card,Completed,Returning
O104656,2026-04-24,C1198,Customer 1198,Female,26,Hyderabad,Telangana,South,P2022,Outdoor Product 2022,Sports,Outdoor,5,34818.67,0.05,165388.68,Credit Card,Returned,Returning
O104657,2025-03-31,C1059,Customer 1059,Male,49,Patna,Bihar,East,P2020,Footwear Product 2020,Fashion,Footwear,1,47078.66,0.15,40016.86,UPI,Completed,Returning
O104658,2025-01-10,C1448,Customer 1448,Female,31,Coimbatore,Tamil Nadu,South,P2033,Footwear Product 2033,Fashion,Footwear,1,37566.95,0,37566.95,UPI,Completed,New
O104659,2025-03-28,C1242,Customer 1242,Male,26,Jaipur,Rajasthan,North,P2072,Outdoor Product 2072,Sports,Outdoor,2,64391.57,0,128783.14,Cash on Delivery,Completed,Returning
O104660,2025-05-31,C1146,Customer 1146,Male,54,Salem,Tamil Nadu,South,P2025,Footwear Product 2025,Fashion,Footwear,2,48968.5,0.2,78349.6,Debit Card,Completed,Returning
O104661,2025-01-30,C1388,Customer 1388,Male,21,Patna,Bihar,East,P2046,Appliances Product 2046,Home & Kitchen,Appliances,2,3344.33,0.1,6019.79,UPI,Completed,New
O104662,2025-05-08,C1273,Customer 1273,Female,35,Jaipur,Rajasthan,North,P2073,Mobiles Product 2073,Electronics,Mobiles,4,58078.44,0,232313.76,Credit Card,Completed,Returning
O104663,2025-03-19,C1249,Customer 1249,Male,58,Jaipur,Rajasthan,North,P2098,Women Product 2098,Fashion,Women,3,18537.8,0.1,50052.06,Credit Card,Completed,Returning
O104664,2026-02-25,C1014,Customer 1014,Male,42,Kolkata,West Bengal,East,P2057,Skincare Product 2057,Beauty,Skincare,3,63514.52,0,190543.56,UPI,Completed,Returning
O104665,2025-02-24,C1462,Customer 1462,Male,27,Cuttack,Odisha,East,P2087,Kitchen Product 2087,Home & Kitchen,Kitchen,2,43974.9,0,87949.8,Credit Card,Completed,Returning
O104666,2026-04-25,C1013,Customer 1013,Male,41,Hyderabad,Telangana,South,P2005,Appliances Product 2005,Home & Kitchen,Appliances,1,61463.29,0,61463.29,Debit Card,Completed,Returning
O104667,2025-11-01,C1391,Customer 1391,Male,57,Salem,Tamil Nadu,South,P2055,Accessories Product 2055,Electronics,Accessories,2,15507.3,0.15,26362.41,UPI,Completed,Returning
O104668,2026-06-30,C1384,Customer 1384,Male,34,Mumbai,Maharashtra,West,P2061,Women Product 2061,Fashion,Women,1,44949.95,0.15,38207.46,UPI,Completed,Returning
O104669,2025-04-15,C1044,Customer 1044,Female,42,Patna,Bihar,East,P2089,Women Product 2089,Fashion,Women,1,71400.34,0.1,64260.31,UPI,Completed,New
O104670,2025-06-21,C1375,Customer 1375,Male,53,Surat,Gujarat,West,P2008,Mobiles Product 2008,Electronics,Mobiles,1,12522.7,0,12522.7,Credit Card,Completed,Returning
O104671,2026-05-14,C1399,Customer 1399,Female,53,Jodhpur,Rajasthan,North,P2016,Mobiles Product 2016,Electronics,Mobiles,2,48979.51,0.15,83265.17,Debit Card,Completed,Returning
O104672,2025-01-22,C1019,Customer 1019,Female,36,Vadodara,Gujarat,West,P2048,Accessories Product 2048,Electronics,Accessories,2,48876.98,0.05,92866.26,UPI,Completed,New
O104673,2025-10-14,C1063,Customer 1063,Male,32,Ahmedabad,Gujarat,West,P2061,Women Product 2061,Fashion,Women,2,44949.95,0.1,80909.91,Debit Card,Completed,Returning
O104674,2026-01-26,C1491,Customer 1491,Female,44,Cuttack,Odisha,East,P2015,Furniture Product 2015,Home & Kitchen,Furniture,1,17477.61,0.2,13982.09,Credit Card,Completed,Returning
O104675,2025-05-29,C1239,Customer 1239,Male,20,Kanpur,Uttar Pradesh,North,P2065,Makeup Product 2065,Beauty,Makeup,2,58267.22,0.1,104881,Debit Card,Completed,Returning
O104676,2025-09-29,C1492,Customer 1492,Male,36,Udaipur,Rajasthan,North,P2022,Outdoor Product 2022,Sports,Outdoor,1,34818.67,0.1,31336.8,UPI,Completed,Returning
O104677,2025-10-26,C1419,Customer 1419,Female,32,Udaipur,Rajasthan,North,P2003,Makeup Product 2003,Beauty,Makeup,2,44701.37,0.25,67052.06,Credit Card,Completed,Returning
O104678,2025-06-21,C1337,Customer 1337,Male,46,Jaipur,Rajasthan,North,P2054,Accessories Product 2054,Electronics,Accessories,1,51113.05,0.1,46001.74,Debit Card,Completed,Returning
O104679,2025-02-16,C1419,Customer 1419,Female,32,Udaipur,Rajasthan,North,P2014,Skincare Product 2014,Beauty,Skincare,3,73803.13,0.1,199268.45,Debit Card,Completed,New
O104680,2025-07-26,C1403,Customer 1403,Male,34,Mumbai,Maharashtra,West,P2036,Mobiles Product 2036,Electronics,Mobiles,3,6463.39,0.1,17451.15,Net Banking,Completed,Returning
O104681,2026-03-29,C1404,Customer 1404,Male,49,Vadodara,Gujarat,West,P2082,Makeup Product 2082,Beauty,Makeup,2,65159.86,0.05,123803.73,UPI,Completed,Returning
O104682,2026-01-30,C1100,Customer 1100,Male,35,Jaipur,Rajasthan,North,P2082,Makeup Product 2082,Beauty,Makeup,2,65159.86,0.15,110771.76,Cash on Delivery,Completed,Returning
O104683,2025-10-28,C1163,Customer 1163,Female,40,Warangal,Telangana,South,P2067,Laptops Product 2067,Electronics,Laptops,2,38592.36,0.15,65607.01,Net Banking,Completed,Returning
O104684,2025-06-25,C1416,Customer 1416,Male,53,Kolkata,West Bengal,East,P2010,Sportswear Product 2010,Sports,Sportswear,1,51133.3,0,51133.3,Credit Card,Completed,Returning
O104685,2025-04-20,C1122,Customer 1122,Male,43,Nagpur,Maharashtra,West,P2049,Appliances Product 2049,Home & Kitchen,Appliances,2,16675.28,0,33350.56,Cash on Delivery,Completed,New
O104686,2025-07-21,C1432,Customer 1432,Female,51,Cuttack,Odisha,East,P2065,Makeup Product 2065,Beauty,Makeup,1,58267.22,0.25,43700.42,Credit Card,Completed,Returning
O104687,2025-06-17,C1044,Customer 1044,Female,42,Patna,Bihar,East,P2091,Accessories Product 2091,Electronics,Accessories,1,36816.84,0.1,33135.16,UPI,Completed,Returning
O104688,2025-03-27,C1360,Customer 1360,Male,40,Lucknow,Uttar Pradesh,North,P2057,Skincare Product 2057,Beauty,Skincare,1,63514.52,0,63514.52,Debit Card,Completed,Returning
O104689,2025-02-20,C1408,Customer 1408,Female,23,Patna,Bihar,East,P2027,Kitchen Product 2027,Home & Kitchen,Kitchen,4,11473.67,0.05,43599.95,Cash on Delivery,Completed,Returning
O104690,2025-04-22,C1317,Customer 1317,Male,48,New Delhi,Delhi,North,P2075,Laptops Product 2075,Electronics,Laptops,1,5790.21,0.1,5211.19,UPI,Completed,Returning
O104691,2026-04-08,C1381,Customer 1381,Female,49,Jaipur,Rajasthan,North,P2005,Appliances Product 2005,Home & Kitchen,Appliances,1,61463.29,0,61463.29,Debit Card,Cancelled,Returning
O104692,2026-03-18,C1145,Customer 1145,Female,21,Noida,Uttar Pradesh,North,P2071,Mobiles Product 2071,Electronics,Mobiles,4,29513.79,0,118055.16,Net Banking,Completed,Returning
O104693,2025-09-28,C1327,Customer 1327,Male,24,Ahmedabad,Gujarat,West,P2083,Mobiles Product 2083,Electronics,Mobiles,3,2853.83,0.15,7277.27,Cash on Delivery,Completed,Returning
O104694,2026-07-31,C1363,Customer 1363,Male,20,Thrissur,Kerala,South,P2057,Skincare Product 2057,Beauty,Skincare,1,63514.52,0.15,53987.34,UPI,Completed,Returning
O104695,2025-12-10,C1050,Customer 1050,Female,34,New Delhi,Delhi,North,P2093,Furniture Product 2093,Home & Kitchen,Furniture,4,15378.45,0.05,58438.11,UPI,Completed,Returning
O104696,2025-07-02,C1065,Customer 1065,Male,38,Thrissur,Kerala,South,P2015,Furniture Product 2015,Home & Kitchen,Furniture,1,17477.61,0,17477.61,UPI,Completed,Returning
O104697,2026-05-18,C1355,Customer 1355,Female,56,New Delhi,Delhi,North,P2099,Sportswear Product 2099,Sports,Sportswear,2,42924.55,0.1,77264.19,Debit Card,Completed,Returning
O104698,2025-01-10,C1288,Customer 1288,Male,35,Warangal,Telangana,South,P2076,Laptops Product 2076,Electronics,Laptops,2,33823.68,0.05,64264.99,Cash on Delivery,Completed,New
O104699,2026-05-09,C1164,Customer 1164,Female,55,Chennai,Tamil Nadu,South,P2030,Men Product 2030,Fashion,Men,2,64551.14,0.05,122647.17,Debit Card,Completed,Returning
O104700,2025-08-22,C1141,Customer 1141,Female,48,Ahmedabad,Gujarat,West,P2020,Footwear Product 2020,Fashion,Footwear,2,47078.66,0.05,89449.45,Cash on Delivery,Completed,Returning
O104701,2025-10-25,C1454,Customer 1454,Female,28,Jaipur,Rajasthan,North,P2037,Haircare Product 2037,Beauty,Haircare,1,29950.17,0,29950.17,Net Banking,Completed,Returning
O104702,2025-09-01,C1314,Customer 1314,Male,39,Jaipur,Rajasthan,North,P2003,Makeup Product 2003,Beauty,Makeup,1,44701.37,0.05,42466.3,Debit Card,Completed,Returning
O104703,2026-05-24,C1128,Customer 1128,Male,39,Thrissur,Kerala,South,P2073,Mobiles Product 2073,Electronics,Mobiles,2,58078.44,0.25,87117.66,UPI,Completed,Returning
O104704,2025-12-17,C1398,Customer 1398,Female,46,Jaipur,Rajasthan,North,P2041,Accessories Product 2041,Electronics,Accessories,1,2659.49,0.05,2526.52,UPI,Completed,Returning
O104705,2025-09-24,C1421,Customer 1421,Female,42,Mysuru,Karnataka,South,P2039,Footwear Product 2039,Fashion,Footwear,5,15251.22,0.05,72443.29,UPI,Completed,Returning
O104706,2025-07-20,C1368,Customer 1368,Female,51,Thrissur,Kerala,South,P2026,Furniture Product 2026,Home & Kitchen,Furniture,1,59877.66,0.05,56883.78,UPI,Completed,Returning
O104707,2025-08-27,C1463,Customer 1463,Female,54,New Delhi,Delhi,North,P2002,Sportswear Product 2002,Sports,Sportswear,1,72675.18,0.1,65407.66,UPI,Completed,Returning
O104708,2025-11-30,C1239,Customer 1239,Male,20,Kanpur,Uttar Pradesh,North,P2023,Accessories Product 2023,Electronics,Accessories,2,9651.38,0.15,16407.35,UPI,Completed,Returning
O104709,2026-02-19,C1324,Customer 1324,Female,21,Kozhikode,Kerala,South,P2023,Accessories Product 2023,Electronics,Accessories,1,9651.38,0.05,9168.81,Credit Card,Completed,Returning
O104710,2026-04-29,C1296,Customer 1296,Female,57,Kolkata,West Bengal,East,P2085,Fitness Product 2085,Sports,Fitness,1,48108.22,0.15,40891.99,Credit Card,Completed,Returning
O104711,2026-03-13,C1187,Customer 1187,Female,39,New Delhi,Delhi,North,P2016,Mobiles Product 2016,Electronics,Mobiles,1,48979.51,0,48979.51,UPI,Completed,Returning
O104712,2025-09-03,C1208,Customer 1208,Female,40,Vadodara,Gujarat,West,P2009,Skincare Product 2009,Beauty,Skincare,4,22588.57,0.2,72283.42,Debit Card,Completed,Returning
O104713,2025-01-08,C1220,Customer 1220,Male,30,New Delhi,Delhi,North,P2013,Appliances Product 2013,Home & Kitchen,Appliances,1,72349.68,0,72349.68,Debit Card,Completed,New
O104714,2025-06-01,C1400,Customer 1400,Male,57,Patna,Bihar,East,P2028,Furniture Product 2028,Home & Kitchen,Furniture,1,29619.27,0,29619.27,Debit Card,Completed,Returning
O104715,2026-01-27,C1190,Customer 1190,Female,32,New Delhi,Delhi,North,P2027,Kitchen Product 2027,Home & Kitchen,Kitchen,1,11473.67,0,11473.67,Debit Card,Completed,Returning
O104716,2025-07-30,C1388,Customer 1388,Male,21,Patna,Bihar,East,P2051,Makeup Product 2051,Beauty,Makeup,1,3561.53,0,3561.53,Debit Card,Completed,Returning
O104717,2026-01-02,C1429,Customer 1429,Male,23,Noida,Uttar Pradesh,North,P2064,Furniture Product 2064,Home & Kitchen,Furniture,1,47477.55,0.1,42729.8,Cash on Delivery,Completed,Returning
O104718,2026-07-24,C1346,Customer 1346,Male,47,Udaipur,Rajasthan,North,P2052,Laptops Product 2052,Electronics,Laptops,3,54024.37,0.1,145865.8,UPI,Completed,Returning
O104719,2025-03-27,C1284,Customer 1284,Male,34,Vadodara,Gujarat,West,P2081,Men Product 2081,Fashion,Men,5,63359.53,0.15,269278,UPI,Completed,Returning
O104720,2025-02-24,C1352,Customer 1352,Male,22,Lucknow,Uttar Pradesh,North,P2038,Accessories Product 2038,Electronics,Accessories,1,15304.17,0,15304.17,UPI,Completed,Returning
O104721,2026-03-22,C1237,Customer 1237,Female,38,Thrissur,Kerala,South,P2100,Mobiles Product 2100,Electronics,Mobiles,2,51807.65,0.1,93253.77,Debit Card,Completed,Returning
O104722,2025-10-31,C1194,Customer 1194,Male,60,Mangaluru,Karnataka,South,P2065,Makeup Product 2065,Beauty,Makeup,4,58267.22,0.05,221415.44,Credit Card,Completed,Returning
O104723,2025-05-12,C1287,Customer 1287,Male,22,Jodhpur,Rajasthan,North,P2018,Women Product 2018,Fashion,Women,1,15516.48,0.1,13964.83,Credit Card,Completed,Returning
O104724,2026-02-25,C1259,Customer 1259,Female,47,Noida,Uttar Pradesh,North,P2063,Women Product 2063,Fashion,Women,1,27128.58,0,27128.58,UPI,Completed,Returning
O104725,2026-01-20,C1246,Customer 1246,Female,25,Kolkata,West Bengal,East,P2051,Makeup Product 2051,Beauty,Makeup,4,3561.53,0,14246.12,Debit Card,Completed,Returning
O104726,2025-07-17,C1136,Customer 1136,Male,22,New Delhi,Delhi,North,P2009,Skincare Product 2009,Beauty,Skincare,2,22588.57,0.1,40659.43,Debit Card,Completed,Returning
O104727,2025-02-16,C1280,Customer 1280,Female,39,Bhubaneswar,Odisha,East,P2013,Appliances Product 2013,Home & Kitchen,Appliances,1,72349.68,0.15,61497.23,UPI,Completed,New
O104728,2025-07-22,C1271,Customer 1271,Female,51,Ahmedabad,Gujarat,West,P2040,Mobiles Product 2040,Electronics,Mobiles,1,71380.78,0.15,60673.66,Credit Card,Completed,Returning
O104729,2025-09-18,C1171,Customer 1171,Female,55,Coimbatore,Tamil Nadu,South,P2055,Accessories Product 2055,Electronics,Accessories,1,15507.3,0,15507.3,Cash on Delivery,Returned,Returning
O104730,2025-01-24,C1159,Customer 1159,Male,30,Udaipur,Rajasthan,North,P2079,Laptops Product 2079,Electronics,Laptops,1,12821.16,0,12821.16,Net Banking,Completed,New
O104731,2025-12-06,C1201,Customer 1201,Male,50,Cuttack,Odisha,East,P2043,Furniture Product 2043,Home & Kitchen,Furniture,3,47010.26,0.05,133979.24,UPI,Cancelled,Returning
O104732,2026-02-16,C1487,Customer 1487,Male,36,New Delhi,Delhi,North,P2044,Makeup Product 2044,Beauty,Makeup,2,61167.44,0.1,110101.39,Cash on Delivery,Completed,Returning
O104733,2025-09-18,C1045,Customer 1045,Female,41,Cuttack,Odisha,East,P2068,Furniture Product 2068,Home & Kitchen,Furniture,2,37073.16,0.1,66731.69,UPI,Completed,Returning
O104734,2025-10-13,C1450,Customer 1450,Female,53,Kanpur,Uttar Pradesh,North,P2033,Footwear Product 2033,Fashion,Footwear,1,37566.95,0,37566.95,Credit Card,Completed,Returning
O104735,2026-05-28,C1264,Customer 1264,Male,22,Kolkata,West Bengal,East,P2024,Men Product 2024,Fashion,Men,1,15279.2,0.05,14515.24,UPI,Completed,Returning
O104736,2025-03-27,C1071,Customer 1071,Female,45,Madurai,Tamil Nadu,South,P2036,Mobiles Product 2036,Electronics,Mobiles,1,6463.39,0.1,5817.05,Cash on Delivery,Completed,Returning
O104737,2026-03-06,C1364,Customer 1364,Female,32,Salem,Tamil Nadu,South,P2010,Sportswear Product 2010,Sports,Sportswear,3,51133.3,0.05,145729.91,UPI,Completed,Returning
O104738,2026-08-04,C1371,Customer 1371,Female,50,Cuttack,Odisha,East,P2100,Mobiles Product 2100,Electronics,Mobiles,2,51807.65,0,103615.3,UPI,Completed,Returning
O104739,2025-01-31,C1103,Customer 1103,Female,40,Mumbai,Maharashtra,West,P2020,Footwear Product 2020,Fashion,Footwear,1,47078.66,0.1,42370.79,Cash on Delivery,Completed,New
O104740,2026-08-26,C1490,Customer 1490,Male,45,Salem,Tamil Nadu,South,P2075,Laptops Product 2075,Electronics,Laptops,1,5790.21,0.05,5500.7,Debit Card,Completed,Returning
O104741,2026-03-16,C1125,Customer 1125,Male,47,Mumbai,Maharashtra,West,P2012,Fitness Product 2012,Sports,Fitness,3,70788.11,0.2,169891.46,Net Banking,Cancelled,Returning
O104742,2025-12-15,C1313,Customer 1313,Female,52,Chennai,Tamil Nadu,South,P2062,Makeup Product 2062,Beauty,Makeup,2,20979.04,0.15,35664.37,UPI,Completed,Returning
O104743,2026-02-16,C1464,Customer 1464,Male,34,Mysuru,Karnataka,South,P2018,Women Product 2018,Fashion,Women,1,15516.48,0,15516.48,Credit Card,Completed,Returning
O104744,2026-06-12,C1483,Customer 1483,Male,56,Kochi,Kerala,South,P2094,Women Product 2094,Fashion,Women,1,14369.68,0,14369.68,Cash on Delivery,Cancelled,Returning
O104745,2025-11-06,C1286,Customer 1286,Male,20,Lucknow,Uttar Pradesh,North,P2063,Women Product 2063,Fashion,Women,1,27128.58,0.05,25772.15,Debit Card,Completed,Returning
O104746,2026-01-31,C1458,Customer 1458,Female,36,Nagpur,Maharashtra,West,P2084,Fitness Product 2084,Sports,Fitness,3,39978.36,0.05,113938.33,Net Banking,Completed,Returning
O104747,2025-12-04,C1230,Customer 1230,Male,28,New Delhi,Delhi,North,P2025,Footwear Product 2025,Fashion,Footwear,2,48968.5,0.2,78349.6,Cash on Delivery,Completed,Returning
O104748,2026-03-13,C1146,Customer 1146,Male,54,Salem,Tamil Nadu,South,P2012,Fitness Product 2012,Sports,Fitness,2,70788.11,0.05,134497.41,Debit Card,Completed,Returning
O104749,2025-12-31,C1370,Customer 1370,Male,47,New Delhi,Delhi,North,P2021,Mobiles Product 2021,Electronics,Mobiles,3,68414.15,0.2,164193.96,UPI,Completed,Returning
O104750,2025-04-23,C1197,Customer 1197,Female,28,Thrissur,Kerala,South,P2025,Footwear Product 2025,Fashion,Footwear,5,48968.5,0.1,220358.25,UPI,Completed,Returning
O104751,2025-06-25,C1373,Customer 1373,Female,58,Hyderabad,Telangana,South,P2011,Footwear Product 2011,Fashion,Footwear,1,65143.66,0.2,52114.93,UPI,Completed,New
O104752,2025-05-29,C1221,Customer 1221,Male,37,Patna,Bihar,East,P2064,Furniture Product 2064,Home & Kitchen,Furniture,1,47477.55,0.15,40355.92,Credit Card,Completed,Returning
O104753,2025-06-27,C1423,Customer 1423,Female,50,Chennai,Tamil Nadu,South,P2073,Mobiles Product 2073,Electronics,Mobiles,1,58078.44,0.15,49366.67,Cash on Delivery,Cancelled,Returning
O104754,2026-01-17,C1060,Customer 1060,Male,54,Mumbai,Maharashtra,West,P2050,Fitness Product 2050,Sports,Fitness,1,13904.21,0.1,12513.79,Credit Card,Completed,Returning
O104755,2025-08-11,C1098,Customer 1098,Female,24,New Delhi,Delhi,North,P2062,Makeup Product 2062,Beauty,Makeup,3,20979.04,0.15,53496.55,Cash on Delivery,Completed,Returning
O104756,2025-09-16,C1171,Customer 1171,Female,55,Coimbatore,Tamil Nadu,South,P2089,Women Product 2089,Fashion,Women,3,71400.34,0.05,203490.97,Net Banking,Completed,Returning
O104757,2025-07-08,C1382,Customer 1382,Female,36,Chennai,Tamil Nadu,South,P2099,Sportswear Product 2099,Sports,Sportswear,2,42924.55,0.2,68679.28,Cash on Delivery,Completed,Returning
O104758,2025-11-02,C1173,Customer 1173,Male,58,Cuttack,Odisha,East,P2096,Outdoor Product 2096,Sports,Outdoor,1,19371.4,0.1,17434.26,Cash on Delivery,Completed,Returning
O104759,2026-01-13,C1151,Customer 1151,Male,48,New Delhi,Delhi,North,P2049,Appliances Product 2049,Home & Kitchen,Appliances,1,16675.28,0.1,15007.75,Debit Card,Completed,Returning
O104760,2026-08-25,C1453,Customer 1453,Female,46,Patna,Bihar,East,P2014,Skincare Product 2014,Beauty,Skincare,1,73803.13,0.25,55352.35,Cash on Delivery,Completed,Returning
O104761,2025-12-09,C1350,Customer 1350,Male,24,New Delhi,Delhi,North,P2001,Accessories Product 2001,Electronics,Accessories,3,63975.38,0.2,153540.91,Debit Card,Returned,Returning
O104762,2025-06-05,C1390,Customer 1390,Male,58,Mangaluru,Karnataka,South,P2081,Men Product 2081,Fashion,Men,1,63359.53,0.15,53855.6,Debit Card,Completed,Returning
O104763,2025-02-24,C1440,Customer 1440,Male,37,Vadodara,Gujarat,West,P2025,Footwear Product 2025,Fashion,Footwear,1,48968.5,0.05,46520.08,Debit Card,Completed,New
O104764,2026-03-18,C1122,Customer 1122,Male,43,Nagpur,Maharashtra,West,P2059,Mobiles Product 2059,Electronics,Mobiles,1,38695.49,0.25,29021.62,Debit Card,Completed,Returning
O104765,2025-07-19,C1494,Customer 1494,Female,39,Kochi,Kerala,South,P2072,Outdoor Product 2072,Sports,Outdoor,5,64391.57,0.15,273664.17,Credit Card,Completed,Returning
O104766,2026-02-07,C1108,Customer 1108,Female,56,New Delhi,Delhi,North,P2069,Mobiles Product 2069,Electronics,Mobiles,2,33564.3,0.1,60415.74,Credit Card,Completed,Returning
O104767,2026-08-26,C1004,Customer 1004,Male,52,New Delhi,Delhi,North,P2005,Appliances Product 2005,Home & Kitchen,Appliances,4,61463.29,0.2,196682.53,UPI,Completed,Returning
O104768,2025-06-26,C1093,Customer 1093,Female,48,Pune,Maharashtra,West,P2099,Sportswear Product 2099,Sports,Sportswear,3,42924.55,0,128773.65,UPI,Completed,Returning
O104769,2026-03-25,C1407,Customer 1407,Female,48,Mumbai,Maharashtra,West,P2019,Accessories Product 2019,Electronics,Accessories,2,34190.91,0,68381.82,Credit Card,Completed,Returning
O104770,2026-06-25,C1006,Customer 1006,Female,37,Salem,Tamil Nadu,South,P2023,Accessories Product 2023,Electronics,Accessories,1,9651.38,0.1,8686.24,Cash on Delivery,Completed,Returning
O104771,2025-10-28,C1288,Customer 1288,Male,35,Warangal,Telangana,South,P2009,Skincare Product 2009,Beauty,Skincare,1,22588.57,0,22588.57,Debit Card,Completed,Returning
O104772,2025-11-03,C1106,Customer 1106,Female,52,Mysuru,Karnataka,South,P2094,Women Product 2094,Fashion,Women,2,14369.68,0.1,25865.42,UPI,Completed,Returning
O104773,2025-09-24,C1146,Customer 1146,Male,54,Salem,Tamil Nadu,South,P2050,Fitness Product 2050,Sports,Fitness,3,13904.21,0.05,39627,Net Banking,Completed,Returning
O104774,2025-08-02,C1271,Customer 1271,Female,51,Ahmedabad,Gujarat,West,P2016,Mobiles Product 2016,Electronics,Mobiles,1,48979.51,0,48979.51,Cash on Delivery,Returned,Returning
O104775,2026-08-17,C1424,Customer 1424,Male,30,Noida,Uttar Pradesh,North,P2033,Footwear Product 2033,Fashion,Footwear,1,37566.95,0.05,35688.6,Net Banking,Completed,Returning
O104776,2026-04-28,C1378,Customer 1378,Male,20,Bengaluru,Karnataka,South,P2002,Sportswear Product 2002,Sports,Sportswear,2,72675.18,0.1,130815.32,Debit Card,Completed,Returning
O104777,2025-09-19,C1096,Customer 1096,Female,24,Kanpur,Uttar Pradesh,North,P2014,Skincare Product 2014,Beauty,Skincare,1,73803.13,0,73803.13,UPI,Completed,Returning
O104778,2025-03-08,C1457,Customer 1457,Female,49,Ahmedabad,Gujarat,West,P2001,Accessories Product 2001,Electronics,Accessories,2,63975.38,0,127950.76,Credit Card,Completed,Returning
O104779,2026-07-28,C1229,Customer 1229,Male,59,Mumbai,Maharashtra,West,P2090,Men Product 2090,Fashion,Men,1,43634.38,0.05,41452.66,Credit Card,Completed,Returning
O104780,2025-05-13,C1202,Customer 1202,Female,38,Bhubaneswar,Odisha,East,P2058,Women Product 2058,Fashion,Women,1,74077.42,0.15,62965.81,UPI,Completed,Returning
O104781,2026-06-24,C1212,Customer 1212,Male,58,Kolkata,West Bengal,East,P2089,Women Product 2089,Fashion,Women,1,71400.34,0.2,57120.27,UPI,Completed,Returning
O104782,2026-05-27,C1006,Customer 1006,Female,37,Salem,Tamil Nadu,South,P2016,Mobiles Product 2016,Electronics,Mobiles,2,48979.51,0,97959.02,Cash on Delivery,Completed,Returning
O104783,2025-07-30,C1112,Customer 1112,Male,55,Patna,Bihar,East,P2079,Laptops Product 2079,Electronics,Laptops,2,12821.16,0.1,23078.09,Debit Card,Completed,Returning
O104784,2025-09-10,C1376,Customer 1376,Female,22,Pune,Maharashtra,West,P2090,Men Product 2090,Fashion,Men,1,43634.38,0.05,41452.66,UPI,Completed,Returning
O104785,2025-02-07,C1379,Customer 1379,Female,24,Jaipur,Rajasthan,North,P2047,Laptops Product 2047,Electronics,Laptops,3,6397.76,0.05,18233.62,UPI,Completed,New
O104786,2025-02-12,C1447,Customer 1447,Male,60,Mangaluru,Karnataka,South,P2044,Makeup Product 2044,Beauty,Makeup,1,61167.44,0.2,48933.95,Credit Card,Completed,Returning
O104787,2026-02-09,C1323,Customer 1323,Female,44,Chennai,Tamil Nadu,South,P2080,Mobiles Product 2080,Electronics,Mobiles,1,26947.88,0.05,25600.49,UPI,Completed,Returning
O104788,2025-02-15,C1106,Customer 1106,Female,52,Mysuru,Karnataka,South,P2014,Skincare Product 2014,Beauty,Skincare,2,73803.13,0.05,140225.95,Debit Card,Completed,New
O104789,2026-03-30,C1139,Customer 1139,Male,59,New Delhi,Delhi,North,P2093,Furniture Product 2093,Home & Kitchen,Furniture,1,15378.45,0,15378.45,UPI,Completed,Returning
O104790,2025-11-01,C1299,Customer 1299,Male,47,Nagpur,Maharashtra,West,P2024,Men Product 2024,Fashion,Men,2,15279.2,0.25,22918.8,Net Banking,Completed,Returning
O104791,2025-08-21,C1401,Customer 1401,Female,52,Warangal,Telangana,South,P2055,Accessories Product 2055,Electronics,Accessories,4,15507.3,0.1,55826.28,Net Banking,Completed,Returning
O104792,2025-09-02,C1096,Customer 1096,Female,24,Kanpur,Uttar Pradesh,North,P2015,Furniture Product 2015,Home & Kitchen,Furniture,2,17477.61,0.1,31459.7,Debit Card,Completed,Returning
O104793,2025-10-22,C1388,Customer 1388,Male,21,Patna,Bihar,East,P2083,Mobiles Product 2083,Electronics,Mobiles,2,2853.83,0.1,5136.89,Net Banking,Completed,Returning
O104794,2026-01-18,C1447,Customer 1447,Male,60,Mangaluru,Karnataka,South,P2072,Outdoor Product 2072,Sports,Outdoor,2,64391.57,0.05,122343.98,UPI,Completed,Returning
O104795,2025-06-07,C1452,Customer 1452,Female,45,Kolkata,West Bengal,East,P2034,Men Product 2034,Fashion,Men,1,42105.76,0.15,35789.9,Debit Card,Completed,Returning
O104796,2026-02-09,C1337,Customer 1337,Male,46,Jaipur,Rajasthan,North,P2002,Sportswear Product 2002,Sports,Sportswear,1,72675.18,0,72675.18,Debit Card,Completed,Returning
O104797,2025-01-01,C1297,Customer 1297,Female,31,Patna,Bihar,East,P2027,Kitchen Product 2027,Home & Kitchen,Kitchen,1,11473.67,0.15,9752.62,Debit Card,Completed,New
O104798,2025-08-05,C1467,Customer 1467,Female,45,Pune,Maharashtra,West,P2074,Mobiles Product 2074,Electronics,Mobiles,4,18005.98,0.1,64821.53,UPI,Completed,Returning
O104799,2026-05-22,C1389,Customer 1389,Male,30,Mysuru,Karnataka,South,P2099,Sportswear Product 2099,Sports,Sportswear,1,42924.55,0,42924.55,Credit Card,Returned,Returning
O104800,2026-08-04,C1416,Customer 1416,Male,53,Kolkata,West Bengal,East,P2087,Kitchen Product 2087,Home & Kitchen,Kitchen,1,43974.9,0,43974.9,UPI,Completed,Returning
O104801,2025-01-30,C1214,Customer 1214,Male,33,Patna,Bihar,East,P2072,Outdoor Product 2072,Sports,Outdoor,4,64391.57,0.1,231809.65,Debit Card,Completed,New
O104802,2026-06-04,C1454,Customer 1454,Female,28,Jaipur,Rajasthan,North,P2092,Footwear Product 2092,Fashion,Footwear,3,2539.03,0.05,7236.24,Net Banking,Completed,Returning
O104803,2025-10-02,C1291,Customer 1291,Male,31,New Delhi,Delhi,North,P2023,Accessories Product 2023,Electronics,Accessories,4,9651.38,0.05,36675.24,Debit Card,Completed,Returning
O104804,2026-05-07,C1022,Customer 1022,Male,28,Coimbatore,Tamil Nadu,South,P2068,Furniture Product 2068,Home & Kitchen,Furniture,2,37073.16,0,74146.32,Net Banking,Completed,Returning
O104805,2025-02-05,C1193,Customer 1193,Male,31,Patna,Bihar,East,P2014,Skincare Product 2014,Beauty,Skincare,1,73803.13,0.15,62732.66,UPI,Completed,Returning
O104806,2025-11-07,C1468,Customer 1468,Male,47,Udaipur,Rajasthan,North,P2063,Women Product 2063,Fashion,Women,3,27128.58,0.2,65108.59,Cash on Delivery,Completed,Returning
O104807,2025-02-13,C1150,Customer 1150,Female,27,Nagpur,Maharashtra,West,P2093,Furniture Product 2093,Home & Kitchen,Furniture,1,15378.45,0.15,13071.68,Credit Card,Completed,Returning
O104808,2025-06-04,C1368,Customer 1368,Female,51,Thrissur,Kerala,South,P2065,Makeup Product 2065,Beauty,Makeup,1,58267.22,0.1,52440.5,UPI,Completed,New
O104809,2025-03-18,C1247,Customer 1247,Male,50,Warangal,Telangana,South,P2068,Furniture Product 2068,Home & Kitchen,Furniture,2,37073.16,0.1,66731.69,Debit Card,Completed,New
O104810,2026-08-13,C1267,Customer 1267,Female,44,Warangal,Telangana,South,P2063,Women Product 2063,Fashion,Women,2,27128.58,0.05,51544.3,Credit Card,Completed,Returning
O104811,2026-03-14,C1461,Customer 1461,Female,20,Vadodara,Gujarat,West,P2096,Outdoor Product 2096,Sports,Outdoor,3,19371.4,0,58114.2,UPI,Completed,Returning
O104812,2026-03-08,C1251,Customer 1251,Female,29,Chennai,Tamil Nadu,South,P2097,Footwear Product 2097,Fashion,Footwear,4,70862.68,0.15,240933.11,Net Banking,Cancelled,Returning
O104813,2026-06-26,C1490,Customer 1490,Male,45,Salem,Tamil Nadu,South,P2090,Men Product 2090,Fashion,Men,3,43634.38,0.15,111267.67,Cash on Delivery,Completed,Returning
O104814,2025-02-08,C1003,Customer 1003,Male,42,Mysuru,Karnataka,South,P2081,Men Product 2081,Fashion,Men,1,63359.53,0.15,53855.6,UPI,Completed,New
O104815,2025-08-27,C1393,Customer 1393,Female,57,Warangal,Telangana,South,P2087,Kitchen Product 2087,Home & Kitchen,Kitchen,2,43974.9,0.1,79154.82,Credit Card,Completed,Returning
O104816,2025-01-13,C1316,Customer 1316,Female,47,Cuttack,Odisha,East,P2064,Furniture Product 2064,Home & Kitchen,Furniture,3,47477.55,0.2,113946.12,UPI,Cancelled,New
O104817,2025-05-02,C1076,Customer 1076,Female,20,Hyderabad,Telangana,South,P2032,Mobiles Product 2032,Electronics,Mobiles,5,7978.59,0.2,31914.36,Cash on Delivery,Completed,Returning
O104818,2025-05-24,C1087,Customer 1087,Female,22,Patna,Bihar,East,P2079,Laptops Product 2079,Electronics,Laptops,1,12821.16,0.05,12180.1,UPI,Completed,Returning
O104819,2026-03-31,C1270,Customer 1270,Male,25,Cuttack,Odisha,East,P2013,Appliances Product 2013,Home & Kitchen,Appliances,1,72349.68,0.05,68732.2,UPI,Cancelled,Returning
O104820,2026-01-03,C1225,Customer 1225,Female,36,Hyderabad,Telangana,South,P2066,Furniture Product 2066,Home & Kitchen,Furniture,3,13722.33,0.1,37050.29,Credit Card,Completed,Returning
O104821,2025-09-04,C1018,Customer 1018,Female,45,Bhubaneswar,Odisha,East,P2019,Accessories Product 2019,Electronics,Accessories,1,34190.91,0,34190.91,UPI,Completed,Returning
O104822,2025-02-14,C1113,Customer 1113,Female,53,Kochi,Kerala,South,P2024,Men Product 2024,Fashion,Men,2,15279.2,0.2,24446.72,UPI,Completed,New
O104823,2026-01-10,C1251,Customer 1251,Female,29,Chennai,Tamil Nadu,South,P2088,Men Product 2088,Fashion,Men,1,36148.31,0.05,34340.89,UPI,Completed,Returning
O104824,2025-10-18,C1233,Customer 1233,Female,24,Patna,Bihar,East,P2011,Footwear Product 2011,Fashion,Footwear,1,65143.66,0.1,58629.29,UPI,Completed,Returning
O104825,2025-07-26,C1329,Customer 1329,Female,20,Salem,Tamil Nadu,South,P2059,Mobiles Product 2059,Electronics,Mobiles,2,38695.49,0.1,69651.88,UPI,Completed,Returning
O104826,2026-06-03,C1279,Customer 1279,Male,38,Bhubaneswar,Odisha,East,P2086,Mobiles Product 2086,Electronics,Mobiles,1,70060.46,0.1,63054.41,Cash on Delivery,Completed,Returning
O104827,2025-08-30,C1202,Customer 1202,Female,38,Bhubaneswar,Odisha,East,P2015,Furniture Product 2015,Home & Kitchen,Furniture,2,17477.61,0,34955.22,Cash on Delivery,Returned,Returning
O104828,2025-04-24,C1083,Customer 1083,Male,58,Kolkata,West Bengal,East,P2010,Sportswear Product 2010,Sports,Sportswear,1,51133.3,0.25,38349.98,Credit Card,Completed,Returning
O104829,2025-10-29,C1125,Customer 1125,Male,47,Mumbai,Maharashtra,West,P2041,Accessories Product 2041,Electronics,Accessories,1,2659.49,0,2659.49,Debit Card,Completed,Returning
O104830,2025-10-03,C1175,Customer 1175,Female,43,Madurai,Tamil Nadu,South,P2027,Kitchen Product 2027,Home & Kitchen,Kitchen,1,11473.67,0.15,9752.62,Debit Card,Completed,Returning
O104831,2025-04-06,C1069,Customer 1069,Female,45,Salem,Tamil Nadu,South,P2060,Women Product 2060,Fashion,Women,2,54476.75,0.15,92610.48,Credit Card,Completed,Returning
O104832,2025-10-21,C1047,Customer 1047,Female,41,Vadodara,Gujarat,West,P2073,Mobiles Product 2073,Electronics,Mobiles,1,58078.44,0,58078.44,Credit Card,Completed,Returning
O104833,2025-12-26,C1372,Customer 1372,Female,27,Hyderabad,Telangana,South,P2052,Laptops Product 2052,Electronics,Laptops,2,54024.37,0.2,86438.99,Debit Card,Completed,Returning
O104834,2025-10-15,C1256,Customer 1256,Male,32,Mumbai,Maharashtra,West,P2028,Furniture Product 2028,Home & Kitchen,Furniture,2,29619.27,0.1,53314.69,Credit Card,Completed,Returning
O104835,2025-06-03,C1215,Customer 1215,Male,50,Kolkata,West Bengal,East,P2065,Makeup Product 2065,Beauty,Makeup,2,58267.22,0.1,104881,Debit Card,Cancelled,Returning
O104836,2026-07-24,C1030,Customer 1030,Female,26,Bhubaneswar,Odisha,East,P2017,Appliances Product 2017,Home & Kitchen,Appliances,2,35523.47,0.1,63942.25,Credit Card,Completed,Returning
O104837,2026-02-27,C1281,Customer 1281,Female,37,Patna,Bihar,East,P2095,Skincare Product 2095,Beauty,Skincare,1,33448.14,0.1,30103.33,Credit Card,Completed,Returning
O104838,2025-02-19,C1412,Customer 1412,Female,36,Ahmedabad,Gujarat,West,P2044,Makeup Product 2044,Beauty,Makeup,1,61167.44,0,61167.44,Net Banking,Completed,New
O104839,2025-07-26,C1482,Customer 1482,Female,44,Hyderabad,Telangana,South,P2010,Sportswear Product 2010,Sports,Sportswear,2,51133.3,0.15,86926.61,Debit Card,Completed,Returning
O104840,2026-07-18,C1237,Customer 1237,Female,38,Thrissur,Kerala,South,P2063,Women Product 2063,Fashion,Women,1,27128.58,0.1,24415.72,Cash on Delivery,Completed,Returning
O104841,2026-07-19,C1248,Customer 1248,Male,38,Vadodara,Gujarat,West,P2093,Furniture Product 2093,Home & Kitchen,Furniture,3,15378.45,0,46135.35,Net Banking,Completed,Returning
O104842,2025-08-01,C1368,Customer 1368,Female,51,Thrissur,Kerala,South,P2082,Makeup Product 2082,Beauty,Makeup,3,65159.86,0.15,166157.64,UPI,Completed,Returning
O104843,2025-03-07,C1495,Customer 1495,Male,44,Surat,Gujarat,West,P2047,Laptops Product 2047,Electronics,Laptops,1,6397.76,0.15,5438.1,Debit Card,Completed,New
O104844,2025-08-20,C1025,Customer 1025,Female,45,Mumbai,Maharashtra,West,P2038,Accessories Product 2038,Electronics,Accessories,2,15304.17,0.1,27547.51,Debit Card,Completed,Returning
O104845,2025-11-16,C1074,Customer 1074,Female,31,Mumbai,Maharashtra,West,P2070,Men Product 2070,Fashion,Men,4,49797.81,0,199191.24,Debit Card,Completed,Returning
O104846,2025-05-17,C1206,Customer 1206,Male,31,Kolkata,West Bengal,East,P2076,Laptops Product 2076,Electronics,Laptops,1,33823.68,0.05,32132.5,Credit Card,Completed,New
O104847,2026-07-20,C1490,Customer 1490,Male,45,Salem,Tamil Nadu,South,P2053,Mobiles Product 2053,Electronics,Mobiles,2,37147.78,0,74295.56,UPI,Completed,Returning
O104848,2025-03-06,C1494,Customer 1494,Female,39,Kochi,Kerala,South,P2078,Accessories Product 2078,Electronics,Accessories,1,71159.18,0.1,64043.26,Cash on Delivery,Completed,Returning
O104849,2026-05-29,C1314,Customer 1314,Male,39,Jaipur,Rajasthan,North,P2044,Makeup Product 2044,Beauty,Makeup,2,61167.44,0.2,97867.9,Net Banking,Completed,Returning
O104850,2025-05-12,C1094,Customer 1094,Female,33,Noida,Uttar Pradesh,North,P2074,Mobiles Product 2074,Electronics,Mobiles,3,18005.98,0,54017.94,Credit Card,Completed,Returning
O104851,2025-11-30,C1375,Customer 1375,Male,53,Surat,Gujarat,West,P2054,Accessories Product 2054,Electronics,Accessories,2,51113.05,0.05,97114.8,UPI,Completed,Returning
O104852,2025-02-01,C1127,Customer 1127,Female,46,Nagpur,Maharashtra,West,P2020,Footwear Product 2020,Fashion,Footwear,2,47078.66,0.15,80033.72,Net Banking,Completed,Returning
O104853,2026-05-13,C1425,Customer 1425,Female,35,New Delhi,Delhi,North,P2079,Laptops Product 2079,Electronics,Laptops,4,12821.16,0,51284.64,Credit Card,Completed,Returning
O104854,2025-08-31,C1025,Customer 1025,Female,45,Mumbai,Maharashtra,West,P2031,Makeup Product 2031,Beauty,Makeup,2,36193.87,0,72387.74,Credit Card,Completed,Returning
O104855,2025-07-11,C1334,Customer 1334,Male,45,Salem,Tamil Nadu,South,P2007,Mobiles Product 2007,Electronics,Mobiles,2,70839.48,0.1,127511.06,Debit Card,Completed,Returning
O104856,2025-05-22,C1355,Customer 1355,Female,56,New Delhi,Delhi,North,P2058,Women Product 2058,Fashion,Women,2,74077.42,0.15,125931.61,Net Banking,Completed,Returning
O104857,2026-08-24,C1116,Customer 1116,Female,38,New Delhi,Delhi,North,P2010,Sportswear Product 2010,Sports,Sportswear,2,51133.3,0.15,86926.61,UPI,Completed,Returning
O104858,2026-07-15,C1048,Customer 1048,Male,41,Ahmedabad,Gujarat,West,P2010,Sportswear Product 2010,Sports,Sportswear,3,51133.3,0.15,130389.92,Net Banking,Completed,Returning
O104859,2025-07-10,C1226,Customer 1226,Female,57,Hyderabad,Telangana,South,P2039,Footwear Product 2039,Fashion,Footwear,5,15251.22,0.05,72443.29,Debit Card,Completed,Returning
O104860,2025-05-29,C1266,Customer 1266,Female,47,Thrissur,Kerala,South,P2028,Furniture Product 2028,Home & Kitchen,Furniture,3,29619.27,0.2,71086.25,Debit Card,Completed,Returning
O104861,2026-08-22,C1099,Customer 1099,Female,31,Vadodara,Gujarat,West,P2030,Men Product 2030,Fashion,Men,2,64551.14,0,129102.28,UPI,Completed,Returning
O104862,2026-02-20,C1459,Customer 1459,Male,45,Cuttack,Odisha,East,P2037,Haircare Product 2037,Beauty,Haircare,1,29950.17,0.05,28452.66,UPI,Completed,Returning
O104863,2026-06-04,C1011,Customer 1011,Male,43,Nagpur,Maharashtra,West,P2067,Laptops Product 2067,Electronics,Laptops,3,38592.36,0.05,109988.23,UPI,Completed,Returning
O104864,2025-01-16,C1085,Customer 1085,Male,41,Udaipur,Rajasthan,North,P2043,Furniture Product 2043,Home & Kitchen,Furniture,2,47010.26,0,94020.52,UPI,Completed,New
O104865,2025-04-16,C1405,Customer 1405,Female,36,Noida,Uttar Pradesh,North,P2079,Laptops Product 2079,Electronics,Laptops,3,12821.16,0.05,36540.31,UPI,Completed,Returning
O104866,2025-10-10,C1214,Customer 1214,Male,33,Patna,Bihar,East,P2085,Fitness Product 2085,Sports,Fitness,1,48108.22,0.1,43297.4,Credit Card,Cancelled,Returning
O104867,2025-04-14,C1173,Customer 1173,Male,58,Cuttack,Odisha,East,P2052,Laptops Product 2052,Electronics,Laptops,4,54024.37,0.1,194487.73,UPI,Completed,Returning
O104868,2025-12-27,C1391,Customer 1391,Male,57,Salem,Tamil Nadu,South,P2056,Fitness Product 2056,Sports,Fitness,1,65159.96,0.05,61901.96,UPI,Completed,Returning
O104869,2025-02-04,C1209,Customer 1209,Female,55,Ahmedabad,Gujarat,West,P2076,Laptops Product 2076,Electronics,Laptops,1,33823.68,0.15,28750.13,Credit Card,Completed,New
O104870,2025-04-23,C1448,Customer 1448,Female,31,Coimbatore,Tamil Nadu,South,P2068,Furniture Product 2068,Home & Kitchen,Furniture,2,37073.16,0.15,63024.37,UPI,Completed,Returning
O104871,2025-11-04,C1382,Customer 1382,Female,36,Chennai,Tamil Nadu,South,P2009,Skincare Product 2009,Beauty,Skincare,2,22588.57,0.05,42918.28,Debit Card,Completed,Returning
O104872,2025-02-22,C1064,Customer 1064,Male,49,Hyderabad,Telangana,South,P2092,Footwear Product 2092,Fashion,Footwear,1,2539.03,0.05,2412.08,Credit Card,Completed,Returning
O104873,2025-03-22,C1258,Customer 1258,Female,39,Mumbai,Maharashtra,West,P2023,Accessories Product 2023,Electronics,Accessories,2,9651.38,0.05,18337.62,UPI,Cancelled,Returning
O104874,2026-01-04,C1332,Customer 1332,Male,30,Kochi,Kerala,South,P2063,Women Product 2063,Fashion,Women,1,27128.58,0,27128.58,UPI,Completed,New
O104875,2025-08-30,C1121,Customer 1121,Female,35,Kanpur,Uttar Pradesh,North,P2061,Women Product 2061,Fashion,Women,1,44949.95,0.15,38207.46,Debit Card,Completed,Returning
O104876,2025-01-31,C1298,Customer 1298,Male,43,Mysuru,Karnataka,South,P2040,Mobiles Product 2040,Electronics,Mobiles,1,71380.78,0,71380.78,UPI,Completed,New
O104877,2025-12-27,C1466,Customer 1466,Male,33,Noida,Uttar Pradesh,North,P2044,Makeup Product 2044,Beauty,Makeup,3,61167.44,0,183502.32,Cash on Delivery,Completed,Returning
O104878,2025-08-21,C1054,Customer 1054,Female,24,Bengaluru,Karnataka,South,P2086,Mobiles Product 2086,Electronics,Mobiles,1,70060.46,0,70060.46,Debit Card,Completed,Returning
O104879,2025-02-03,C1331,Customer 1331,Male,51,Vadodara,Gujarat,West,P2024,Men Product 2024,Fashion,Men,1,15279.2,0.15,12987.32,UPI,Completed,New
O104880,2025-08-31,C1272,Customer 1272,Female,40,Mysuru,Karnataka,South,P2051,Makeup Product 2051,Beauty,Makeup,2,3561.53,0,7123.06,Credit Card,Completed,Returning
O104881,2025-02-28,C1241,Customer 1241,Female,36,Cuttack,Odisha,East,P2058,Women Product 2058,Fashion,Women,1,74077.42,0.1,66669.68,Debit Card,Completed,Returning
O104882,2026-06-13,C1243,Customer 1243,Female,44,Chennai,Tamil Nadu,South,P2090,Men Product 2090,Fashion,Men,3,43634.38,0,130903.14,UPI,Completed,Returning
O104883,2025-03-19,C1018,Customer 1018,Female,45,Bhubaneswar,Odisha,East,P2094,Women Product 2094,Fashion,Women,3,14369.68,0.15,36642.68,UPI,Completed,Returning
O104884,2025-10-29,C1483,Customer 1483,Male,56,Kochi,Kerala,South,P2033,Footwear Product 2033,Fashion,Footwear,3,37566.95,0.2,90160.68,Credit Card,Completed,Returning
O104885,2025-04-22,C1187,Customer 1187,Female,39,New Delhi,Delhi,North,P2016,Mobiles Product 2016,Electronics,Mobiles,1,48979.51,0.1,44081.56,Cash on Delivery,Completed,Returning
O104886,2026-02-17,C1346,Customer 1346,Male,47,Udaipur,Rajasthan,North,P2022,Outdoor Product 2022,Sports,Outdoor,2,34818.67,0.15,59191.74,Credit Card,Completed,Returning
O104887,2025-11-13,C1144,Customer 1144,Female,50,Salem,Tamil Nadu,South,P2057,Skincare Product 2057,Beauty,Skincare,2,63514.52,0.15,107974.68,Credit Card,Completed,Returning
O104888,2025-05-25,C1262,Customer 1262,Female,58,Kanpur,Uttar Pradesh,North,P2062,Makeup Product 2062,Beauty,Makeup,1,20979.04,0.15,17832.18,UPI,Completed,Returning
O104889,2025-01-18,C1441,Customer 1441,Male,47,Mysuru,Karnataka,South,P2082,Makeup Product 2082,Beauty,Makeup,1,65159.86,0.15,55385.88,Debit Card,Completed,New
O104890,2025-12-17,C1364,Customer 1364,Female,32,Salem,Tamil Nadu,South,P2071,Mobiles Product 2071,Electronics,Mobiles,2,29513.79,0,59027.58,Debit Card,Completed,Returning
O104891,2025-06-04,C1491,Customer 1491,Female,44,Cuttack,Odisha,East,P2090,Men Product 2090,Fashion,Men,1,43634.38,0.1,39270.94,Credit Card,Completed,Returning
O104892,2026-05-21,C1431,Customer 1431,Male,22,Vadodara,Gujarat,West,P2072,Outdoor Product 2072,Sports,Outdoor,4,64391.57,0.25,193174.71,Net Banking,Completed,Returning
O104893,2025-12-26,C1239,Customer 1239,Male,20,Kanpur,Uttar Pradesh,North,P2070,Men Product 2070,Fashion,Men,3,49797.81,0.05,141923.76,UPI,Completed,Returning
O104894,2025-11-28,C1304,Customer 1304,Female,27,Kanpur,Uttar Pradesh,North,P2030,Men Product 2030,Fashion,Men,1,64551.14,0.25,48413.36,Debit Card,Completed,Returning
O104895,2026-06-12,C1298,Customer 1298,Male,43,Mysuru,Karnataka,South,P2023,Accessories Product 2023,Electronics,Accessories,1,9651.38,0.1,8686.24,UPI,Completed,Returning
O104896,2025-01-12,C1076,Customer 1076,Female,20,Hyderabad,Telangana,South,P2032,Mobiles Product 2032,Electronics,Mobiles,5,7978.59,0.1,35903.66,Net Banking,Completed,Returning
O104897,2025-03-16,C1188,Customer 1188,Male,44,Warangal,Telangana,South,P2086,Mobiles Product 2086,Electronics,Mobiles,1,70060.46,0.1,63054.41,Net Banking,Completed,Returning
O104898,2025-07-31,C1333,Customer 1333,Female,40,Hyderabad,Telangana,South,P2057,Skincare Product 2057,Beauty,Skincare,3,63514.52,0.15,161962.03,Net Banking,Completed,Returning
O104899,2025-10-10,C1388,Customer 1388,Male,21,Patna,Bihar,East,P2009,Skincare Product 2009,Beauty,Skincare,1,22588.57,0.05,21459.14,UPI,Completed,Returning
O104900,2025-07-14,C1487,Customer 1487,Male,36,New Delhi,Delhi,North,P2031,Makeup Product 2031,Beauty,Makeup,3,36193.87,0,108581.61,Debit Card,Cancelled,New
O104901,2025-01-30,C1246,Customer 1246,Female,25,Kolkata,West Bengal,East,P2071,Mobiles Product 2071,Electronics,Mobiles,2,29513.79,0.15,50173.44,Credit Card,Returned,Returning
O104902,2025-01-09,C1130,Customer 1130,Female,31,Kolkata,West Bengal,East,P2009,Skincare Product 2009,Beauty,Skincare,1,22588.57,0.25,16941.43,Cash on Delivery,Completed,New
O104903,2025-11-05,C1474,Customer 1474,Female,33,Kolkata,West Bengal,East,P2013,Appliances Product 2013,Home & Kitchen,Appliances,1,72349.68,0.1,65114.71,Credit Card,Completed,Returning
O104904,2026-03-21,C1315,Customer 1315,Male,32,Kozhikode,Kerala,South,P2058,Women Product 2058,Fashion,Women,2,74077.42,0,148154.84,Net Banking,Completed,Returning
O104905,2025-11-06,C1411,Customer 1411,Male,29,Kolkata,West Bengal,East,P2003,Makeup Product 2003,Beauty,Makeup,4,44701.37,0.05,169865.21,Credit Card,Completed,Returning
O104906,2026-03-02,C1283,Customer 1283,Female,33,Kochi,Kerala,South,P2035,Mobiles Product 2035,Electronics,Mobiles,1,38973.06,0.2,31178.45,Credit Card,Completed,Returning
O104907,2026-08-14,C1079,Customer 1079,Male,44,Salem,Tamil Nadu,South,P2097,Footwear Product 2097,Fashion,Footwear,2,70862.68,0,141725.36,UPI,Completed,Returning
O104908,2025-04-01,C1072,Customer 1072,Female,42,Kolkata,West Bengal,East,P2021,Mobiles Product 2021,Electronics,Mobiles,1,68414.15,0.1,61572.73,UPI,Completed,New
O104909,2026-04-01,C1263,Customer 1263,Male,20,Nagpur,Maharashtra,West,P2064,Furniture Product 2064,Home & Kitchen,Furniture,3,47477.55,0,142432.65,UPI,Returned,Returning
O104910,2026-03-20,C1191,Customer 1191,Male,38,Nagpur,Maharashtra,West,P2095,Skincare Product 2095,Beauty,Skincare,3,33448.14,0.05,95327.2,UPI,Completed,Returning
O104911,2025-03-20,C1367,Customer 1367,Female,59,Mangaluru,Karnataka,South,P2052,Laptops Product 2052,Electronics,Laptops,1,54024.37,0.05,51323.15,UPI,Completed,Returning
O104912,2026-04-20,C1375,Customer 1375,Male,53,Surat,Gujarat,West,P2034,Men Product 2034,Fashion,Men,1,42105.76,0,42105.76,Net Banking,Completed,Returning
O104913,2025-04-13,C1430,Customer 1430,Female,44,Vadodara,Gujarat,West,P2096,Outdoor Product 2096,Sports,Outdoor,1,19371.4,0.15,16465.69,Credit Card,Cancelled,Returning
O104914,2026-04-01,C1063,Customer 1063,Male,32,Ahmedabad,Gujarat,West,P2035,Mobiles Product 2035,Electronics,Mobiles,2,38973.06,0.05,74048.81,Net Banking,Completed,Returning
O104915,2025-11-10,C1488,Customer 1488,Female,58,Cuttack,Odisha,East,P2015,Furniture Product 2015,Home & Kitchen,Furniture,1,17477.61,0.05,16603.73,Debit Card,Cancelled,Returning
O104916,2025-09-04,C1380,Customer 1380,Male,49,Kolkata,West Bengal,East,P2096,Outdoor Product 2096,Sports,Outdoor,1,19371.4,0.1,17434.26,Net Banking,Completed,Returning
O104917,2025-08-22,C1012,Customer 1012,Male,51,Vadodara,Gujarat,West,P2006,Accessories Product 2006,Electronics,Accessories,5,33608.93,0.2,134435.72,Credit Card,Returned,Returning
O104918,2026-08-17,C1141,Customer 1141,Female,48,Ahmedabad,Gujarat,West,P2085,Fitness Product 2085,Sports,Fitness,1,48108.22,0.15,40891.99,UPI,Completed,Returning
O104919,2025-08-23,C1254,Customer 1254,Male,58,Thrissur,Kerala,South,P2097,Footwear Product 2097,Fashion,Footwear,2,70862.68,0,141725.36,Debit Card,Completed,Returning
O104920,2026-01-22,C1043,Customer 1043,Female,51,Warangal,Telangana,South,P2032,Mobiles Product 2032,Electronics,Mobiles,1,7978.59,0,7978.59,Debit Card,Completed,Returning
O104921,2025-02-07,C1017,Customer 1017,Female,21,New Delhi,Delhi,North,P2052,Laptops Product 2052,Electronics,Laptops,1,54024.37,0.1,48621.93,Debit Card,Completed,Returning
O104922,2025-06-10,C1063,Customer 1063,Male,32,Ahmedabad,Gujarat,West,P2083,Mobiles Product 2083,Electronics,Mobiles,1,2853.83,0.2,2283.06,Net Banking,Returned,Returning
O104923,2026-04-07,C1253,Customer 1253,Female,38,Udaipur,Rajasthan,North,P2097,Footwear Product 2097,Fashion,Footwear,2,70862.68,0.05,134639.09,Debit Card,Completed,Returning
O104924,2026-03-25,C1465,Customer 1465,Female,41,Patna,Bihar,East,P2028,Furniture Product 2028,Home & Kitchen,Furniture,2,29619.27,0.05,56276.61,Credit Card,Completed,Returning
O104925,2025-04-27,C1376,Customer 1376,Female,22,Pune,Maharashtra,West,P2095,Skincare Product 2095,Beauty,Skincare,3,33448.14,0.15,85292.76,Net Banking,Completed,Returning
O104926,2025-08-29,C1292,Customer 1292,Male,29,Chennai,Tamil Nadu,South,P2085,Fitness Product 2085,Sports,Fitness,1,48108.22,0.1,43297.4,Debit Card,Completed,Returning
O104927,2025-01-26,C1469,Customer 1469,Male,42,Kolkata,West Bengal,East,P2098,Women Product 2098,Fashion,Women,1,18537.8,0.1,16684.02,UPI,Completed,New
O104928,2026-07-16,C1008,Customer 1008,Male,50,Kozhikode,Kerala,South,P2064,Furniture Product 2064,Home & Kitchen,Furniture,4,47477.55,0,189910.2,Credit Card,Completed,Returning
O104929,2025-10-25,C1325,Customer 1325,Female,29,Mangaluru,Karnataka,South,P2079,Laptops Product 2079,Electronics,Laptops,1,12821.16,0,12821.16,Debit Card,Completed,Returning
O104930,2025-06-03,C1090,Customer 1090,Female,35,Mysuru,Karnataka,South,P2078,Accessories Product 2078,Electronics,Accessories,1,71159.18,0.05,67601.22,Credit Card,Completed,Returning
O104931,2026-04-13,C1208,Customer 1208,Female,40,Vadodara,Gujarat,West,P2019,Accessories Product 2019,Electronics,Accessories,1,34190.91,0,34190.91,Cash on Delivery,Completed,Returning
O104932,2025-02-18,C1292,Customer 1292,Male,29,Chennai,Tamil Nadu,South,P2015,Furniture Product 2015,Home & Kitchen,Furniture,3,17477.61,0.25,39324.62,UPI,Cancelled,Returning
O104933,2025-02-15,C1284,Customer 1284,Male,34,Vadodara,Gujarat,West,P2006,Accessories Product 2006,Electronics,Accessories,3,33608.93,0,100826.79,Debit Card,Completed,Returning
O104934,2025-10-12,C1118,Customer 1118,Female,20,Patna,Bihar,East,P2073,Mobiles Product 2073,Electronics,Mobiles,1,58078.44,0.1,52270.6,Net Banking,Completed,Returning
O104935,2025-03-23,C1349,Customer 1349,Female,50,Jaipur,Rajasthan,North,P2084,Fitness Product 2084,Sports,Fitness,1,39978.36,0.1,35980.52,Debit Card,Returned,Returning
O104936,2025-02-13,C1175,Customer 1175,Female,43,Madurai,Tamil Nadu,South,P2098,Women Product 2098,Fashion,Women,2,18537.8,0.05,35221.82,Credit Card,Completed,Returning
O104937,2025-09-30,C1076,Customer 1076,Female,20,Hyderabad,Telangana,South,P2038,Accessories Product 2038,Electronics,Accessories,4,15304.17,0.2,48973.34,Credit Card,Completed,Returning
O104938,2026-01-29,C1101,Customer 1101,Male,45,Kozhikode,Kerala,South,P2026,Furniture Product 2026,Home & Kitchen,Furniture,1,59877.66,0.15,50896.01,Debit Card,Completed,Returning
O104939,2026-08-18,C1414,Customer 1414,Male,43,New Delhi,Delhi,North,P2082,Makeup Product 2082,Beauty,Makeup,3,65159.86,0.25,146609.68,Credit Card,Completed,Returning
O104940,2025-02-27,C1151,Customer 1151,Male,48,New Delhi,Delhi,North,P2092,Footwear Product 2092,Fashion,Footwear,1,2539.03,0,2539.03,Cash on Delivery,Completed,New
O104941,2026-07-19,C1400,Customer 1400,Male,57,Patna,Bihar,East,P2051,Makeup Product 2051,Beauty,Makeup,1,3561.53,0,3561.53,UPI,Completed,Returning
O104942,2025-01-01,C1270,Customer 1270,Male,25,Cuttack,Odisha,East,P2073,Mobiles Product 2073,Electronics,Mobiles,1,58078.44,0,58078.44,Debit Card,Completed,New
O104943,2025-08-04,C1458,Customer 1458,Female,36,Nagpur,Maharashtra,West,P2096,Outdoor Product 2096,Sports,Outdoor,1,19371.4,0.05,18402.83,UPI,Completed,Returning
O104944,2025-11-13,C1071,Customer 1071,Female,45,Madurai,Tamil Nadu,South,P2053,Mobiles Product 2053,Electronics,Mobiles,1,37147.78,0.05,35290.39,Credit Card,Completed,Returning
O104945,2025-08-16,C1493,Customer 1493,Male,32,New Delhi,Delhi,North,P2056,Fitness Product 2056,Sports,Fitness,4,65159.96,0.2,208511.87,Debit Card,Completed,Returning
O104946,2026-04-18,C1180,Customer 1180,Male,32,Nagpur,Maharashtra,West,P2059,Mobiles Product 2059,Electronics,Mobiles,1,38695.49,0.05,36760.72,UPI,Completed,Returning
O104947,2026-04-29,C1124,Customer 1124,Male,21,Kozhikode,Kerala,South,P2070,Men Product 2070,Fashion,Men,1,49797.81,0.2,39838.25,Debit Card,Completed,Returning
O104948,2025-10-14,C1381,Customer 1381,Female,49,Jaipur,Rajasthan,North,P2078,Accessories Product 2078,Electronics,Accessories,1,71159.18,0.1,64043.26,UPI,Completed,Returning
O104949,2026-05-26,C1293,Customer 1293,Male,51,Coimbatore,Tamil Nadu,South,P2092,Footwear Product 2092,Fashion,Footwear,3,2539.03,0.1,6855.38,Debit Card,Completed,Returning
O104950,2026-08-01,C1285,Customer 1285,Female,50,New Delhi,Delhi,North,P2058,Women Product 2058,Fashion,Women,4,74077.42,0.05,281494.2,Credit Card,Completed,Returning
O104951,2026-04-03,C1195,Customer 1195,Male,38,Cuttack,Odisha,East,P2088,Men Product 2088,Fashion,Men,1,36148.31,0,36148.31,UPI,Cancelled,Returning
O104952,2025-04-05,C1399,Customer 1399,Female,53,Jodhpur,Rajasthan,North,P2013,Appliances Product 2013,Home & Kitchen,Appliances,1,72349.68,0.2,57879.74,UPI,Completed,Returning
O104953,2026-05-08,C1228,Customer 1228,Female,32,New Delhi,Delhi,North,P2043,Furniture Product 2043,Home & Kitchen,Furniture,1,47010.26,0,47010.26,Debit Card,Cancelled,Returning
O104954,2025-05-30,C1431,Customer 1431,Male,22,Vadodara,Gujarat,West,P2076,Laptops Product 2076,Electronics,Laptops,1,33823.68,0.15,28750.13,Credit Card,Completed,Returning
O104955,2025-01-23,C1430,Customer 1430,Female,44,Vadodara,Gujarat,West,P2051,Makeup Product 2051,Beauty,Makeup,1,3561.53,0.1,3205.38,UPI,Returned,New
O104956,2025-08-03,C1436,Customer 1436,Female,51,Mangaluru,Karnataka,South,P2019,Accessories Product 2019,Electronics,Accessories,2,34190.91,0.2,54705.46,Net Banking,Completed,Returning
O104957,2026-02-03,C1275,Customer 1275,Male,30,Cuttack,Odisha,East,P2021,Mobiles Product 2021,Electronics,Mobiles,2,68414.15,0.15,116304.06,UPI,Completed,Returning
O104958,2026-02-14,C1461,Customer 1461,Female,20,Vadodara,Gujarat,West,P2091,Accessories Product 2091,Electronics,Accessories,2,36816.84,0.05,69952,Debit Card,Completed,Returning
O104959,2025-05-11,C1106,Customer 1106,Female,52,Mysuru,Karnataka,South,P2083,Mobiles Product 2083,Electronics,Mobiles,1,2853.83,0.1,2568.45,Credit Card,Completed,Returning
O104960,2025-05-28,C1021,Customer 1021,Female,52,Lucknow,Uttar Pradesh,North,P2024,Men Product 2024,Fashion,Men,1,15279.2,0,15279.2,UPI,Completed,Returning
O104961,2026-01-16,C1064,Customer 1064,Male,49,Hyderabad,Telangana,South,P2026,Furniture Product 2026,Home & Kitchen,Furniture,2,59877.66,0.1,107779.79,UPI,Completed,Returning
O104962,2025-04-19,C1165,Customer 1165,Female,29,Warangal,Telangana,South,P2045,Laptops Product 2045,Electronics,Laptops,2,61352.14,0,122704.28,Debit Card,Completed,Returning
O104963,2026-07-06,C1027,Customer 1027,Female,44,Ahmedabad,Gujarat,West,P2028,Furniture Product 2028,Home & Kitchen,Furniture,1,29619.27,0.1,26657.34,UPI,Completed,Returning
O104964,2025-05-01,C1311,Customer 1311,Female,36,Madurai,Tamil Nadu,South,P2082,Makeup Product 2082,Beauty,Makeup,3,65159.86,0,195479.58,UPI,Completed,Returning
O104965,2025-10-22,C1500,Customer 1500,Female,37,Ahmedabad,Gujarat,West,P2100,Mobiles Product 2100,Electronics,Mobiles,1,51807.65,0.25,38855.74,Debit Card,Completed,Returning
O104966,2025-04-30,C1285,Customer 1285,Female,50,New Delhi,Delhi,North,P2029,Appliances Product 2029,Home & Kitchen,Appliances,1,54225.01,0.1,48802.51,Credit Card,Completed,Returning
O104967,2026-04-01,C1148,Customer 1148,Male,36,Jaipur,Rajasthan,North,P2017,Appliances Product 2017,Home & Kitchen,Appliances,1,35523.47,0.2,28418.78,UPI,Completed,Returning
O104968,2026-06-14,C1281,Customer 1281,Female,37,Patna,Bihar,East,P2068,Furniture Product 2068,Home & Kitchen,Furniture,4,37073.16,0,148292.64,Credit Card,Completed,Returning
O104969,2025-06-18,C1326,Customer 1326,Female,49,Mysuru,Karnataka,South,P2044,Makeup Product 2044,Beauty,Makeup,1,61167.44,0.1,55050.7,Debit Card,Returned,Returning
O104970,2025-05-23,C1319,Customer 1319,Male,54,Coimbatore,Tamil Nadu,South,P2061,Women Product 2061,Fashion,Women,4,44949.95,0.05,170809.81,Credit Card,Completed,Returning
O104971,2025-02-06,C1164,Customer 1164,Female,55,Chennai,Tamil Nadu,South,P2093,Furniture Product 2093,Home & Kitchen,Furniture,1,15378.45,0.1,13840.61,Debit Card,Returned,Returning
O104972,2025-09-18,C1386,Customer 1386,Female,40,Kochi,Kerala,South,P2068,Furniture Product 2068,Home & Kitchen,Furniture,1,37073.16,0.2,29658.53,Cash on Delivery,Completed,Returning
O104973,2025-08-19,C1406,Customer 1406,Female,24,Bengaluru,Karnataka,South,P2074,Mobiles Product 2074,Electronics,Mobiles,2,18005.98,0.25,27008.97,Credit Card,Completed,Returning
O104974,2025-09-11,C1224,Customer 1224,Female,29,Patna,Bihar,East,P2025,Footwear Product 2025,Fashion,Footwear,1,48968.5,0.05,46520.08,UPI,Completed,Returning
O104975,2025-11-25,C1272,Customer 1272,Female,40,Mysuru,Karnataka,South,P2095,Skincare Product 2095,Beauty,Skincare,1,33448.14,0.2,26758.51,UPI,Completed,Returning
O104976,2025-10-24,C1146,Customer 1146,Male,54,Salem,Tamil Nadu,South,P2067,Laptops Product 2067,Electronics,Laptops,1,38592.36,0.15,32803.51,UPI,Completed,Returning
O104977,2025-01-10,C1453,Customer 1453,Female,46,Patna,Bihar,East,P2002,Sportswear Product 2002,Sports,Sportswear,3,72675.18,0.25,163519.15,UPI,Completed,New
O104978,2026-03-22,C1438,Customer 1438,Female,40,Pune,Maharashtra,West,P2089,Women Product 2089,Fashion,Women,2,71400.34,0.1,128520.61,UPI,Completed,Returning
O104979,2025-08-18,C1356,Customer 1356,Male,29,Jaipur,Rajasthan,North,P2049,Appliances Product 2049,Home & Kitchen,Appliances,1,16675.28,0.25,12506.46,Debit Card,Completed,Returning
O104980,2026-06-20,C1030,Customer 1030,Female,26,Bhubaneswar,Odisha,East,P2070,Men Product 2070,Fashion,Men,1,49797.81,0.2,39838.25,UPI,Completed,Returning
O104981,2025-03-19,C1045,Customer 1045,Female,41,Cuttack,Odisha,East,P2026,Furniture Product 2026,Home & Kitchen,Furniture,2,59877.66,0,119755.32,Debit Card,Returned,Returning
O104982,2026-03-01,C1275,Customer 1275,Male,30,Cuttack,Odisha,East,P2072,Outdoor Product 2072,Sports,Outdoor,1,64391.57,0.05,61171.99,Credit Card,Completed,Returning
O104983,2025-07-12,C1471,Customer 1471,Male,43,Kolkata,West Bengal,East,P2099,Sportswear Product 2099,Sports,Sportswear,1,42924.55,0.05,40778.32,Cash on Delivery,Completed,Returning
O104984,2026-02-05,C1034,Customer 1034,Female,27,Jaipur,Rajasthan,North,P2027,Kitchen Product 2027,Home & Kitchen,Kitchen,1,11473.67,0.1,10326.3,Credit Card,Completed,Returning
O104985,2025-04-19,C1141,Customer 1141,Female,48,Ahmedabad,Gujarat,West,P2089,Women Product 2089,Fashion,Women,2,71400.34,0.15,121380.58,Net Banking,Completed,Returning
O104986,2025-09-20,C1427,Customer 1427,Male,23,Kanpur,Uttar Pradesh,North,P2018,Women Product 2018,Fashion,Women,1,15516.48,0.15,13189.01,Net Banking,Completed,Returning
O104987,2025-11-25,C1318,Customer 1318,Male,32,Kozhikode,Kerala,South,P2054,Accessories Product 2054,Electronics,Accessories,2,51113.05,0.15,86892.18,Cash on Delivery,Completed,Returning
O104988,2025-12-29,C1374,Customer 1374,Female,45,Pune,Maharashtra,West,P2001,Accessories Product 2001,Electronics,Accessories,2,63975.38,0.05,121553.22,Credit Card,Completed,Returning
O104989,2026-01-13,C1221,Customer 1221,Male,37,Patna,Bihar,East,P2061,Women Product 2061,Fashion,Women,4,44949.95,0,179799.8,Credit Card,Completed,Returning
O104990,2025-12-07,C1356,Customer 1356,Male,29,Jaipur,Rajasthan,North,P2003,Makeup Product 2003,Beauty,Makeup,3,44701.37,0,134104.11,Credit Card,Completed,Returning
O104991,2025-09-16,C1022,Customer 1022,Male,28,Coimbatore,Tamil Nadu,South,P2068,Furniture Product 2068,Home & Kitchen,Furniture,1,37073.16,0.15,31512.19,Credit Card,Completed,Returning
O104992,2025-12-01,C1180,Customer 1180,Male,32,Nagpur,Maharashtra,West,P2041,Accessories Product 2041,Electronics,Accessories,2,2659.49,0,5318.98,UPI,Completed,Returning
O104993,2025-03-26,C1436,Customer 1436,Female,51,Mangaluru,Karnataka,South,P2037,Haircare Product 2037,Beauty,Haircare,4,29950.17,0.05,113810.65,UPI,Completed,New
O104994,2026-06-06,C1367,Customer 1367,Female,59,Mangaluru,Karnataka,South,P2051,Makeup Product 2051,Beauty,Makeup,2,3561.53,0.1,6410.75,UPI,Completed,Returning
O104995,2026-07-25,C1420,Customer 1420,Female,30,Madurai,Tamil Nadu,South,P2015,Furniture Product 2015,Home & Kitchen,Furniture,1,17477.61,0,17477.61,UPI,Completed,Returning
O104996,2025-11-04,C1329,Customer 1329,Female,20,Salem,Tamil Nadu,South,P2008,Mobiles Product 2008,Electronics,Mobiles,1,12522.7,0,12522.7,UPI,Completed,Returning
O104997,2025-09-19,C1231,Customer 1231,Female,46,Kolkata,West Bengal,East,P2038,Accessories Product 2038,Electronics,Accessories,3,15304.17,0,45912.51,Credit Card,Completed,Returning
O104998,2026-03-28,C1499,Customer 1499,Male,60,Surat,Gujarat,West,P2083,Mobiles Product 2083,Electronics,Mobiles,1,2853.83,0.25,2140.37,UPI,Completed,Returning
O104999,2025-09-08,C1403,Customer 1403,Male,34,Mumbai,Maharashtra,West,P2056,Fitness Product 2056,Sports,Fitness,1,65159.96,0,65159.96,Credit Card,Completed,Returning
O105000,2025-11-20,C1038,Customer 1038,Male,42,Nagpur,Maharashtra,West,P2047,Laptops Product 2047,Electronics,Laptops,2,6397.76,0.2,10236.42,Net Banking,Completed,Returning
O100501,2026-08-29,C1499,Customer 1499,Male,60,Surat,Gujarat,West,P2007,Mobiles Product 2007,Electronics,Mobiles,2,70839.48,0,141678.96,Cash on Delivery,Completed,Returning
